ISO-10303-21;
HEADER;
/* Generated by software containing ST-Developer
 * from STEP Tools, Inc. (www.steptools.com) 
 */
/* OPTION: using custom renumber hook */

FILE_DESCRIPTION(
/* description */ ('STEP AP242 Edition 2',
'CAx-IF Rec.Pracs.---Representation and Presentation of Product Manufa
cturing Information (PMI)---4.0---2014-10-13',
'CAx-IF Rec.Pracs.---3D Tessellated Geometry---0.4---2014-09-14','2;1',
'CAx-IF Rec.Pracs.---User Defined Attributes---1.5---2016-08-15'),
/* implementation_level */ '2;1');

FILE_NAME(
/* name */ 'Assembly 1 - color_sensor_holder',
/* time_stamp */ '2026-08-18T11:49:10Z',
/* author */ (''),
/* organization */ (''),
/* preprocessor_version */ 'ST-DEVELOPER v20',
/* originating_system */ 'ONSHAPE BY PTC INC, 1.219',
/* authorisation */ '  ');

FILE_SCHEMA (('AP242_MANAGED_MODEL_BASED_3D_ENGINEERING_MIM_LF { 1 0 10303 442 3 1 4 }'));
ENDSEC;

DATA;
#10=SHAPE_REPRESENTATION_RELATIONSHIP('','',#1361,#11);
#11=ADVANCED_BREP_SHAPE_REPRESENTATION('',(#1359),#2869);
#12=CYLINDRICAL_SURFACE('',#1395,0.002);
#13=CYLINDRICAL_SURFACE('',#1396,0.002);
#14=CYLINDRICAL_SURFACE('',#1400,0.0016);
#15=CYLINDRICAL_SURFACE('',#1403,0.0016);
#16=CYLINDRICAL_SURFACE('',#1407,0.0016);
#17=CYLINDRICAL_SURFACE('',#1410,0.0016);
#18=B_SPLINE_SURFACE_WITH_KNOTS('',5,1,((#2346,#2347),(#2348,#2349),(#2350,
#2351),(#2352,#2353),(#2354,#2355),(#2356,#2357),(#2358,#2359),(#2360,#2361)),
 .SURF_OF_LINEAR_EXTRUSION.,.F.,.F.,.F.,(6,2,6),(2,2),(0.,0.5,1.),(0.,1.),
 .UNSPECIFIED.);
#19=B_SPLINE_SURFACE_WITH_KNOTS('',5,1,((#2362,#2363),(#2364,#2365),(#2366,
#2367),(#2368,#2369),(#2370,#2371),(#2372,#2373),(#2374,#2375),(#2376,#2377)),
 .SURF_OF_LINEAR_EXTRUSION.,.F.,.F.,.F.,(6,2,6),(2,2),(0.,0.5,1.),(0.,1.),
 .UNSPECIFIED.);
#20=B_SPLINE_SURFACE_WITH_KNOTS('',5,1,((#2437,#2438),(#2439,#2440),(#2441,
#2442),(#2443,#2444),(#2445,#2446),(#2447,#2448),(#2449,#2450),(#2451,#2452)),
 .SURF_OF_LINEAR_EXTRUSION.,.F.,.F.,.F.,(6,2,6),(2,2),(0.,0.5,1.),(0.,1.),
 .UNSPECIFIED.);
#21=B_SPLINE_SURFACE_WITH_KNOTS('',5,1,((#2453,#2454),(#2455,#2456),(#2457,
#2458),(#2459,#2460),(#2461,#2462),(#2463,#2464),(#2465,#2466),(#2467,#2468)),
 .SURF_OF_LINEAR_EXTRUSION.,.F.,.F.,.F.,(6,2,6),(2,2),(0.,0.5,1.),(0.,1.),
 .UNSPECIFIED.);
#22=B_SPLINE_SURFACE_WITH_KNOTS('',5,1,((#2469,#2470),(#2471,#2472),(#2473,
#2474),(#2475,#2476),(#2477,#2478),(#2479,#2480),(#2481,#2482),(#2483,#2484)),
 .SURF_OF_LINEAR_EXTRUSION.,.F.,.F.,.F.,(6,2,6),(2,2),(0.,0.5,1.),(0.,1.),
 .UNSPECIFIED.);
#23=B_SPLINE_SURFACE_WITH_KNOTS('',5,1,((#2485,#2486),(#2487,#2488),(#2489,
#2490),(#2491,#2492),(#2493,#2494),(#2495,#2496),(#2497,#2498),(#2499,#2500)),
 .SURF_OF_LINEAR_EXTRUSION.,.F.,.F.,.F.,(6,2,6),(2,2),(0.,0.5,1.),(0.,1.),
 .UNSPECIFIED.);
#24=B_SPLINE_SURFACE_WITH_KNOTS('',5,1,((#2501,#2502),(#2503,#2504),(#2505,
#2506),(#2507,#2508),(#2509,#2510),(#2511,#2512),(#2513,#2514),(#2515,#2516)),
 .SURF_OF_LINEAR_EXTRUSION.,.F.,.F.,.F.,(6,2,6),(2,2),(0.,0.5,1.),(0.,1.),
 .UNSPECIFIED.);
#25=B_SPLINE_SURFACE_WITH_KNOTS('',5,1,((#2517,#2518),(#2519,#2520),(#2521,
#2522),(#2523,#2524),(#2525,#2526),(#2527,#2528),(#2529,#2530),(#2531,#2532)),
 .SURF_OF_LINEAR_EXTRUSION.,.F.,.F.,.F.,(6,2,6),(2,2),(0.,0.5,1.),(0.,1.),
 .UNSPECIFIED.);
#26=B_SPLINE_SURFACE_WITH_KNOTS('',5,1,((#2533,#2534),(#2535,#2536),(#2537,
#2538),(#2539,#2540),(#2541,#2542),(#2543,#2544),(#2545,#2546),(#2547,#2548)),
 .SURF_OF_LINEAR_EXTRUSION.,.F.,.F.,.F.,(6,2,6),(2,2),(0.,0.5,1.),(0.,1.),
 .UNSPECIFIED.);
#27=B_SPLINE_SURFACE_WITH_KNOTS('',5,1,((#2549,#2550),(#2551,#2552),(#2553,
#2554),(#2555,#2556),(#2557,#2558),(#2559,#2560),(#2561,#2562),(#2563,#2564)),
 .SURF_OF_LINEAR_EXTRUSION.,.F.,.F.,.F.,(6,2,6),(2,2),(0.,0.5,1.),(0.,1.),
 .UNSPECIFIED.);
#28=B_SPLINE_SURFACE_WITH_KNOTS('',5,1,((#2565,#2566),(#2567,#2568),(#2569,
#2570),(#2571,#2572),(#2573,#2574),(#2575,#2576),(#2577,#2578),(#2579,#2580)),
 .SURF_OF_LINEAR_EXTRUSION.,.F.,.F.,.F.,(6,2,6),(2,2),(0.,0.5,1.),(0.,1.),
 .UNSPECIFIED.);
#29=B_SPLINE_SURFACE_WITH_KNOTS('',5,1,((#2581,#2582),(#2583,#2584),(#2585,
#2586),(#2587,#2588),(#2589,#2590),(#2591,#2592),(#2593,#2594),(#2595,#2596)),
 .SURF_OF_LINEAR_EXTRUSION.,.F.,.F.,.F.,(6,2,6),(2,2),(0.,0.5,1.),(0.,1.),
 .UNSPECIFIED.);
#30=B_SPLINE_SURFACE_WITH_KNOTS('',5,1,((#2597,#2598),(#2599,#2600),(#2601,
#2602),(#2603,#2604),(#2605,#2606),(#2607,#2608),(#2609,#2610),(#2611,#2612)),
 .SURF_OF_LINEAR_EXTRUSION.,.F.,.F.,.F.,(6,2,6),(2,2),(0.,0.5,1.),(0.,1.),
 .UNSPECIFIED.);
#31=B_SPLINE_SURFACE_WITH_KNOTS('',5,1,((#2613,#2614),(#2615,#2616),(#2617,
#2618),(#2619,#2620),(#2621,#2622),(#2623,#2624),(#2625,#2626),(#2627,#2628)),
 .SURF_OF_LINEAR_EXTRUSION.,.F.,.F.,.F.,(6,2,6),(2,2),(0.,0.5,1.),(0.,1.),
 .UNSPECIFIED.);
#32=B_SPLINE_SURFACE_WITH_KNOTS('',5,1,((#2634,#2635),(#2636,#2637),(#2638,
#2639),(#2640,#2641),(#2642,#2643),(#2644,#2645),(#2646,#2647),(#2648,#2649)),
 .SURF_OF_LINEAR_EXTRUSION.,.F.,.F.,.F.,(6,2,6),(2,2),(0.,0.5,1.),(0.,1.),
 .UNSPECIFIED.);
#33=B_SPLINE_SURFACE_WITH_KNOTS('',5,1,((#2754,#2755),(#2756,#2757),(#2758,
#2759),(#2760,#2761),(#2762,#2763),(#2764,#2765),(#2766,#2767),(#2768,#2769)),
 .SURF_OF_LINEAR_EXTRUSION.,.F.,.F.,.F.,(6,2,6),(2,2),(0.,0.5,1.),(0.,1.),
 .UNSPECIFIED.);
#34=B_SPLINE_SURFACE_WITH_KNOTS('',5,1,((#2770,#2771),(#2772,#2773),(#2774,
#2775),(#2776,#2777),(#2778,#2779),(#2780,#2781),(#2782,#2783),(#2784,#2785)),
 .SURF_OF_LINEAR_EXTRUSION.,.F.,.F.,.F.,(6,2,6),(2,2),(0.,0.5,1.),(0.,1.),
 .UNSPECIFIED.);
#35=B_SPLINE_SURFACE_WITH_KNOTS('',5,1,((#2786,#2787),(#2788,#2789),(#2790,
#2791),(#2792,#2793),(#2794,#2795),(#2796,#2797),(#2798,#2799),(#2800,#2801)),
 .SURF_OF_LINEAR_EXTRUSION.,.F.,.F.,.F.,(6,2,6),(2,2),(0.,0.5,1.),(0.,1.),
 .UNSPECIFIED.);
#36=B_SPLINE_SURFACE_WITH_KNOTS('',5,1,((#2802,#2803),(#2804,#2805),(#2806,
#2807),(#2808,#2809),(#2810,#2811),(#2812,#2813),(#2814,#2815),(#2816,#2817)),
 .SURF_OF_LINEAR_EXTRUSION.,.F.,.F.,.F.,(6,2,6),(2,2),(0.,0.5,1.),(0.,1.),
 .UNSPECIFIED.);
#37=B_SPLINE_SURFACE_WITH_KNOTS('',5,1,((#2828,#2829),(#2830,#2831),(#2832,
#2833),(#2834,#2835),(#2836,#2837),(#2838,#2839),(#2840,#2841),(#2842,#2843)),
 .SURF_OF_LINEAR_EXTRUSION.,.F.,.F.,.F.,(6,2,6),(2,2),(0.,0.5,1.),(0.,1.),
 .UNSPECIFIED.);
#38=B_SPLINE_SURFACE_WITH_KNOTS('',5,1,((#2844,#2845),(#2846,#2847),(#2848,
#2849),(#2850,#2851),(#2852,#2853),(#2854,#2855),(#2856,#2857),(#2858,#2859)),
 .SURF_OF_LINEAR_EXTRUSION.,.F.,.F.,.F.,(6,2,6),(2,2),(0.,0.5,1.),(0.,1.),
 .UNSPECIFIED.);
#39=CIRCLE('',#1368,0.002);
#40=CIRCLE('',#1369,0.002);
#41=CIRCLE('',#1371,0.002);
#42=CIRCLE('',#1372,0.002);
#43=CIRCLE('',#1379,0.0016);
#44=CIRCLE('',#1380,0.0016);
#45=CIRCLE('',#1381,0.0016);
#46=CIRCLE('',#1382,0.0016);
#47=CIRCLE('',#1401,0.0016);
#48=CIRCLE('',#1404,0.0016);
#49=CIRCLE('',#1408,0.0016);
#50=CIRCLE('',#1411,0.0016);
#51=B_SPLINE_CURVE_WITH_KNOTS('',3,(#1654,#1655,#1656,#1657),
 .UNSPECIFIED.,.F.,.F.,(4,4),(0.,1.),.UNSPECIFIED.);
#52=B_SPLINE_CURVE_WITH_KNOTS('',3,(#1661,#1662,#1663,#1664),
 .UNSPECIFIED.,.F.,.F.,(4,4),(0.,1.),.UNSPECIFIED.);
#53=B_SPLINE_CURVE_WITH_KNOTS('',3,(#1669,#1670,#1671,#1672),
 .UNSPECIFIED.,.F.,.F.,(4,4),(0.,1.),.UNSPECIFIED.);
#54=B_SPLINE_CURVE_WITH_KNOTS('',3,(#1688,#1689,#1690,#1691),
 .UNSPECIFIED.,.F.,.F.,(4,4),(0.,1.),.UNSPECIFIED.);
#55=B_SPLINE_CURVE_WITH_KNOTS('',3,(#1695,#1696,#1697,#1698,#1699,#1700,
#1701),.UNSPECIFIED.,.F.,.F.,(4,1,1,1,4),(0.,0.000606337709440529,0.00121267541888106,
0.00181901312832159,0.00242535083776212),.UNSPECIFIED.);
#56=B_SPLINE_CURVE_WITH_KNOTS('',3,(#1711,#1712,#1713,#1714,#1715,#1716,
#1717),.UNSPECIFIED.,.F.,.F.,(4,1,1,1,4),(0.,0.000404344897929873,0.000808689795859745,
0.00121303469378962,0.00161737959171949),.UNSPECIFIED.);
#57=B_SPLINE_CURVE_WITH_KNOTS('',3,(#1721,#1722,#1723,#1724,#1725,#1726,
#1727,#1728,#1729,#1730,#1731,#1732,#1733,#1734,#1735,#1736,#1737,#1738,
#1739),.UNSPECIFIED.,.F.,.F.,(4,1,1,1,1,1,1,1,1,1,1,1,1,1,1,1,4),(0.,0.0625,
0.125,0.140625,0.15625,0.1875,0.25,0.375,0.5,0.625,0.75,0.8125,0.875,0.890625,
0.90625,0.9375,1.),.UNSPECIFIED.);
#58=B_SPLINE_CURVE_WITH_KNOTS('',3,(#1740,#1741,#1742,#1743,#1744,#1745,
#1746),.UNSPECIFIED.,.F.,.F.,(4,1,1,1,4),(0.,0.000404344897929858,0.000808689795859716,
0.00121303469378957,0.00161737959171943),.UNSPECIFIED.);
#59=B_SPLINE_CURVE_WITH_KNOTS('',3,(#1759,#1760,#1761,#1762,#1763,#1764,
#1765),.UNSPECIFIED.,.F.,.F.,(4,1,1,1,4),(0.,0.0020217244896493,0.00404344897929861,
0.00606517346894791,0.00808689795859721),.UNSPECIFIED.);
#60=B_SPLINE_CURVE_WITH_KNOTS('',3,(#1769,#1770,#1771,#1772),
 .UNSPECIFIED.,.F.,.F.,(4,4),(0.,1.),.UNSPECIFIED.);
#61=B_SPLINE_CURVE_WITH_KNOTS('',3,(#1776,#1777,#1778,#1779,#1780,#1781,
#1782,#1783,#1784,#1785,#1786,#1787,#1788,#1789,#1790,#1791,#1792,#1793,
#1794),.UNSPECIFIED.,.F.,.F.,(4,1,1,1,1,1,1,1,1,1,1,1,1,1,1,1,4),(0.,0.0625,
0.125,0.140625,0.15625,0.1875,0.25,0.375,0.5,0.625,0.75,0.8125,0.875,0.890625,
0.90625,0.9375,1.),.UNSPECIFIED.);
#62=B_SPLINE_CURVE_WITH_KNOTS('',3,(#1812,#1813,#1814,#1815,#1816,#1817,
#1818,#1819,#1820,#1821,#1822,#1823,#1824,#1825,#1826,#1827),
 .UNSPECIFIED.,.F.,.F.,(4,1,1,1,1,1,1,1,1,1,1,1,1,4),(0.,0.0625,0.125,0.15625,
0.1875,0.25,0.375,0.5,0.625,0.75,0.78125,0.8125,0.875,1.),.UNSPECIFIED.);
#63=B_SPLINE_CURVE_WITH_KNOTS('',3,(#1831,#1832,#1833,#1834,#1835,#1836,
#1837,#1838,#1839,#1840,#1841,#1842,#1843,#1844,#1845,#1846),
 .UNSPECIFIED.,.F.,.F.,(4,1,1,1,1,1,1,1,1,1,1,1,1,4),(0.,0.0625,0.125,0.15625,
0.1875,0.25,0.375,0.5,0.625,0.75,0.78125,0.8125,0.875,1.),.UNSPECIFIED.);
#64=B_SPLINE_CURVE_WITH_KNOTS('',3,(#1850,#1851,#1852,#1853,#1854,#1855,
#1856,#1857,#1858,#1859,#1860,#1861,#1862,#1863,#1864,#1865),
 .UNSPECIFIED.,.F.,.F.,(4,1,1,1,1,1,1,1,1,1,1,1,1,4),(0.,0.0625,0.125,0.15625,
0.1875,0.25,0.375,0.5,0.625,0.75,0.78125,0.8125,0.875,1.),.UNSPECIFIED.);
#65=B_SPLINE_CURVE_WITH_KNOTS('',3,(#1869,#1870,#1871,#1872,#1873,#1874,
#1875,#1876,#1877,#1878,#1879,#1880,#1881,#1882,#1883,#1884),
 .UNSPECIFIED.,.F.,.F.,(4,1,1,1,1,1,1,1,1,1,1,1,1,4),(0.,0.0625,0.125,0.15625,
0.1875,0.25,0.375,0.5,0.625,0.75,0.78125,0.8125,0.875,1.),.UNSPECIFIED.);
#66=B_SPLINE_CURVE_WITH_KNOTS('',3,(#1904,#1905,#1906,#1907,#1908,#1909,
#1910,#1911,#1912,#1913,#1914,#1915,#1916,#1917,#1918,#1919),
 .UNSPECIFIED.,.F.,.F.,(4,1,1,1,1,1,1,1,1,1,1,1,1,4),(0.,0.0625,0.125,0.15625,
0.1875,0.25,0.375,0.5,0.625,0.75,0.78125,0.8125,0.875,1.),.UNSPECIFIED.);
#67=B_SPLINE_CURVE_WITH_KNOTS('',3,(#1923,#1924,#1925,#1926,#1927,#1928,
#1929,#1930,#1931,#1932,#1933,#1934,#1935,#1936,#1937,#1938),
 .UNSPECIFIED.,.F.,.F.,(4,1,1,1,1,1,1,1,1,1,1,1,1,4),(0.,0.0625,0.125,0.15625,
0.1875,0.25,0.375,0.5,0.625,0.75,0.78125,0.8125,0.875,1.),.UNSPECIFIED.);
#68=B_SPLINE_CURVE_WITH_KNOTS('',3,(#1942,#1943,#1944,#1945,#1946,#1947,
#1948,#1949,#1950,#1951,#1952,#1953,#1954,#1955,#1956,#1957),
 .UNSPECIFIED.,.F.,.F.,(4,1,1,1,1,1,1,1,1,1,1,1,1,4),(0.,0.0625,0.125,0.15625,
0.1875,0.25,0.375,0.5,0.625,0.75,0.78125,0.8125,0.875,1.),.UNSPECIFIED.);
#69=B_SPLINE_CURVE_WITH_KNOTS('',3,(#1961,#1962,#1963,#1964,#1965,#1966,
#1967),.UNSPECIFIED.,.F.,.F.,(4,1,1,1,4),(0.,0.00121303469378958,0.00242606938757916,
0.00363910408136874,0.00485213877515832),.UNSPECIFIED.);
#70=B_SPLINE_CURVE_WITH_KNOTS('',3,(#1968,#1969,#1970,#1971),
 .UNSPECIFIED.,.F.,.F.,(4,4),(0.,1.),.UNSPECIFIED.);
#71=B_SPLINE_CURVE_WITH_KNOTS('',3,(#1975,#1976,#1977,#1978,#1979,#1980,
#1981),.UNSPECIFIED.,.F.,.F.,(4,1,1,1,4),(0.,0.00121303469378957,0.00242606938757915,
0.00363910408136872,0.0048521387751583),.UNSPECIFIED.);
#72=B_SPLINE_CURVE_WITH_KNOTS('',3,(#1985,#1986,#1987,#1988,#1989,#1990,
#1991,#1992,#1993,#1994,#1995,#1996,#1997,#1998,#1999,#2000),
 .UNSPECIFIED.,.F.,.F.,(4,1,1,1,1,1,1,1,1,1,1,1,1,4),(0.,0.0625,0.125,0.15625,
0.1875,0.25,0.375,0.5,0.625,0.75,0.78125,0.8125,0.875,1.),.UNSPECIFIED.);
#73=B_SPLINE_CURVE_WITH_KNOTS('',3,(#2008,#2009,#2010,#2011),
 .UNSPECIFIED.,.F.,.F.,(4,4),(0.,1.),.UNSPECIFIED.);
#74=B_SPLINE_CURVE_WITH_KNOTS('',3,(#2016,#2017,#2018,#2019,#2020,#2021,
#2022,#2023,#2024,#2025,#2026,#2027,#2028,#2029,#2030,#2031),
 .UNSPECIFIED.,.F.,.F.,(4,1,1,1,1,1,1,1,1,1,1,1,1,4),(0.,0.0625,0.125,0.15625,
0.1875,0.25,0.375,0.5,0.625,0.75,0.78125,0.8125,0.875,1.),.UNSPECIFIED.);
#75=B_SPLINE_CURVE_WITH_KNOTS('',3,(#2035,#2036,#2037,#2038,#2039,#2040,
#2041,#2042,#2043,#2044,#2045,#2046,#2047,#2048,#2049,#2050),
 .UNSPECIFIED.,.F.,.F.,(4,1,1,1,1,1,1,1,1,1,1,1,1,4),(0.,0.0625,0.125,0.15625,
0.1875,0.25,0.375,0.5,0.625,0.75,0.78125,0.8125,0.875,1.),.UNSPECIFIED.);
#76=B_SPLINE_CURVE_WITH_KNOTS('',3,(#2054,#2055,#2056,#2057,#2058,#2059,
#2060),.UNSPECIFIED.,.F.,.F.,(4,1,1,1,4),(0.,0.00121303469378957,0.00242606938757914,
0.00363910408136871,0.00485213877515828),.UNSPECIFIED.);
#77=B_SPLINE_CURVE_WITH_KNOTS('',3,(#2064,#2065,#2066,#2067),
 .UNSPECIFIED.,.F.,.F.,(4,4),(0.,1.),.UNSPECIFIED.);
#78=B_SPLINE_CURVE_WITH_KNOTS('',3,(#2068,#2069,#2070,#2071,#2072,#2073,
#2074),.UNSPECIFIED.,.F.,.F.,(4,1,1,1,4),(0.,0.00121303469378957,0.00242606938757914,
0.00363910408136872,0.00485213877515829),.UNSPECIFIED.);
#79=B_SPLINE_CURVE_WITH_KNOTS('',3,(#2078,#2079,#2080,#2081,#2082,#2083,
#2084,#2085,#2086,#2087,#2088,#2089,#2090,#2091,#2092,#2093),
 .UNSPECIFIED.,.F.,.F.,(4,1,1,1,1,1,1,1,1,1,1,1,1,4),(0.,0.0625,0.125,0.15625,
0.1875,0.25,0.375,0.5,0.625,0.75,0.78125,0.8125,0.875,1.),.UNSPECIFIED.);
#80=B_SPLINE_CURVE_WITH_KNOTS('',3,(#2097,#2098,#2099,#2100,#2101,#2102,
#2103,#2104,#2105,#2106,#2107,#2108,#2109,#2110,#2111,#2112),
 .UNSPECIFIED.,.F.,.F.,(4,1,1,1,1,1,1,1,1,1,1,1,1,4),(0.,0.0625,0.125,0.15625,
0.1875,0.25,0.375,0.5,0.625,0.75,0.78125,0.8125,0.875,1.),.UNSPECIFIED.);
#81=B_SPLINE_CURVE_WITH_KNOTS('',3,(#2115,#2116,#2117,#2118,#2119,#2120,
#2121),.UNSPECIFIED.,.F.,.F.,(4,1,1,1,4),(0.,0.00121303469378958,0.00242606938757916,
0.00363910408136874,0.00485213877515832),.UNSPECIFIED.);
#82=B_SPLINE_CURVE_WITH_KNOTS('',3,(#2125,#2126,#2127,#2128,#2129,#2130,
#2131),.UNSPECIFIED.,.F.,.F.,(4,1,1,1,4),(0.,0.00121303469378958,0.00242606938757915,
0.00363910408136873,0.0048521387751583),.UNSPECIFIED.);
#83=B_SPLINE_CURVE_WITH_KNOTS('',3,(#2135,#2136,#2137,#2138,#2139,#2140,
#2141),.UNSPECIFIED.,.F.,.F.,(4,1,1,1,4),(0.,0.00121303469378958,0.00242606938757917,
0.00363910408136875,0.00485213877515834),.UNSPECIFIED.);
#84=B_SPLINE_CURVE_WITH_KNOTS('',3,(#2145,#2146,#2147,#2148,#2149,#2150,
#2151),.UNSPECIFIED.,.F.,.F.,(4,1,1,1,4),(0.,0.00121303469378958,0.00242606938757916,
0.00363910408136874,0.00485213877515833),.UNSPECIFIED.);
#85=B_SPLINE_CURVE_WITH_KNOTS('',3,(#2157,#2158,#2159,#2160),
 .UNSPECIFIED.,.F.,.F.,(4,4),(0.,1.),.UNSPECIFIED.);
#86=B_SPLINE_CURVE_WITH_KNOTS('',3,(#2161,#2162,#2163,#2164),
 .UNSPECIFIED.,.F.,.F.,(4,4),(0.,1.),.UNSPECIFIED.);
#87=B_SPLINE_CURVE_WITH_KNOTS('',3,(#2166,#2167,#2168,#2169),
 .UNSPECIFIED.,.F.,.F.,(4,4),(0.,1.),.UNSPECIFIED.);
#88=B_SPLINE_CURVE_WITH_KNOTS('',3,(#2170,#2171,#2172,#2173),
 .UNSPECIFIED.,.F.,.F.,(4,4),(0.,1.),.UNSPECIFIED.);
#89=B_SPLINE_CURVE_WITH_KNOTS('',3,(#2178,#2179,#2180,#2181),
 .UNSPECIFIED.,.F.,.F.,(4,4),(0.,1.),.UNSPECIFIED.);
#90=B_SPLINE_CURVE_WITH_KNOTS('',3,(#2186,#2187,#2188,#2189,#2190,#2191,
#2192),.UNSPECIFIED.,.F.,.F.,(4,1,1,1,4),(0.,0.000404344897929857,0.000808689795859714,
0.00121303469378957,0.00161737959171943),.UNSPECIFIED.);
#91=B_SPLINE_CURVE_WITH_KNOTS('',3,(#2193,#2194,#2195,#2196,#2197,#2198,
#2199,#2200,#2201,#2202,#2203,#2204,#2205,#2206,#2207,#2208,#2209,#2210,
#2211),.UNSPECIFIED.,.F.,.F.,(4,1,1,1,1,1,1,1,1,1,1,1,1,1,1,1,4),(0.,0.0625,
0.125,0.140625,0.15625,0.1875,0.25,0.375,0.5,0.625,0.75,0.8125,0.875,0.890625,
0.90625,0.9375,1.),.UNSPECIFIED.);
#92=B_SPLINE_CURVE_WITH_KNOTS('',3,(#2215,#2216,#2217,#2218,#2219,#2220,
#2221),.UNSPECIFIED.,.F.,.F.,(4,1,1,1,4),(0.,0.000404344897929904,0.000808689795859808,
0.00121303469378971,0.00161737959171962),.UNSPECIFIED.);
#93=B_SPLINE_CURVE_WITH_KNOTS('',3,(#2225,#2226,#2227,#2228,#2229,#2230,
#2231),.UNSPECIFIED.,.F.,.F.,(4,1,1,1,4),(0.,0.000606517346894797,0.00121303469378959,
0.00181955204068439,0.00242606938757919),.UNSPECIFIED.);
#94=B_SPLINE_CURVE_WITH_KNOTS('',3,(#2236,#2237,#2238,#2239),
 .UNSPECIFIED.,.F.,.F.,(4,4),(0.,1.),.UNSPECIFIED.);
#95=B_SPLINE_CURVE_WITH_KNOTS('',3,(#2243,#2244,#2245,#2246),
 .UNSPECIFIED.,.F.,.F.,(4,4),(0.,1.),.UNSPECIFIED.);
#96=B_SPLINE_CURVE_WITH_KNOTS('',3,(#2252,#2253,#2254,#2255),
 .UNSPECIFIED.,.F.,.F.,(4,4),(0.,1.),.UNSPECIFIED.);
#97=B_SPLINE_CURVE_WITH_KNOTS('',3,(#2258,#2259,#2260,#2261),
 .UNSPECIFIED.,.F.,.F.,(4,4),(0.,1.),.UNSPECIFIED.);
#98=B_SPLINE_CURVE_WITH_KNOTS('',3,(#2265,#2266,#2267,#2268),
 .UNSPECIFIED.,.F.,.F.,(4,4),(0.,1.),.UNSPECIFIED.);
#99=B_SPLINE_CURVE_WITH_KNOTS('',3,(#2291,#2292,#2293,#2294),
 .UNSPECIFIED.,.F.,.F.,(4,4),(0.,1.),.UNSPECIFIED.);
#100=B_SPLINE_CURVE_WITH_KNOTS('',3,(#2295,#2296,#2297,#2298),
 .UNSPECIFIED.,.F.,.F.,(4,4),(0.,1.),.UNSPECIFIED.);
#101=B_SPLINE_CURVE_WITH_KNOTS('',3,(#2306,#2307,#2308,#2309,#2310,#2311,
#2312,#2313,#2314,#2315,#2316,#2317,#2318,#2319,#2320,#2321,#2322,#2323,
#2324),.UNSPECIFIED.,.F.,.F.,(4,1,1,1,1,1,1,1,1,1,1,1,1,1,1,1,4),(0.,0.0625,
0.125,0.140625,0.15625,0.1875,0.25,0.375,0.5,0.625,0.75,0.8125,0.875,0.890625,
0.90625,0.9375,1.),.UNSPECIFIED.);
#102=B_SPLINE_CURVE_WITH_KNOTS('',3,(#2325,#2326,#2327,#2328),
 .UNSPECIFIED.,.F.,.F.,(4,4),(0.,1.),.UNSPECIFIED.);
#103=B_SPLINE_CURVE_WITH_KNOTS('',3,(#2329,#2330,#2331,#2332,#2333,#2334,
#2335),.UNSPECIFIED.,.F.,.F.,(4,1,1,1,4),(0.,0.00202172448964928,0.00404344897929856,
0.00606517346894784,0.00808689795859712),.UNSPECIFIED.);
#104=B_SPLINE_CURVE_WITH_KNOTS('',3,(#2338,#2339,#2340,#2341),
 .UNSPECIFIED.,.F.,.F.,(4,4),(0.,1.),.UNSPECIFIED.);
#105=B_SPLINE_CURVE_WITH_KNOTS('',3,(#2342,#2343,#2344,#2345),
 .UNSPECIFIED.,.F.,.F.,(4,4),(0.,1.),.UNSPECIFIED.);
#106=B_SPLINE_CURVE_WITH_KNOTS('',3,(#2379,#2380,#2381,#2382),
 .UNSPECIFIED.,.F.,.F.,(4,4),(0.,1.),.UNSPECIFIED.);
#107=B_SPLINE_CURVE_WITH_KNOTS('',3,(#2383,#2384,#2385,#2386),
 .UNSPECIFIED.,.F.,.F.,(4,4),(0.,1.),.UNSPECIFIED.);
#108=B_SPLINE_CURVE_WITH_KNOTS('',3,(#2388,#2389,#2390,#2391),
 .UNSPECIFIED.,.F.,.F.,(4,4),(0.,1.),.UNSPECIFIED.);
#109=B_SPLINE_CURVE_WITH_KNOTS('',3,(#2392,#2393,#2394,#2395),
 .UNSPECIFIED.,.F.,.F.,(4,4),(0.,1.),.UNSPECIFIED.);
#110=B_SPLINE_CURVE_WITH_KNOTS('',3,(#2397,#2398,#2399,#2400),
 .UNSPECIFIED.,.F.,.F.,(4,4),(0.,1.),.UNSPECIFIED.);
#111=B_SPLINE_CURVE_WITH_KNOTS('',3,(#2401,#2402,#2403,#2404),
 .UNSPECIFIED.,.F.,.F.,(4,4),(0.,1.),.UNSPECIFIED.);
#112=B_SPLINE_CURVE_WITH_KNOTS('',3,(#2406,#2407,#2408,#2409),
 .UNSPECIFIED.,.F.,.F.,(4,4),(0.,1.),.UNSPECIFIED.);
#113=B_SPLINE_CURVE_WITH_KNOTS('',3,(#2410,#2411,#2412,#2413),
 .UNSPECIFIED.,.F.,.F.,(4,4),(0.,1.),.UNSPECIFIED.);
#114=B_SPLINE_CURVE_WITH_KNOTS('',3,(#2415,#2416,#2417,#2418),
 .UNSPECIFIED.,.F.,.F.,(4,4),(0.,1.),.UNSPECIFIED.);
#115=B_SPLINE_CURVE_WITH_KNOTS('',3,(#2420,#2421,#2422,#2423),
 .UNSPECIFIED.,.F.,.F.,(4,4),(0.,1.),.UNSPECIFIED.);
#116=B_SPLINE_CURVE_WITH_KNOTS('',3,(#2424,#2425,#2426,#2427),
 .UNSPECIFIED.,.F.,.F.,(4,4),(0.,1.),.UNSPECIFIED.);
#117=B_SPLINE_CURVE_WITH_KNOTS('',3,(#2429,#2430,#2431,#2432),
 .UNSPECIFIED.,.F.,.F.,(4,4),(0.,1.),.UNSPECIFIED.);
#118=B_SPLINE_CURVE_WITH_KNOTS('',3,(#2433,#2434,#2435,#2436),
 .UNSPECIFIED.,.F.,.F.,(4,4),(0.,1.),.UNSPECIFIED.);
#119=B_SPLINE_CURVE_WITH_KNOTS('',3,(#2630,#2631,#2632,#2633),
 .UNSPECIFIED.,.F.,.F.,(4,4),(0.,1.),.UNSPECIFIED.);
#120=B_SPLINE_CURVE_WITH_KNOTS('',3,(#2653,#2654,#2655,#2656),
 .UNSPECIFIED.,.F.,.F.,(4,4),(0.,1.),.UNSPECIFIED.);
#121=B_SPLINE_CURVE_WITH_KNOTS('',3,(#2660,#2661,#2662,#2663),
 .UNSPECIFIED.,.F.,.F.,(4,4),(0.,1.),.UNSPECIFIED.);
#122=B_SPLINE_CURVE_WITH_KNOTS('',3,(#2665,#2666,#2667,#2668),
 .UNSPECIFIED.,.F.,.F.,(4,4),(0.,1.),.UNSPECIFIED.);
#123=B_SPLINE_CURVE_WITH_KNOTS('',3,(#2690,#2691,#2692,#2693),
 .UNSPECIFIED.,.F.,.F.,(4,4),(0.,1.),.UNSPECIFIED.);
#124=B_SPLINE_CURVE_WITH_KNOTS('',3,(#2695,#2696,#2697,#2698),
 .UNSPECIFIED.,.F.,.F.,(4,4),(0.,1.),.UNSPECIFIED.);
#125=B_SPLINE_CURVE_WITH_KNOTS('',3,(#2699,#2700,#2701,#2702),
 .UNSPECIFIED.,.F.,.F.,(4,4),(0.,1.),.UNSPECIFIED.);
#126=B_SPLINE_CURVE_WITH_KNOTS('',3,(#2718,#2719,#2720,#2721),
 .UNSPECIFIED.,.F.,.F.,(4,4),(0.,1.),.UNSPECIFIED.);
#127=B_SPLINE_CURVE_WITH_KNOTS('',3,(#2727,#2728,#2729,#2730),
 .UNSPECIFIED.,.F.,.F.,(4,4),(0.,1.),.UNSPECIFIED.);
#128=B_SPLINE_CURVE_WITH_KNOTS('',3,(#2732,#2733,#2734,#2735),
 .UNSPECIFIED.,.F.,.F.,(4,4),(0.,1.),.UNSPECIFIED.);
#129=B_SPLINE_CURVE_WITH_KNOTS('',3,(#2739,#2740,#2741,#2742),
 .UNSPECIFIED.,.F.,.F.,(4,4),(0.,1.),.UNSPECIFIED.);
#130=B_SPLINE_CURVE_WITH_KNOTS('',3,(#2746,#2747,#2748,#2749),
 .UNSPECIFIED.,.F.,.F.,(4,4),(0.,1.),.UNSPECIFIED.);
#131=B_SPLINE_CURVE_WITH_KNOTS('',3,(#2750,#2751,#2752,#2753),
 .UNSPECIFIED.,.F.,.F.,(4,4),(0.,1.),.UNSPECIFIED.);
#132=B_SPLINE_CURVE_WITH_KNOTS('',3,(#2819,#2820,#2821,#2822),
 .UNSPECIFIED.,.F.,.F.,(4,4),(0.,1.),.UNSPECIFIED.);
#133=B_SPLINE_CURVE_WITH_KNOTS('',3,(#2824,#2825,#2826,#2827),
 .UNSPECIFIED.,.F.,.F.,(4,4),(0.,1.),.UNSPECIFIED.);
#134=ORIENTED_EDGE('',*,*,#532,.T.);
#135=ORIENTED_EDGE('',*,*,#533,.T.);
#136=ORIENTED_EDGE('',*,*,#534,.F.);
#137=ORIENTED_EDGE('',*,*,#535,.T.);
#138=ORIENTED_EDGE('',*,*,#536,.F.);
#139=ORIENTED_EDGE('',*,*,#537,.T.);
#140=ORIENTED_EDGE('',*,*,#538,.T.);
#141=ORIENTED_EDGE('',*,*,#539,.F.);
#142=ORIENTED_EDGE('',*,*,#540,.T.);
#143=ORIENTED_EDGE('',*,*,#541,.T.);
#144=ORIENTED_EDGE('',*,*,#542,.T.);
#145=ORIENTED_EDGE('',*,*,#543,.T.);
#146=ORIENTED_EDGE('',*,*,#544,.T.);
#147=ORIENTED_EDGE('',*,*,#545,.T.);
#148=ORIENTED_EDGE('',*,*,#546,.F.);
#149=ORIENTED_EDGE('',*,*,#547,.T.);
#150=ORIENTED_EDGE('',*,*,#548,.F.);
#151=ORIENTED_EDGE('',*,*,#549,.F.);
#152=ORIENTED_EDGE('',*,*,#550,.F.);
#153=ORIENTED_EDGE('',*,*,#551,.F.);
#154=ORIENTED_EDGE('',*,*,#552,.T.);
#155=ORIENTED_EDGE('',*,*,#553,.T.);
#156=ORIENTED_EDGE('',*,*,#554,.T.);
#157=ORIENTED_EDGE('',*,*,#534,.T.);
#158=ORIENTED_EDGE('',*,*,#555,.T.);
#159=ORIENTED_EDGE('',*,*,#556,.T.);
#160=ORIENTED_EDGE('',*,*,#541,.F.);
#161=ORIENTED_EDGE('',*,*,#557,.F.);
#162=ORIENTED_EDGE('',*,*,#558,.F.);
#163=ORIENTED_EDGE('',*,*,#559,.T.);
#164=ORIENTED_EDGE('',*,*,#560,.F.);
#165=ORIENTED_EDGE('',*,*,#561,.T.);
#166=ORIENTED_EDGE('',*,*,#562,.F.);
#167=ORIENTED_EDGE('',*,*,#563,.T.);
#168=ORIENTED_EDGE('',*,*,#564,.F.);
#169=ORIENTED_EDGE('',*,*,#565,.T.);
#170=ORIENTED_EDGE('',*,*,#536,.T.);
#171=ORIENTED_EDGE('',*,*,#566,.T.);
#172=ORIENTED_EDGE('',*,*,#567,.F.);
#173=ORIENTED_EDGE('',*,*,#568,.F.);
#174=ORIENTED_EDGE('',*,*,#569,.F.);
#175=ORIENTED_EDGE('',*,*,#570,.T.);
#176=ORIENTED_EDGE('',*,*,#571,.T.);
#177=ORIENTED_EDGE('',*,*,#572,.F.);
#178=ORIENTED_EDGE('',*,*,#573,.F.);
#179=ORIENTED_EDGE('',*,*,#574,.T.);
#180=ORIENTED_EDGE('',*,*,#575,.F.);
#181=ORIENTED_EDGE('',*,*,#576,.T.);
#182=ORIENTED_EDGE('',*,*,#577,.T.);
#183=ORIENTED_EDGE('',*,*,#578,.T.);
#184=ORIENTED_EDGE('',*,*,#579,.T.);
#185=ORIENTED_EDGE('',*,*,#580,.T.);
#186=ORIENTED_EDGE('',*,*,#581,.F.);
#187=ORIENTED_EDGE('',*,*,#548,.T.);
#188=ORIENTED_EDGE('',*,*,#582,.T.);
#189=ORIENTED_EDGE('',*,*,#583,.F.);
#190=ORIENTED_EDGE('',*,*,#584,.T.);
#191=ORIENTED_EDGE('',*,*,#585,.F.);
#192=ORIENTED_EDGE('',*,*,#586,.F.);
#193=ORIENTED_EDGE('',*,*,#587,.T.);
#194=ORIENTED_EDGE('',*,*,#588,.T.);
#195=ORIENTED_EDGE('',*,*,#589,.T.);
#196=ORIENTED_EDGE('',*,*,#590,.T.);
#197=ORIENTED_EDGE('',*,*,#591,.T.);
#198=ORIENTED_EDGE('',*,*,#592,.T.);
#199=ORIENTED_EDGE('',*,*,#593,.T.);
#200=ORIENTED_EDGE('',*,*,#594,.T.);
#201=ORIENTED_EDGE('',*,*,#595,.T.);
#202=ORIENTED_EDGE('',*,*,#596,.T.);
#203=ORIENTED_EDGE('',*,*,#562,.T.);
#204=ORIENTED_EDGE('',*,*,#597,.T.);
#205=ORIENTED_EDGE('',*,*,#598,.F.);
#206=ORIENTED_EDGE('',*,*,#599,.T.);
#207=ORIENTED_EDGE('',*,*,#600,.T.);
#208=ORIENTED_EDGE('',*,*,#601,.T.);
#209=ORIENTED_EDGE('',*,*,#602,.F.);
#210=ORIENTED_EDGE('',*,*,#603,.T.);
#211=ORIENTED_EDGE('',*,*,#604,.T.);
#212=ORIENTED_EDGE('',*,*,#549,.T.);
#213=ORIENTED_EDGE('',*,*,#581,.T.);
#214=ORIENTED_EDGE('',*,*,#605,.T.);
#215=ORIENTED_EDGE('',*,*,#606,.F.);
#216=ORIENTED_EDGE('',*,*,#607,.T.);
#217=ORIENTED_EDGE('',*,*,#608,.F.);
#218=ORIENTED_EDGE('',*,*,#609,.T.);
#219=ORIENTED_EDGE('',*,*,#610,.F.);
#220=ORIENTED_EDGE('',*,*,#611,.T.);
#221=ORIENTED_EDGE('',*,*,#612,.F.);
#222=ORIENTED_EDGE('',*,*,#613,.T.);
#223=ORIENTED_EDGE('',*,*,#564,.T.);
#224=ORIENTED_EDGE('',*,*,#614,.T.);
#225=ORIENTED_EDGE('',*,*,#615,.F.);
#226=ORIENTED_EDGE('',*,*,#616,.T.);
#227=ORIENTED_EDGE('',*,*,#617,.F.);
#228=ORIENTED_EDGE('',*,*,#618,.T.);
#229=ORIENTED_EDGE('',*,*,#619,.F.);
#230=ORIENTED_EDGE('',*,*,#550,.T.);
#231=ORIENTED_EDGE('',*,*,#604,.F.);
#232=ORIENTED_EDGE('',*,*,#620,.T.);
#233=ORIENTED_EDGE('',*,*,#621,.F.);
#234=ORIENTED_EDGE('',*,*,#622,.T.);
#235=ORIENTED_EDGE('',*,*,#623,.T.);
#236=ORIENTED_EDGE('',*,*,#624,.T.);
#237=ORIENTED_EDGE('',*,*,#625,.F.);
#238=ORIENTED_EDGE('',*,*,#626,.T.);
#239=ORIENTED_EDGE('',*,*,#627,.F.);
#240=ORIENTED_EDGE('',*,*,#628,.F.);
#241=ORIENTED_EDGE('',*,*,#621,.T.);
#242=ORIENTED_EDGE('',*,*,#629,.T.);
#243=ORIENTED_EDGE('',*,*,#579,.F.);
#244=ORIENTED_EDGE('',*,*,#630,.T.);
#245=ORIENTED_EDGE('',*,*,#623,.F.);
#246=ORIENTED_EDGE('',*,*,#631,.T.);
#247=ORIENTED_EDGE('',*,*,#577,.F.);
#248=ORIENTED_EDGE('',*,*,#632,.T.);
#249=ORIENTED_EDGE('',*,*,#633,.T.);
#250=ORIENTED_EDGE('',*,*,#634,.T.);
#251=ORIENTED_EDGE('',*,*,#635,.F.);
#252=ORIENTED_EDGE('',*,*,#543,.F.);
#253=ORIENTED_EDGE('',*,*,#636,.F.);
#254=ORIENTED_EDGE('',*,*,#637,.T.);
#255=ORIENTED_EDGE('',*,*,#532,.F.);
#256=ORIENTED_EDGE('',*,*,#638,.T.);
#257=ORIENTED_EDGE('',*,*,#639,.F.);
#258=ORIENTED_EDGE('',*,*,#640,.T.);
#259=ORIENTED_EDGE('',*,*,#641,.T.);
#260=ORIENTED_EDGE('',*,*,#628,.T.);
#261=ORIENTED_EDGE('',*,*,#642,.F.);
#262=ORIENTED_EDGE('',*,*,#583,.T.);
#263=ORIENTED_EDGE('',*,*,#643,.T.);
#264=ORIENTED_EDGE('',*,*,#644,.T.);
#265=ORIENTED_EDGE('',*,*,#645,.T.);
#266=ORIENTED_EDGE('',*,*,#646,.T.);
#267=ORIENTED_EDGE('',*,*,#647,.T.);
#268=ORIENTED_EDGE('',*,*,#648,.T.);
#269=ORIENTED_EDGE('',*,*,#649,.F.);
#270=ORIENTED_EDGE('',*,*,#650,.T.);
#271=ORIENTED_EDGE('',*,*,#560,.T.);
#272=ORIENTED_EDGE('',*,*,#651,.F.);
#273=ORIENTED_EDGE('',*,*,#652,.T.);
#274=ORIENTED_EDGE('',*,*,#653,.F.);
#275=ORIENTED_EDGE('',*,*,#654,.T.);
#276=ORIENTED_EDGE('',*,*,#655,.F.);
#277=ORIENTED_EDGE('',*,*,#567,.T.);
#278=ORIENTED_EDGE('',*,*,#656,.F.);
#279=ORIENTED_EDGE('',*,*,#657,.F.);
#280=ORIENTED_EDGE('',*,*,#658,.T.);
#281=ORIENTED_EDGE('',*,*,#659,.T.);
#282=ORIENTED_EDGE('',*,*,#660,.F.);
#283=ORIENTED_EDGE('',*,*,#661,.T.);
#284=ORIENTED_EDGE('',*,*,#662,.F.);
#285=ORIENTED_EDGE('',*,*,#663,.F.);
#286=ORIENTED_EDGE('',*,*,#664,.F.);
#287=ORIENTED_EDGE('',*,*,#665,.T.);
#288=ORIENTED_EDGE('',*,*,#546,.T.);
#289=ORIENTED_EDGE('',*,*,#666,.T.);
#290=ORIENTED_EDGE('',*,*,#633,.F.);
#291=ORIENTED_EDGE('',*,*,#667,.T.);
#292=ORIENTED_EDGE('',*,*,#668,.F.);
#293=ORIENTED_EDGE('',*,*,#669,.T.);
#294=ORIENTED_EDGE('',*,*,#670,.T.);
#295=ORIENTED_EDGE('',*,*,#657,.T.);
#296=ORIENTED_EDGE('',*,*,#671,.F.);
#297=ORIENTED_EDGE('',*,*,#538,.F.);
#298=ORIENTED_EDGE('',*,*,#672,.T.);
#299=ORIENTED_EDGE('',*,*,#612,.T.);
#300=ORIENTED_EDGE('',*,*,#673,.T.);
#301=ORIENTED_EDGE('',*,*,#598,.T.);
#302=ORIENTED_EDGE('',*,*,#674,.T.);
#303=ORIENTED_EDGE('',*,*,#649,.T.);
#304=ORIENTED_EDGE('',*,*,#539,.T.);
#305=ORIENTED_EDGE('',*,*,#671,.T.);
#306=ORIENTED_EDGE('',*,*,#656,.T.);
#307=ORIENTED_EDGE('',*,*,#566,.F.);
#308=ORIENTED_EDGE('',*,*,#553,.F.);
#309=ORIENTED_EDGE('',*,*,#675,.T.);
#310=ORIENTED_EDGE('',*,*,#639,.T.);
#311=ORIENTED_EDGE('',*,*,#676,.T.);
#312=ORIENTED_EDGE('',*,*,#638,.F.);
#313=ORIENTED_EDGE('',*,*,#535,.F.);
#314=ORIENTED_EDGE('',*,*,#554,.F.);
#315=ORIENTED_EDGE('',*,*,#676,.F.);
#316=ORIENTED_EDGE('',*,*,#643,.F.);
#317=ORIENTED_EDGE('',*,*,#582,.F.);
#318=ORIENTED_EDGE('',*,*,#547,.F.);
#319=ORIENTED_EDGE('',*,*,#667,.F.);
#320=ORIENTED_EDGE('',*,*,#591,.F.);
#321=ORIENTED_EDGE('',*,*,#677,.T.);
#322=ORIENTED_EDGE('',*,*,#606,.T.);
#323=ORIENTED_EDGE('',*,*,#678,.T.);
#324=ORIENTED_EDGE('',*,*,#608,.T.);
#325=ORIENTED_EDGE('',*,*,#679,.T.);
#326=ORIENTED_EDGE('',*,*,#589,.F.);
#327=ORIENTED_EDGE('',*,*,#680,.T.);
#328=ORIENTED_EDGE('',*,*,#600,.F.);
#329=ORIENTED_EDGE('',*,*,#681,.T.);
#330=ORIENTED_EDGE('',*,*,#610,.T.);
#331=ORIENTED_EDGE('',*,*,#682,.T.);
#332=ORIENTED_EDGE('',*,*,#575,.T.);
#333=ORIENTED_EDGE('',*,*,#683,.T.);
#334=ORIENTED_EDGE('',*,*,#625,.T.);
#335=ORIENTED_EDGE('',*,*,#684,.T.);
#336=ORIENTED_EDGE('',*,*,#642,.T.);
#337=ORIENTED_EDGE('',*,*,#627,.T.);
#338=ORIENTED_EDGE('',*,*,#685,.T.);
#339=ORIENTED_EDGE('',*,*,#573,.T.);
#340=ORIENTED_EDGE('',*,*,#615,.T.);
#341=ORIENTED_EDGE('',*,*,#686,.T.);
#342=ORIENTED_EDGE('',*,*,#595,.F.);
#343=ORIENTED_EDGE('',*,*,#687,.T.);
#344=ORIENTED_EDGE('',*,*,#617,.T.);
#345=ORIENTED_EDGE('',*,*,#688,.T.);
#346=ORIENTED_EDGE('',*,*,#593,.F.);
#347=ORIENTED_EDGE('',*,*,#689,.T.);
#348=ORIENTED_EDGE('',*,*,#674,.F.);
#349=ORIENTED_EDGE('',*,*,#597,.F.);
#350=ORIENTED_EDGE('',*,*,#561,.F.);
#351=ORIENTED_EDGE('',*,*,#650,.F.);
#352=ORIENTED_EDGE('',*,*,#565,.F.);
#353=ORIENTED_EDGE('',*,*,#613,.F.);
#354=ORIENTED_EDGE('',*,*,#672,.F.);
#355=ORIENTED_EDGE('',*,*,#537,.F.);
#356=ORIENTED_EDGE('',*,*,#601,.F.);
#357=ORIENTED_EDGE('',*,*,#682,.F.);
#358=ORIENTED_EDGE('',*,*,#609,.F.);
#359=ORIENTED_EDGE('',*,*,#680,.F.);
#360=ORIENTED_EDGE('',*,*,#596,.F.);
#361=ORIENTED_EDGE('',*,*,#686,.F.);
#362=ORIENTED_EDGE('',*,*,#614,.F.);
#363=ORIENTED_EDGE('',*,*,#563,.F.);
#364=ORIENTED_EDGE('',*,*,#599,.F.);
#365=ORIENTED_EDGE('',*,*,#673,.F.);
#366=ORIENTED_EDGE('',*,*,#611,.F.);
#367=ORIENTED_EDGE('',*,*,#681,.F.);
#368=ORIENTED_EDGE('',*,*,#590,.F.);
#369=ORIENTED_EDGE('',*,*,#679,.F.);
#370=ORIENTED_EDGE('',*,*,#607,.F.);
#371=ORIENTED_EDGE('',*,*,#677,.F.);
#372=ORIENTED_EDGE('',*,*,#594,.F.);
#373=ORIENTED_EDGE('',*,*,#688,.F.);
#374=ORIENTED_EDGE('',*,*,#616,.F.);
#375=ORIENTED_EDGE('',*,*,#687,.F.);
#376=ORIENTED_EDGE('',*,*,#592,.F.);
#377=ORIENTED_EDGE('',*,*,#678,.F.);
#378=ORIENTED_EDGE('',*,*,#618,.F.);
#379=ORIENTED_EDGE('',*,*,#689,.F.);
#380=ORIENTED_EDGE('',*,*,#574,.F.);
#381=ORIENTED_EDGE('',*,*,#685,.F.);
#382=ORIENTED_EDGE('',*,*,#626,.F.);
#383=ORIENTED_EDGE('',*,*,#683,.F.);
#384=ORIENTED_EDGE('',*,*,#580,.F.);
#385=ORIENTED_EDGE('',*,*,#629,.F.);
#386=ORIENTED_EDGE('',*,*,#620,.F.);
#387=ORIENTED_EDGE('',*,*,#605,.F.);
#388=ORIENTED_EDGE('',*,*,#578,.F.);
#389=ORIENTED_EDGE('',*,*,#631,.F.);
#390=ORIENTED_EDGE('',*,*,#622,.F.);
#391=ORIENTED_EDGE('',*,*,#630,.F.);
#392=ORIENTED_EDGE('',*,*,#576,.F.);
#393=ORIENTED_EDGE('',*,*,#684,.F.);
#394=ORIENTED_EDGE('',*,*,#624,.F.);
#395=ORIENTED_EDGE('',*,*,#632,.F.);
#396=ORIENTED_EDGE('',*,*,#641,.F.);
#397=ORIENTED_EDGE('',*,*,#690,.T.);
#398=ORIENTED_EDGE('',*,*,#551,.T.);
#399=ORIENTED_EDGE('',*,*,#619,.T.);
#400=ORIENTED_EDGE('',*,*,#552,.F.);
#401=ORIENTED_EDGE('',*,*,#690,.F.);
#402=ORIENTED_EDGE('',*,*,#640,.F.);
#403=ORIENTED_EDGE('',*,*,#675,.F.);
#404=ORIENTED_EDGE('',*,*,#602,.T.);
#405=ORIENTED_EDGE('',*,*,#572,.T.);
#406=ORIENTED_EDGE('',*,*,#603,.F.);
#407=ORIENTED_EDGE('',*,*,#584,.F.);
#408=ORIENTED_EDGE('',*,*,#646,.F.);
#409=ORIENTED_EDGE('',*,*,#691,.T.);
#410=ORIENTED_EDGE('',*,*,#692,.T.);
#411=ORIENTED_EDGE('',*,*,#693,.T.);
#412=ORIENTED_EDGE('',*,*,#648,.F.);
#413=ORIENTED_EDGE('',*,*,#694,.T.);
#414=ORIENTED_EDGE('',*,*,#695,.T.);
#415=ORIENTED_EDGE('',*,*,#668,.T.);
#416=ORIENTED_EDGE('',*,*,#658,.F.);
#417=ORIENTED_EDGE('',*,*,#696,.F.);
#418=ORIENTED_EDGE('',*,*,#697,.T.);
#419=ORIENTED_EDGE('',*,*,#698,.T.);
#420=ORIENTED_EDGE('',*,*,#659,.F.);
#421=ORIENTED_EDGE('',*,*,#698,.F.);
#422=ORIENTED_EDGE('',*,*,#699,.T.);
#423=ORIENTED_EDGE('',*,*,#700,.T.);
#424=ORIENTED_EDGE('',*,*,#660,.T.);
#425=ORIENTED_EDGE('',*,*,#700,.F.);
#426=ORIENTED_EDGE('',*,*,#701,.F.);
#427=ORIENTED_EDGE('',*,*,#702,.T.);
#428=ORIENTED_EDGE('',*,*,#661,.F.);
#429=ORIENTED_EDGE('',*,*,#702,.F.);
#430=ORIENTED_EDGE('',*,*,#703,.T.);
#431=ORIENTED_EDGE('',*,*,#696,.T.);
#432=ORIENTED_EDGE('',*,*,#704,.T.);
#433=ORIENTED_EDGE('',*,*,#705,.T.);
#434=ORIENTED_EDGE('',*,*,#644,.F.);
#435=ORIENTED_EDGE('',*,*,#670,.F.);
#436=ORIENTED_EDGE('',*,*,#697,.F.);
#437=ORIENTED_EDGE('',*,*,#703,.F.);
#438=ORIENTED_EDGE('',*,*,#701,.T.);
#439=ORIENTED_EDGE('',*,*,#699,.F.);
#440=ORIENTED_EDGE('',*,*,#692,.F.);
#441=ORIENTED_EDGE('',*,*,#706,.T.);
#442=ORIENTED_EDGE('',*,*,#704,.F.);
#443=ORIENTED_EDGE('',*,*,#669,.F.);
#444=ORIENTED_EDGE('',*,*,#695,.F.);
#445=ORIENTED_EDGE('',*,*,#707,.T.);
#446=ORIENTED_EDGE('',*,*,#662,.T.);
#447=ORIENTED_EDGE('',*,*,#708,.F.);
#448=ORIENTED_EDGE('',*,*,#709,.F.);
#449=ORIENTED_EDGE('',*,*,#710,.T.);
#450=ORIENTED_EDGE('',*,*,#663,.T.);
#451=ORIENTED_EDGE('',*,*,#710,.F.);
#452=ORIENTED_EDGE('',*,*,#711,.F.);
#453=ORIENTED_EDGE('',*,*,#712,.T.);
#454=ORIENTED_EDGE('',*,*,#664,.T.);
#455=ORIENTED_EDGE('',*,*,#712,.F.);
#456=ORIENTED_EDGE('',*,*,#713,.F.);
#457=ORIENTED_EDGE('',*,*,#714,.T.);
#458=ORIENTED_EDGE('',*,*,#655,.T.);
#459=ORIENTED_EDGE('',*,*,#715,.T.);
#460=ORIENTED_EDGE('',*,*,#716,.F.);
#461=ORIENTED_EDGE('',*,*,#557,.T.);
#462=ORIENTED_EDGE('',*,*,#717,.F.);
#463=ORIENTED_EDGE('',*,*,#718,.T.);
#464=ORIENTED_EDGE('',*,*,#651,.T.);
#465=ORIENTED_EDGE('',*,*,#559,.F.);
#466=ORIENTED_EDGE('',*,*,#653,.T.);
#467=ORIENTED_EDGE('',*,*,#719,.T.);
#468=ORIENTED_EDGE('',*,*,#720,.F.);
#469=ORIENTED_EDGE('',*,*,#721,.T.);
#470=ORIENTED_EDGE('',*,*,#665,.F.);
#471=ORIENTED_EDGE('',*,*,#714,.F.);
#472=ORIENTED_EDGE('',*,*,#722,.T.);
#473=ORIENTED_EDGE('',*,*,#708,.T.);
#474=ORIENTED_EDGE('',*,*,#720,.T.);
#475=ORIENTED_EDGE('',*,*,#723,.T.);
#476=ORIENTED_EDGE('',*,*,#717,.T.);
#477=ORIENTED_EDGE('',*,*,#558,.T.);
#478=ORIENTED_EDGE('',*,*,#716,.T.);
#479=ORIENTED_EDGE('',*,*,#724,.T.);
#480=ORIENTED_EDGE('',*,*,#709,.T.);
#481=ORIENTED_EDGE('',*,*,#722,.F.);
#482=ORIENTED_EDGE('',*,*,#713,.T.);
#483=ORIENTED_EDGE('',*,*,#711,.T.);
#484=ORIENTED_EDGE('',*,*,#706,.F.);
#485=ORIENTED_EDGE('',*,*,#691,.F.);
#486=ORIENTED_EDGE('',*,*,#645,.F.);
#487=ORIENTED_EDGE('',*,*,#705,.F.);
#488=ORIENTED_EDGE('',*,*,#707,.F.);
#489=ORIENTED_EDGE('',*,*,#694,.F.);
#490=ORIENTED_EDGE('',*,*,#647,.F.);
#491=ORIENTED_EDGE('',*,*,#693,.F.);
#492=ORIENTED_EDGE('',*,*,#723,.F.);
#493=ORIENTED_EDGE('',*,*,#719,.F.);
#494=ORIENTED_EDGE('',*,*,#652,.F.);
#495=ORIENTED_EDGE('',*,*,#718,.F.);
#496=ORIENTED_EDGE('',*,*,#724,.F.);
#497=ORIENTED_EDGE('',*,*,#715,.F.);
#498=ORIENTED_EDGE('',*,*,#654,.F.);
#499=ORIENTED_EDGE('',*,*,#721,.F.);
#500=ORIENTED_EDGE('',*,*,#635,.T.);
#501=ORIENTED_EDGE('',*,*,#725,.T.);
#502=ORIENTED_EDGE('',*,*,#544,.F.);
#503=ORIENTED_EDGE('',*,*,#540,.F.);
#504=ORIENTED_EDGE('',*,*,#556,.F.);
#505=ORIENTED_EDGE('',*,*,#726,.T.);
#506=ORIENTED_EDGE('',*,*,#636,.T.);
#507=ORIENTED_EDGE('',*,*,#542,.F.);
#508=ORIENTED_EDGE('',*,*,#634,.F.);
#509=ORIENTED_EDGE('',*,*,#666,.F.);
#510=ORIENTED_EDGE('',*,*,#545,.F.);
#511=ORIENTED_EDGE('',*,*,#725,.F.);
#512=ORIENTED_EDGE('',*,*,#637,.F.);
#513=ORIENTED_EDGE('',*,*,#726,.F.);
#514=ORIENTED_EDGE('',*,*,#555,.F.);
#515=ORIENTED_EDGE('',*,*,#533,.F.);
#516=ORIENTED_EDGE('',*,*,#585,.T.);
#517=ORIENTED_EDGE('',*,*,#727,.T.);
#518=ORIENTED_EDGE('',*,*,#569,.T.);
#519=ORIENTED_EDGE('',*,*,#728,.F.);
#520=ORIENTED_EDGE('',*,*,#586,.T.);
#521=ORIENTED_EDGE('',*,*,#728,.T.);
#522=ORIENTED_EDGE('',*,*,#568,.T.);
#523=ORIENTED_EDGE('',*,*,#729,.F.);
#524=ORIENTED_EDGE('',*,*,#729,.T.);
#525=ORIENTED_EDGE('',*,*,#571,.F.);
#526=ORIENTED_EDGE('',*,*,#730,.F.);
#527=ORIENTED_EDGE('',*,*,#587,.F.);
#528=ORIENTED_EDGE('',*,*,#730,.T.);
#529=ORIENTED_EDGE('',*,*,#570,.F.);
#530=ORIENTED_EDGE('',*,*,#727,.F.);
#531=ORIENTED_EDGE('',*,*,#588,.F.);
#532=EDGE_CURVE('',#731,#732,#865,.T.);
#533=EDGE_CURVE('',#732,#733,#51,.T.);
#534=EDGE_CURVE('',#734,#733,#866,.T.);
#535=EDGE_CURVE('',#734,#731,#52,.T.);
#536=EDGE_CURVE('',#735,#736,#867,.T.);
#537=EDGE_CURVE('',#735,#737,#53,.T.);
#538=EDGE_CURVE('',#737,#738,#868,.T.);
#539=EDGE_CURVE('',#736,#738,#869,.T.);
#540=EDGE_CURVE('',#739,#740,#870,.T.);
#541=EDGE_CURVE('',#740,#741,#871,.T.);
#542=EDGE_CURVE('',#741,#742,#872,.T.);
#543=EDGE_CURVE('',#742,#739,#873,.T.);
#544=EDGE_CURVE('',#740,#743,#874,.T.);
#545=EDGE_CURVE('',#743,#744,#54,.T.);
#546=EDGE_CURVE('',#745,#744,#875,.T.);
#547=EDGE_CURVE('',#745,#746,#55,.T.);
#548=EDGE_CURVE('',#747,#746,#876,.T.);
#549=EDGE_CURVE('',#748,#747,#877,.T.);
#550=EDGE_CURVE('',#749,#748,#878,.T.);
#551=EDGE_CURVE('',#750,#749,#879,.T.);
#552=EDGE_CURVE('',#750,#751,#56,.T.);
#553=EDGE_CURVE('',#751,#752,#880,.T.);
#554=EDGE_CURVE('',#752,#734,#57,.T.);
#555=EDGE_CURVE('',#733,#753,#58,.T.);
#556=EDGE_CURVE('',#753,#741,#881,.T.);
#557=EDGE_CURVE('',#754,#755,#882,.T.);
#558=EDGE_CURVE('',#756,#754,#883,.T.);
#559=EDGE_CURVE('',#756,#757,#884,.T.);
#560=EDGE_CURVE('',#758,#757,#885,.T.);
#561=EDGE_CURVE('',#758,#759,#59,.T.);
#562=EDGE_CURVE('',#760,#759,#886,.T.);
#563=EDGE_CURVE('',#760,#761,#60,.T.);
#564=EDGE_CURVE('',#762,#761,#887,.T.);
#565=EDGE_CURVE('',#762,#735,#61,.T.);
#566=EDGE_CURVE('',#736,#763,#888,.T.);
#567=EDGE_CURVE('',#755,#763,#889,.T.);
#568=EDGE_CURVE('',#764,#765,#890,.T.);
#569=EDGE_CURVE('',#766,#764,#891,.T.);
#570=EDGE_CURVE('',#766,#767,#892,.T.);
#571=EDGE_CURVE('',#767,#765,#893,.T.);
#572=EDGE_CURVE('',#768,#768,#39,.T.);
#573=EDGE_CURVE('',#769,#770,#894,.T.);
#574=EDGE_CURVE('',#769,#771,#62,.T.);
#575=EDGE_CURVE('',#772,#771,#895,.T.);
#576=EDGE_CURVE('',#772,#773,#63,.T.);
#577=EDGE_CURVE('',#773,#774,#896,.T.);
#578=EDGE_CURVE('',#774,#775,#64,.T.);
#579=EDGE_CURVE('',#775,#776,#897,.T.);
#580=EDGE_CURVE('',#776,#777,#65,.T.);
#581=EDGE_CURVE('',#747,#777,#898,.T.);
#582=EDGE_CURVE('',#746,#778,#899,.T.);
#583=EDGE_CURVE('',#770,#778,#900,.T.);
#584=EDGE_CURVE('',#779,#779,#40,.T.);
#585=EDGE_CURVE('',#780,#781,#901,.T.);
#586=EDGE_CURVE('',#782,#780,#902,.T.);
#587=EDGE_CURVE('',#782,#783,#903,.T.);
#588=EDGE_CURVE('',#783,#781,#904,.T.);
#589=EDGE_CURVE('',#784,#785,#905,.T.);
#590=EDGE_CURVE('',#785,#786,#66,.T.);
#591=EDGE_CURVE('',#786,#787,#906,.T.);
#592=EDGE_CURVE('',#787,#788,#67,.T.);
#593=EDGE_CURVE('',#788,#789,#907,.T.);
#594=EDGE_CURVE('',#789,#790,#68,.T.);
#595=EDGE_CURVE('',#790,#791,#908,.T.);
#596=EDGE_CURVE('',#791,#760,#69,.T.);
#597=EDGE_CURVE('',#759,#792,#70,.T.);
#598=EDGE_CURVE('',#793,#792,#909,.T.);
#599=EDGE_CURVE('',#793,#794,#71,.T.);
#600=EDGE_CURVE('',#794,#795,#910,.T.);
#601=EDGE_CURVE('',#795,#784,#72,.T.);
#602=EDGE_CURVE('',#796,#796,#41,.T.);
#603=EDGE_CURVE('',#797,#797,#42,.F.);
#604=EDGE_CURVE('',#798,#748,#911,.T.);
#605=EDGE_CURVE('',#777,#798,#73,.T.);
#606=EDGE_CURVE('',#799,#800,#912,.T.);
#607=EDGE_CURVE('',#799,#801,#74,.T.);
#608=EDGE_CURVE('',#802,#801,#913,.T.);
#609=EDGE_CURVE('',#802,#803,#75,.T.);
#610=EDGE_CURVE('',#804,#803,#914,.T.);
#611=EDGE_CURVE('',#804,#805,#76,.T.);
#612=EDGE_CURVE('',#806,#805,#915,.T.);
#613=EDGE_CURVE('',#806,#762,#77,.T.);
#614=EDGE_CURVE('',#761,#807,#78,.T.);
#615=EDGE_CURVE('',#808,#807,#916,.T.);
#616=EDGE_CURVE('',#808,#809,#79,.T.);
#617=EDGE_CURVE('',#810,#809,#917,.T.);
#618=EDGE_CURVE('',#810,#800,#80,.T.);
#619=EDGE_CURVE('',#749,#811,#918,.T.);
#620=EDGE_CURVE('',#798,#812,#81,.T.);
#621=EDGE_CURVE('',#813,#812,#919,.T.);
#622=EDGE_CURVE('',#813,#814,#82,.T.);
#623=EDGE_CURVE('',#814,#815,#920,.T.);
#624=EDGE_CURVE('',#815,#816,#83,.T.);
#625=EDGE_CURVE('',#817,#816,#921,.T.);
#626=EDGE_CURVE('',#817,#818,#84,.T.);
#627=EDGE_CURVE('',#819,#818,#922,.T.);
#628=EDGE_CURVE('',#811,#819,#923,.T.);
#629=EDGE_CURVE('',#812,#776,#85,.T.);
#630=EDGE_CURVE('',#775,#813,#86,.T.);
#631=EDGE_CURVE('',#814,#774,#87,.T.);
#632=EDGE_CURVE('',#773,#815,#88,.T.);
#633=EDGE_CURVE('',#820,#821,#924,.T.);
#634=EDGE_CURVE('',#821,#822,#89,.T.);
#635=EDGE_CURVE('',#739,#822,#925,.T.);
#636=EDGE_CURVE('',#823,#742,#926,.T.);
#637=EDGE_CURVE('',#823,#732,#90,.T.);
#638=EDGE_CURVE('',#731,#824,#91,.T.);
#639=EDGE_CURVE('',#825,#824,#927,.T.);
#640=EDGE_CURVE('',#825,#826,#92,.T.);
#641=EDGE_CURVE('',#826,#811,#928,.T.);
#642=EDGE_CURVE('',#770,#819,#929,.T.);
#643=EDGE_CURVE('',#778,#820,#93,.T.);
#644=EDGE_CURVE('',#827,#828,#930,.T.);
#645=EDGE_CURVE('',#828,#829,#94,.T.);
#646=EDGE_CURVE('',#829,#830,#931,.T.);
#647=EDGE_CURVE('',#830,#831,#95,.T.);
#648=EDGE_CURVE('',#831,#832,#932,.T.);
#649=EDGE_CURVE('',#833,#832,#933,.T.);
#650=EDGE_CURVE('',#833,#758,#96,.T.);
#651=EDGE_CURVE('',#834,#757,#934,.T.);
#652=EDGE_CURVE('',#834,#835,#97,.T.);
#653=EDGE_CURVE('',#836,#835,#935,.T.);
#654=EDGE_CURVE('',#836,#837,#98,.T.);
#655=EDGE_CURVE('',#755,#837,#936,.T.);
#656=EDGE_CURVE('',#838,#763,#937,.T.);
#657=EDGE_CURVE('',#827,#838,#938,.T.);
#658=EDGE_CURVE('',#839,#840,#939,.T.);
#659=EDGE_CURVE('',#840,#841,#43,.T.);
#660=EDGE_CURVE('',#842,#841,#940,.T.);
#661=EDGE_CURVE('',#842,#839,#44,.T.);
#662=EDGE_CURVE('',#843,#844,#45,.T.);
#663=EDGE_CURVE('',#845,#843,#941,.T.);
#664=EDGE_CURVE('',#846,#845,#46,.T.);
#665=EDGE_CURVE('',#846,#844,#942,.T.);
#666=EDGE_CURVE('',#744,#821,#99,.T.);
#667=EDGE_CURVE('',#820,#745,#100,.T.);
#668=EDGE_CURVE('',#847,#832,#943,.T.);
#669=EDGE_CURVE('',#847,#848,#944,.T.);
#670=EDGE_CURVE('',#848,#827,#945,.T.);
#671=EDGE_CURVE('',#738,#838,#946,.T.);
#672=EDGE_CURVE('',#737,#806,#101,.T.);
#673=EDGE_CURVE('',#805,#793,#102,.T.);
#674=EDGE_CURVE('',#792,#833,#103,.T.);
#675=EDGE_CURVE('',#751,#825,#104,.T.);
#676=EDGE_CURVE('',#824,#752,#105,.T.);
#677=EDGE_CURVE('',#786,#799,#106,.T.);
#678=EDGE_CURVE('',#800,#787,#107,.T.);
#679=EDGE_CURVE('',#801,#785,#108,.T.);
#680=EDGE_CURVE('',#784,#802,#109,.T.);
#681=EDGE_CURVE('',#794,#804,#110,.T.);
#682=EDGE_CURVE('',#803,#795,#111,.T.);
#683=EDGE_CURVE('',#771,#817,#112,.T.);
#684=EDGE_CURVE('',#816,#772,#113,.T.);
#685=EDGE_CURVE('',#818,#769,#114,.T.);
#686=EDGE_CURVE('',#807,#791,#115,.T.);
#687=EDGE_CURVE('',#790,#808,#116,.T.);
#688=EDGE_CURVE('',#809,#789,#117,.T.);
#689=EDGE_CURVE('',#788,#810,#118,.T.);
#690=EDGE_CURVE('',#826,#750,#119,.T.);
#691=EDGE_CURVE('',#829,#849,#120,.T.);
#692=EDGE_CURVE('',#849,#850,#947,.T.);
#693=EDGE_CURVE('',#850,#830,#121,.T.);
#694=EDGE_CURVE('',#831,#851,#122,.T.);
#695=EDGE_CURVE('',#851,#847,#948,.T.);
#696=EDGE_CURVE('',#852,#839,#949,.T.);
#697=EDGE_CURVE('',#852,#853,#950,.T.);
#698=EDGE_CURVE('',#853,#840,#951,.T.);
#699=EDGE_CURVE('',#853,#854,#47,.T.);
#700=EDGE_CURVE('',#854,#841,#952,.T.);
#701=EDGE_CURVE('',#855,#854,#953,.T.);
#702=EDGE_CURVE('',#855,#842,#954,.T.);
#703=EDGE_CURVE('',#855,#852,#48,.T.);
#704=EDGE_CURVE('',#848,#856,#955,.T.);
#705=EDGE_CURVE('',#856,#828,#123,.T.);
#706=EDGE_CURVE('',#849,#856,#124,.T.);
#707=EDGE_CURVE('',#851,#850,#125,.T.);
#708=EDGE_CURVE('',#857,#844,#956,.T.);
#709=EDGE_CURVE('',#858,#857,#49,.T.);
#710=EDGE_CURVE('',#858,#843,#957,.T.);
#711=EDGE_CURVE('',#859,#858,#958,.T.);
#712=EDGE_CURVE('',#859,#845,#959,.T.);
#713=EDGE_CURVE('',#860,#859,#50,.T.);
#714=EDGE_CURVE('',#860,#846,#960,.T.);
#715=EDGE_CURVE('',#837,#861,#126,.T.);
#716=EDGE_CURVE('',#754,#861,#961,.T.);
#717=EDGE_CURVE('',#862,#756,#962,.T.);
#718=EDGE_CURVE('',#862,#834,#127,.T.);
#719=EDGE_CURVE('',#835,#863,#128,.T.);
#720=EDGE_CURVE('',#864,#863,#963,.T.);
#721=EDGE_CURVE('',#864,#836,#129,.T.);
#722=EDGE_CURVE('',#860,#857,#964,.T.);
#723=EDGE_CURVE('',#863,#862,#130,.T.);
#724=EDGE_CURVE('',#861,#864,#131,.T.);
#725=EDGE_CURVE('',#822,#743,#132,.T.);
#726=EDGE_CURVE('',#753,#823,#133,.T.);
#727=EDGE_CURVE('',#781,#766,#965,.T.);
#728=EDGE_CURVE('',#780,#764,#966,.T.);
#729=EDGE_CURVE('',#782,#765,#967,.T.);
#730=EDGE_CURVE('',#783,#767,#968,.T.);
#731=VERTEX_POINT('',#1652);
#732=VERTEX_POINT('',#1653);
#733=VERTEX_POINT('',#1658);
#734=VERTEX_POINT('',#1660);
#735=VERTEX_POINT('',#1667);
#736=VERTEX_POINT('',#1668);
#737=VERTEX_POINT('',#1673);
#738=VERTEX_POINT('',#1675);
#739=VERTEX_POINT('',#1678);
#740=VERTEX_POINT('',#1679);
#741=VERTEX_POINT('',#1681);
#742=VERTEX_POINT('',#1683);
#743=VERTEX_POINT('',#1687);
#744=VERTEX_POINT('',#1692);
#745=VERTEX_POINT('',#1694);
#746=VERTEX_POINT('',#1702);
#747=VERTEX_POINT('',#1704);
#748=VERTEX_POINT('',#1706);
#749=VERTEX_POINT('',#1708);
#750=VERTEX_POINT('',#1710);
#751=VERTEX_POINT('',#1718);
#752=VERTEX_POINT('',#1720);
#753=VERTEX_POINT('',#1747);
#754=VERTEX_POINT('',#1751);
#755=VERTEX_POINT('',#1752);
#756=VERTEX_POINT('',#1754);
#757=VERTEX_POINT('',#1756);
#758=VERTEX_POINT('',#1758);
#759=VERTEX_POINT('',#1766);
#760=VERTEX_POINT('',#1768);
#761=VERTEX_POINT('',#1773);
#762=VERTEX_POINT('',#1775);
#763=VERTEX_POINT('',#1796);
#764=VERTEX_POINT('',#1800);
#765=VERTEX_POINT('',#1801);
#766=VERTEX_POINT('',#1803);
#767=VERTEX_POINT('',#1805);
#768=VERTEX_POINT('',#1808);
#769=VERTEX_POINT('',#1810);
#770=VERTEX_POINT('',#1811);
#771=VERTEX_POINT('',#1828);
#772=VERTEX_POINT('',#1830);
#773=VERTEX_POINT('',#1847);
#774=VERTEX_POINT('',#1849);
#775=VERTEX_POINT('',#1866);
#776=VERTEX_POINT('',#1868);
#777=VERTEX_POINT('',#1885);
#778=VERTEX_POINT('',#1888);
#779=VERTEX_POINT('',#1891);
#780=VERTEX_POINT('',#1894);
#781=VERTEX_POINT('',#1895);
#782=VERTEX_POINT('',#1897);
#783=VERTEX_POINT('',#1899);
#784=VERTEX_POINT('',#1902);
#785=VERTEX_POINT('',#1903);
#786=VERTEX_POINT('',#1920);
#787=VERTEX_POINT('',#1922);
#788=VERTEX_POINT('',#1939);
#789=VERTEX_POINT('',#1941);
#790=VERTEX_POINT('',#1958);
#791=VERTEX_POINT('',#1960);
#792=VERTEX_POINT('',#1972);
#793=VERTEX_POINT('',#1974);
#794=VERTEX_POINT('',#1982);
#795=VERTEX_POINT('',#1984);
#796=VERTEX_POINT('',#2002);
#797=VERTEX_POINT('',#2004);
#798=VERTEX_POINT('',#2007);
#799=VERTEX_POINT('',#2014);
#800=VERTEX_POINT('',#2015);
#801=VERTEX_POINT('',#2032);
#802=VERTEX_POINT('',#2034);
#803=VERTEX_POINT('',#2051);
#804=VERTEX_POINT('',#2053);
#805=VERTEX_POINT('',#2061);
#806=VERTEX_POINT('',#2063);
#807=VERTEX_POINT('',#2075);
#808=VERTEX_POINT('',#2077);
#809=VERTEX_POINT('',#2094);
#810=VERTEX_POINT('',#2096);
#811=VERTEX_POINT('',#2114);
#812=VERTEX_POINT('',#2122);
#813=VERTEX_POINT('',#2124);
#814=VERTEX_POINT('',#2132);
#815=VERTEX_POINT('',#2134);
#816=VERTEX_POINT('',#2142);
#817=VERTEX_POINT('',#2144);
#818=VERTEX_POINT('',#2152);
#819=VERTEX_POINT('',#2154);
#820=VERTEX_POINT('',#2176);
#821=VERTEX_POINT('',#2177);
#822=VERTEX_POINT('',#2182);
#823=VERTEX_POINT('',#2185);
#824=VERTEX_POINT('',#2212);
#825=VERTEX_POINT('',#2214);
#826=VERTEX_POINT('',#2222);
#827=VERTEX_POINT('',#2234);
#828=VERTEX_POINT('',#2235);
#829=VERTEX_POINT('',#2240);
#830=VERTEX_POINT('',#2242);
#831=VERTEX_POINT('',#2247);
#832=VERTEX_POINT('',#2249);
#833=VERTEX_POINT('',#2251);
#834=VERTEX_POINT('',#2257);
#835=VERTEX_POINT('',#2262);
#836=VERTEX_POINT('',#2264);
#837=VERTEX_POINT('',#2269);
#838=VERTEX_POINT('',#2272);
#839=VERTEX_POINT('',#2275);
#840=VERTEX_POINT('',#2276);
#841=VERTEX_POINT('',#2278);
#842=VERTEX_POINT('',#2280);
#843=VERTEX_POINT('',#2283);
#844=VERTEX_POINT('',#2284);
#845=VERTEX_POINT('',#2286);
#846=VERTEX_POINT('',#2288);
#847=VERTEX_POINT('',#2301);
#848=VERTEX_POINT('',#2303);
#849=VERTEX_POINT('',#2657);
#850=VERTEX_POINT('',#2659);
#851=VERTEX_POINT('',#2669);
#852=VERTEX_POINT('',#2673);
#853=VERTEX_POINT('',#2675);
#854=VERTEX_POINT('',#2679);
#855=VERTEX_POINT('',#2683);
#856=VERTEX_POINT('',#2689);
#857=VERTEX_POINT('',#2705);
#858=VERTEX_POINT('',#2707);
#859=VERTEX_POINT('',#2711);
#860=VERTEX_POINT('',#2715);
#861=VERTEX_POINT('',#2722);
#862=VERTEX_POINT('',#2726);
#863=VERTEX_POINT('',#2736);
#864=VERTEX_POINT('',#2738);
#865=LINE('',#1651,#969);
#866=LINE('',#1659,#970);
#867=LINE('',#1666,#971);
#868=LINE('',#1674,#972);
#869=LINE('',#1676,#973);
#870=LINE('',#1677,#974);
#871=LINE('',#1680,#975);
#872=LINE('',#1682,#976);
#873=LINE('',#1684,#977);
#874=LINE('',#1686,#978);
#875=LINE('',#1693,#979);
#876=LINE('',#1703,#980);
#877=LINE('',#1705,#981);
#878=LINE('',#1707,#982);
#879=LINE('',#1709,#983);
#880=LINE('',#1719,#984);
#881=LINE('',#1748,#985);
#882=LINE('',#1750,#986);
#883=LINE('',#1753,#987);
#884=LINE('',#1755,#988);
#885=LINE('',#1757,#989);
#886=LINE('',#1767,#990);
#887=LINE('',#1774,#991);
#888=LINE('',#1795,#992);
#889=LINE('',#1797,#993);
#890=LINE('',#1799,#994);
#891=LINE('',#1802,#995);
#892=LINE('',#1804,#996);
#893=LINE('',#1806,#997);
#894=LINE('',#1809,#998);
#895=LINE('',#1829,#999);
#896=LINE('',#1848,#1000);
#897=LINE('',#1867,#1001);
#898=LINE('',#1886,#1002);
#899=LINE('',#1887,#1003);
#900=LINE('',#1889,#1004);
#901=LINE('',#1893,#1005);
#902=LINE('',#1896,#1006);
#903=LINE('',#1898,#1007);
#904=LINE('',#1900,#1008);
#905=LINE('',#1901,#1009);
#906=LINE('',#1921,#1010);
#907=LINE('',#1940,#1011);
#908=LINE('',#1959,#1012);
#909=LINE('',#1973,#1013);
#910=LINE('',#1983,#1014);
#911=LINE('',#2006,#1015);
#912=LINE('',#2013,#1016);
#913=LINE('',#2033,#1017);
#914=LINE('',#2052,#1018);
#915=LINE('',#2062,#1019);
#916=LINE('',#2076,#1020);
#917=LINE('',#2095,#1021);
#918=LINE('',#2113,#1022);
#919=LINE('',#2123,#1023);
#920=LINE('',#2133,#1024);
#921=LINE('',#2143,#1025);
#922=LINE('',#2153,#1026);
#923=LINE('',#2155,#1027);
#924=LINE('',#2175,#1028);
#925=LINE('',#2183,#1029);
#926=LINE('',#2184,#1030);
#927=LINE('',#2213,#1031);
#928=LINE('',#2223,#1032);
#929=LINE('',#2224,#1033);
#930=LINE('',#2233,#1034);
#931=LINE('',#2241,#1035);
#932=LINE('',#2248,#1036);
#933=LINE('',#2250,#1037);
#934=LINE('',#2256,#1038);
#935=LINE('',#2263,#1039);
#936=LINE('',#2270,#1040);
#937=LINE('',#2271,#1041);
#938=LINE('',#2273,#1042);
#939=LINE('',#2274,#1043);
#940=LINE('',#2279,#1044);
#941=LINE('',#2285,#1045);
#942=LINE('',#2289,#1046);
#943=LINE('',#2300,#1047);
#944=LINE('',#2302,#1048);
#945=LINE('',#2304,#1049);
#946=LINE('',#2305,#1050);
#947=LINE('',#2658,#1051);
#948=LINE('',#2670,#1052);
#949=LINE('',#2672,#1053);
#950=LINE('',#2674,#1054);
#951=LINE('',#2676,#1055);
#952=LINE('',#2680,#1056);
#953=LINE('',#2682,#1057);
#954=LINE('',#2684,#1058);
#955=LINE('',#2688,#1059);
#956=LINE('',#2704,#1060);
#957=LINE('',#2708,#1061);
#958=LINE('',#2710,#1062);
#959=LINE('',#2712,#1063);
#960=LINE('',#2716,#1064);
#961=LINE('',#2723,#1065);
#962=LINE('',#2725,#1066);
#963=LINE('',#2737,#1067);
#964=LINE('',#2744,#1068);
#965=LINE('',#2861,#1069);
#966=LINE('',#2862,#1070);
#967=LINE('',#2864,#1071);
#968=LINE('',#2866,#1072);
#969=VECTOR('',#1427,1.);
#970=VECTOR('',#1428,1.);
#971=VECTOR('',#1431,1.);
#972=VECTOR('',#1432,1.);
#973=VECTOR('',#1433,1.);
#974=VECTOR('',#1434,1.);
#975=VECTOR('',#1435,1.);
#976=VECTOR('',#1436,1.);
#977=VECTOR('',#1437,1.);
#978=VECTOR('',#1440,1.);
#979=VECTOR('',#1441,1.);
#980=VECTOR('',#1442,1.);
#981=VECTOR('',#1443,1.);
#982=VECTOR('',#1444,1.);
#983=VECTOR('',#1445,1.);
#984=VECTOR('',#1446,1.);
#985=VECTOR('',#1447,1.);
#986=VECTOR('',#1450,1.);
#987=VECTOR('',#1451,1.);
#988=VECTOR('',#1452,1.);
#989=VECTOR('',#1453,1.);
#990=VECTOR('',#1454,1.);
#991=VECTOR('',#1455,1.);
#992=VECTOR('',#1456,1.);
#993=VECTOR('',#1457,1.);
#994=VECTOR('',#1460,1.);
#995=VECTOR('',#1461,1.);
#996=VECTOR('',#1462,1.);
#997=VECTOR('',#1463,1.);
#998=VECTOR('',#1466,1.);
#999=VECTOR('',#1467,1.);
#1000=VECTOR('',#1468,1.);
#1001=VECTOR('',#1469,1.);
#1002=VECTOR('',#1470,1.);
#1003=VECTOR('',#1471,1.);
#1004=VECTOR('',#1472,1.);
#1005=VECTOR('',#1477,1.);
#1006=VECTOR('',#1478,1.);
#1007=VECTOR('',#1479,1.);
#1008=VECTOR('',#1480,1.);
#1009=VECTOR('',#1481,1.);
#1010=VECTOR('',#1482,1.);
#1011=VECTOR('',#1483,1.);
#1012=VECTOR('',#1484,1.);
#1013=VECTOR('',#1485,1.);
#1014=VECTOR('',#1486,1.);
#1015=VECTOR('',#1493,1.);
#1016=VECTOR('',#1496,1.);
#1017=VECTOR('',#1497,1.);
#1018=VECTOR('',#1498,1.);
#1019=VECTOR('',#1499,1.);
#1020=VECTOR('',#1500,1.);
#1021=VECTOR('',#1501,1.);
#1022=VECTOR('',#1502,1.);
#1023=VECTOR('',#1503,1.);
#1024=VECTOR('',#1504,1.);
#1025=VECTOR('',#1505,1.);
#1026=VECTOR('',#1506,1.);
#1027=VECTOR('',#1507,1.);
#1028=VECTOR('',#1514,1.);
#1029=VECTOR('',#1515,1.);
#1030=VECTOR('',#1516,1.);
#1031=VECTOR('',#1517,1.);
#1032=VECTOR('',#1518,1.);
#1033=VECTOR('',#1519,1.);
#1034=VECTOR('',#1522,1.);
#1035=VECTOR('',#1523,1.);
#1036=VECTOR('',#1524,1.);
#1037=VECTOR('',#1525,1.);
#1038=VECTOR('',#1526,1.);
#1039=VECTOR('',#1527,1.);
#1040=VECTOR('',#1528,1.);
#1041=VECTOR('',#1529,1.);
#1042=VECTOR('',#1530,1.);
#1043=VECTOR('',#1531,1.);
#1044=VECTOR('',#1534,1.);
#1045=VECTOR('',#1539,1.);
#1046=VECTOR('',#1542,1.);
#1047=VECTOR('',#1547,1.);
#1048=VECTOR('',#1548,1.);
#1049=VECTOR('',#1549,1.);
#1050=VECTOR('',#1550,1.);
#1051=VECTOR('',#1577,1.);
#1052=VECTOR('',#1580,1.);
#1053=VECTOR('',#1583,1.);
#1054=VECTOR('',#1584,1.);
#1055=VECTOR('',#1585,1.);
#1056=VECTOR('',#1590,1.);
#1057=VECTOR('',#1593,1.);
#1058=VECTOR('',#1594,1.);
#1059=VECTOR('',#1601,1.);
#1060=VECTOR('',#1606,1.);
#1061=VECTOR('',#1609,1.);
#1062=VECTOR('',#1612,1.);
#1063=VECTOR('',#1613,1.);
#1064=VECTOR('',#1618,1.);
#1065=VECTOR('',#1621,1.);
#1066=VECTOR('',#1624,1.);
#1067=VECTOR('',#1627,1.);
#1068=VECTOR('',#1630,1.);
#1069=VECTOR('',#1639,1.);
#1070=VECTOR('',#1640,1.);
#1071=VECTOR('',#1643,1.);
#1072=VECTOR('',#1646,1.);
#1073=EDGE_LOOP('',(#134,#135,#136,#137));
#1074=EDGE_LOOP('',(#138,#139,#140,#141));
#1075=EDGE_LOOP('',(#142,#143,#144,#145));
#1076=EDGE_LOOP('',(#146,#147,#148,#149,#150,#151,#152,#153,#154,#155,#156,
#157,#158,#159,#160));
#1077=EDGE_LOOP('',(#161,#162,#163,#164,#165,#166,#167,#168,#169,#170,#171,
#172));
#1078=EDGE_LOOP('',(#173,#174,#175,#176));
#1079=EDGE_LOOP('',(#177));
#1080=EDGE_LOOP('',(#178,#179,#180,#181,#182,#183,#184,#185,#186,#187,#188,
#189));
#1081=EDGE_LOOP('',(#190));
#1082=EDGE_LOOP('',(#191,#192,#193,#194));
#1083=EDGE_LOOP('',(#195,#196,#197,#198,#199,#200,#201,#202,#203,#204,#205,
#206,#207,#208));
#1084=EDGE_LOOP('',(#209));
#1085=EDGE_LOOP('',(#210));
#1086=EDGE_LOOP('',(#211,#212,#213,#214));
#1087=EDGE_LOOP('',(#215,#216,#217,#218,#219,#220,#221,#222,#223,#224,#225,
#226,#227,#228));
#1088=EDGE_LOOP('',(#229,#230,#231,#232,#233,#234,#235,#236,#237,#238,#239,
#240));
#1089=EDGE_LOOP('',(#241,#242,#243,#244));
#1090=EDGE_LOOP('',(#245,#246,#247,#248));
#1091=EDGE_LOOP('',(#249,#250,#251,#252,#253,#254,#255,#256,#257,#258,#259,
#260,#261,#262,#263));
#1092=EDGE_LOOP('',(#264,#265,#266,#267,#268,#269,#270,#271,#272,#273,#274,
#275,#276,#277,#278,#279));
#1093=EDGE_LOOP('',(#280,#281,#282,#283));
#1094=EDGE_LOOP('',(#284,#285,#286,#287));
#1095=EDGE_LOOP('',(#288,#289,#290,#291));
#1096=EDGE_LOOP('',(#292,#293,#294,#295,#296,#297,#298,#299,#300,#301,#302,
#303));
#1097=EDGE_LOOP('',(#304,#305,#306,#307));
#1098=EDGE_LOOP('',(#308,#309,#310,#311));
#1099=EDGE_LOOP('',(#312,#313,#314,#315));
#1100=EDGE_LOOP('',(#316,#317,#318,#319));
#1101=EDGE_LOOP('',(#320,#321,#322,#323));
#1102=EDGE_LOOP('',(#324,#325,#326,#327));
#1103=EDGE_LOOP('',(#328,#329,#330,#331));
#1104=EDGE_LOOP('',(#332,#333,#334,#335));
#1105=EDGE_LOOP('',(#336,#337,#338,#339));
#1106=EDGE_LOOP('',(#340,#341,#342,#343));
#1107=EDGE_LOOP('',(#344,#345,#346,#347));
#1108=EDGE_LOOP('',(#348,#349,#350,#351));
#1109=EDGE_LOOP('',(#352,#353,#354,#355));
#1110=EDGE_LOOP('',(#356,#357,#358,#359));
#1111=EDGE_LOOP('',(#360,#361,#362,#363));
#1112=EDGE_LOOP('',(#364,#365,#366,#367));
#1113=EDGE_LOOP('',(#368,#369,#370,#371));
#1114=EDGE_LOOP('',(#372,#373,#374,#375));
#1115=EDGE_LOOP('',(#376,#377,#378,#379));
#1116=EDGE_LOOP('',(#380,#381,#382,#383));
#1117=EDGE_LOOP('',(#384,#385,#386,#387));
#1118=EDGE_LOOP('',(#388,#389,#390,#391));
#1119=EDGE_LOOP('',(#392,#393,#394,#395));
#1120=EDGE_LOOP('',(#396,#397,#398,#399));
#1121=EDGE_LOOP('',(#400,#401,#402,#403));
#1122=EDGE_LOOP('',(#404));
#1123=EDGE_LOOP('',(#405));
#1124=EDGE_LOOP('',(#406));
#1125=EDGE_LOOP('',(#407));
#1126=EDGE_LOOP('',(#408,#409,#410,#411));
#1127=EDGE_LOOP('',(#412,#413,#414,#415));
#1128=EDGE_LOOP('',(#416,#417,#418,#419));
#1129=EDGE_LOOP('',(#420,#421,#422,#423));
#1130=EDGE_LOOP('',(#424,#425,#426,#427));
#1131=EDGE_LOOP('',(#428,#429,#430,#431));
#1132=EDGE_LOOP('',(#432,#433,#434,#435));
#1133=EDGE_LOOP('',(#436,#437,#438,#439));
#1134=EDGE_LOOP('',(#440,#441,#442,#443,#444,#445));
#1135=EDGE_LOOP('',(#446,#447,#448,#449));
#1136=EDGE_LOOP('',(#450,#451,#452,#453));
#1137=EDGE_LOOP('',(#454,#455,#456,#457));
#1138=EDGE_LOOP('',(#458,#459,#460,#461));
#1139=EDGE_LOOP('',(#462,#463,#464,#465));
#1140=EDGE_LOOP('',(#466,#467,#468,#469));
#1141=EDGE_LOOP('',(#470,#471,#472,#473));
#1142=EDGE_LOOP('',(#474,#475,#476,#477,#478,#479));
#1143=EDGE_LOOP('',(#480,#481,#482,#483));
#1144=EDGE_LOOP('',(#484,#485,#486,#487));
#1145=EDGE_LOOP('',(#488,#489,#490,#491));
#1146=EDGE_LOOP('',(#492,#493,#494,#495));
#1147=EDGE_LOOP('',(#496,#497,#498,#499));
#1148=EDGE_LOOP('',(#500,#501,#502,#503));
#1149=EDGE_LOOP('',(#504,#505,#506,#507));
#1150=EDGE_LOOP('',(#508,#509,#510,#511));
#1151=EDGE_LOOP('',(#512,#513,#514,#515));
#1152=EDGE_LOOP('',(#516,#517,#518,#519));
#1153=EDGE_LOOP('',(#520,#521,#522,#523));
#1154=EDGE_LOOP('',(#524,#525,#526,#527));
#1155=EDGE_LOOP('',(#528,#529,#530,#531));
#1156=FACE_BOUND('',#1073,.T.);
#1157=FACE_BOUND('',#1074,.T.);
#1158=FACE_BOUND('',#1075,.T.);
#1159=FACE_BOUND('',#1076,.T.);
#1160=FACE_BOUND('',#1077,.T.);
#1161=FACE_BOUND('',#1078,.T.);
#1162=FACE_BOUND('',#1079,.T.);
#1163=FACE_BOUND('',#1080,.T.);
#1164=FACE_BOUND('',#1081,.T.);
#1165=FACE_BOUND('',#1082,.T.);
#1166=FACE_BOUND('',#1083,.T.);
#1167=FACE_BOUND('',#1084,.T.);
#1168=FACE_BOUND('',#1085,.T.);
#1169=FACE_BOUND('',#1086,.T.);
#1170=FACE_BOUND('',#1087,.T.);
#1171=FACE_BOUND('',#1088,.T.);
#1172=FACE_BOUND('',#1089,.T.);
#1173=FACE_BOUND('',#1090,.T.);
#1174=FACE_BOUND('',#1091,.T.);
#1175=FACE_BOUND('',#1092,.T.);
#1176=FACE_BOUND('',#1093,.T.);
#1177=FACE_BOUND('',#1094,.T.);
#1178=FACE_BOUND('',#1095,.T.);
#1179=FACE_BOUND('',#1096,.T.);
#1180=FACE_BOUND('',#1097,.T.);
#1181=FACE_BOUND('',#1098,.T.);
#1182=FACE_BOUND('',#1099,.T.);
#1183=FACE_BOUND('',#1100,.T.);
#1184=FACE_BOUND('',#1101,.T.);
#1185=FACE_BOUND('',#1102,.T.);
#1186=FACE_BOUND('',#1103,.T.);
#1187=FACE_BOUND('',#1104,.T.);
#1188=FACE_BOUND('',#1105,.T.);
#1189=FACE_BOUND('',#1106,.T.);
#1190=FACE_BOUND('',#1107,.T.);
#1191=FACE_BOUND('',#1108,.T.);
#1192=FACE_BOUND('',#1109,.T.);
#1193=FACE_BOUND('',#1110,.T.);
#1194=FACE_BOUND('',#1111,.T.);
#1195=FACE_BOUND('',#1112,.T.);
#1196=FACE_BOUND('',#1113,.T.);
#1197=FACE_BOUND('',#1114,.T.);
#1198=FACE_BOUND('',#1115,.T.);
#1199=FACE_BOUND('',#1116,.T.);
#1200=FACE_BOUND('',#1117,.T.);
#1201=FACE_BOUND('',#1118,.T.);
#1202=FACE_BOUND('',#1119,.T.);
#1203=FACE_BOUND('',#1120,.T.);
#1204=FACE_BOUND('',#1121,.T.);
#1205=FACE_BOUND('',#1122,.T.);
#1206=FACE_BOUND('',#1123,.T.);
#1207=FACE_BOUND('',#1124,.T.);
#1208=FACE_BOUND('',#1125,.T.);
#1209=FACE_BOUND('',#1126,.T.);
#1210=FACE_BOUND('',#1127,.T.);
#1211=FACE_BOUND('',#1128,.T.);
#1212=FACE_BOUND('',#1129,.T.);
#1213=FACE_BOUND('',#1130,.T.);
#1214=FACE_BOUND('',#1131,.T.);
#1215=FACE_BOUND('',#1132,.T.);
#1216=FACE_BOUND('',#1133,.T.);
#1217=FACE_BOUND('',#1134,.T.);
#1218=FACE_BOUND('',#1135,.T.);
#1219=FACE_BOUND('',#1136,.T.);
#1220=FACE_BOUND('',#1137,.T.);
#1221=FACE_BOUND('',#1138,.T.);
#1222=FACE_BOUND('',#1139,.T.);
#1223=FACE_BOUND('',#1140,.T.);
#1224=FACE_BOUND('',#1141,.T.);
#1225=FACE_BOUND('',#1142,.T.);
#1226=FACE_BOUND('',#1143,.T.);
#1227=FACE_BOUND('',#1144,.T.);
#1228=FACE_BOUND('',#1145,.T.);
#1229=FACE_BOUND('',#1146,.T.);
#1230=FACE_BOUND('',#1147,.T.);
#1231=FACE_BOUND('',#1148,.T.);
#1232=FACE_BOUND('',#1149,.T.);
#1233=FACE_BOUND('',#1150,.T.);
#1234=FACE_BOUND('',#1151,.T.);
#1235=FACE_BOUND('',#1152,.T.);
#1236=FACE_BOUND('',#1153,.T.);
#1237=FACE_BOUND('',#1154,.T.);
#1238=FACE_BOUND('',#1155,.T.);
#1239=PLANE('',#1363);
#1240=PLANE('',#1364);
#1241=PLANE('',#1365);
#1242=PLANE('',#1366);
#1243=PLANE('',#1367);
#1244=PLANE('',#1370);
#1245=PLANE('',#1373);
#1246=PLANE('',#1374);
#1247=PLANE('',#1375);
#1248=PLANE('',#1376);
#1249=PLANE('',#1377);
#1250=PLANE('',#1378);
#1251=PLANE('',#1383);
#1252=PLANE('',#1384);
#1253=PLANE('',#1385);
#1254=PLANE('',#1386);
#1255=PLANE('',#1387);
#1256=PLANE('',#1388);
#1257=PLANE('',#1389);
#1258=PLANE('',#1390);
#1259=PLANE('',#1391);
#1260=PLANE('',#1392);
#1261=PLANE('',#1393);
#1262=PLANE('',#1394);
#1263=PLANE('',#1397);
#1264=PLANE('',#1398);
#1265=PLANE('',#1399);
#1266=PLANE('',#1402);
#1267=PLANE('',#1405);
#1268=PLANE('',#1406);
#1269=PLANE('',#1409);
#1270=PLANE('',#1412);
#1271=PLANE('',#1413);
#1272=PLANE('',#1414);
#1273=PLANE('',#1415);
#1274=PLANE('',#1416);
#1275=PLANE('',#1417);
#1276=PLANE('',#1418);
#1277=PLANE('',#1419);
#1278=PLANE('',#1420);
#1279=PLANE('',#1421);
#1280=PLANE('',#1422);
#1281=ADVANCED_FACE('',(#1156),#1239,.T.);
#1282=ADVANCED_FACE('',(#1157,#1158),#1240,.T.);
#1283=ADVANCED_FACE('',(#1159),#1241,.T.);
#1284=ADVANCED_FACE('',(#1160),#1242,.F.);
#1285=ADVANCED_FACE('',(#1161,#1162,#1163,#1164),#1243,.F.);
#1286=ADVANCED_FACE('',(#1165,#1166,#1167,#1168),#1244,.T.);
#1287=ADVANCED_FACE('',(#1169),#1245,.F.);
#1288=ADVANCED_FACE('',(#1170,#1171),#1246,.T.);
#1289=ADVANCED_FACE('',(#1172),#1247,.F.);
#1290=ADVANCED_FACE('',(#1173),#1248,.F.);
#1291=ADVANCED_FACE('',(#1174),#1249,.T.);
#1292=ADVANCED_FACE('',(#1175,#1176,#1177),#1250,.T.);
#1293=ADVANCED_FACE('',(#1178),#1251,.T.);
#1294=ADVANCED_FACE('',(#1179),#1252,.T.);
#1295=ADVANCED_FACE('',(#1180),#1253,.F.);
#1296=ADVANCED_FACE('',(#1181),#1254,.F.);
#1297=ADVANCED_FACE('',(#1182),#18,.F.);
#1298=ADVANCED_FACE('',(#1183),#19,.T.);
#1299=ADVANCED_FACE('',(#1184),#1255,.T.);
#1300=ADVANCED_FACE('',(#1185),#1256,.F.);
#1301=ADVANCED_FACE('',(#1186),#1257,.F.);
#1302=ADVANCED_FACE('',(#1187),#1258,.F.);
#1303=ADVANCED_FACE('',(#1188),#1259,.F.);
#1304=ADVANCED_FACE('',(#1189),#1260,.F.);
#1305=ADVANCED_FACE('',(#1190),#1261,.F.);
#1306=ADVANCED_FACE('',(#1191),#20,.F.);
#1307=ADVANCED_FACE('',(#1192),#21,.T.);
#1308=ADVANCED_FACE('',(#1193),#22,.T.);
#1309=ADVANCED_FACE('',(#1194),#23,.F.);
#1310=ADVANCED_FACE('',(#1195),#24,.F.);
#1311=ADVANCED_FACE('',(#1196),#25,.T.);
#1312=ADVANCED_FACE('',(#1197),#26,.T.);
#1313=ADVANCED_FACE('',(#1198),#27,.T.);
#1314=ADVANCED_FACE('',(#1199),#28,.F.);
#1315=ADVANCED_FACE('',(#1200),#29,.F.);
#1316=ADVANCED_FACE('',(#1201),#30,.F.);
#1317=ADVANCED_FACE('',(#1202),#31,.F.);
#1318=ADVANCED_FACE('',(#1203),#1262,.T.);
#1319=ADVANCED_FACE('',(#1204),#32,.T.);
#1320=ADVANCED_FACE('',(#1205,#1206),#12,.F.);
#1321=ADVANCED_FACE('',(#1207,#1208),#13,.F.);
#1322=ADVANCED_FACE('',(#1209),#1263,.T.);
#1323=ADVANCED_FACE('',(#1210),#1264,.T.);
#1324=ADVANCED_FACE('',(#1211),#1265,.T.);
#1325=ADVANCED_FACE('',(#1212),#14,.F.);
#1326=ADVANCED_FACE('',(#1213),#1266,.F.);
#1327=ADVANCED_FACE('',(#1214),#15,.F.);
#1328=ADVANCED_FACE('',(#1215),#1267,.T.);
#1329=ADVANCED_FACE('',(#1216,#1217),#1268,.F.);
#1330=ADVANCED_FACE('',(#1218),#16,.F.);
#1331=ADVANCED_FACE('',(#1219),#1269,.F.);
#1332=ADVANCED_FACE('',(#1220),#17,.F.);
#1333=ADVANCED_FACE('',(#1221),#1270,.F.);
#1334=ADVANCED_FACE('',(#1222),#1271,.F.);
#1335=ADVANCED_FACE('',(#1223),#1272,.F.);
#1336=ADVANCED_FACE('',(#1224),#1273,.T.);
#1337=ADVANCED_FACE('',(#1225,#1226),#1274,.F.);
#1338=ADVANCED_FACE('',(#1227),#33,.T.);
#1339=ADVANCED_FACE('',(#1228),#34,.T.);
#1340=ADVANCED_FACE('',(#1229),#35,.T.);
#1341=ADVANCED_FACE('',(#1230),#36,.T.);
#1342=ADVANCED_FACE('',(#1231),#1275,.F.);
#1343=ADVANCED_FACE('',(#1232),#1276,.T.);
#1344=ADVANCED_FACE('',(#1233),#37,.F.);
#1345=ADVANCED_FACE('',(#1234),#38,.T.);
#1346=ADVANCED_FACE('',(#1235),#1277,.F.);
#1347=ADVANCED_FACE('',(#1236),#1278,.F.);
#1348=ADVANCED_FACE('',(#1237),#1279,.T.);
#1349=ADVANCED_FACE('',(#1238),#1280,.T.);
#1350=CLOSED_SHELL('',(#1281,#1282,#1283,#1284,#1285,#1286,#1287,#1288,
#1289,#1290,#1291,#1292,#1293,#1294,#1295,#1296,#1297,#1298,#1299,#1300,
#1301,#1302,#1303,#1304,#1305,#1306,#1307,#1308,#1309,#1310,#1311,#1312,
#1313,#1314,#1315,#1316,#1317,#1318,#1319,#1320,#1321,#1322,#1323,#1324,
#1325,#1326,#1327,#1328,#1329,#1330,#1331,#1332,#1333,#1334,#1335,#1336,
#1337,#1338,#1339,#1340,#1341,#1342,#1343,#1344,#1345,#1346,#1347,#1348,
#1349));
#1351=STYLED_ITEM('',(#1352),#1359);
#1352=PRESENTATION_STYLE_ASSIGNMENT((#1353));
#1353=SURFACE_STYLE_USAGE(.BOTH.,#1354);
#1354=SURFACE_SIDE_STYLE('',(#1355));
#1355=SURFACE_STYLE_FILL_AREA(#1356);
#1356=FILL_AREA_STYLE('',(#1357));
#1357=FILL_AREA_STYLE_COLOUR('',#1358);
#1358=COLOUR_RGB('',0.615686274509804,0.811764705882353,0.929411764705882);
#1359=MANIFOLD_SOLID_BREP('color_sensor_holder',#1350);
#1360=SHAPE_DEFINITION_REPRESENTATION(#2874,#1361);
#1361=SHAPE_REPRESENTATION('color_sensor_holder',(#1362),#2869);
#1362=AXIS2_PLACEMENT_3D('',#1649,#1423,#1424);
#1363=AXIS2_PLACEMENT_3D('',#1650,#1425,#1426);
#1364=AXIS2_PLACEMENT_3D('',#1665,#1429,#1430);
#1365=AXIS2_PLACEMENT_3D('',#1685,#1438,#1439);
#1366=AXIS2_PLACEMENT_3D('',#1749,#1448,#1449);
#1367=AXIS2_PLACEMENT_3D('',#1798,#1458,#1459);
#1368=AXIS2_PLACEMENT_3D('',#1807,#1464,#1465);
#1369=AXIS2_PLACEMENT_3D('',#1890,#1473,#1474);
#1370=AXIS2_PLACEMENT_3D('',#1892,#1475,#1476);
#1371=AXIS2_PLACEMENT_3D('',#2001,#1487,#1488);
#1372=AXIS2_PLACEMENT_3D('',#2003,#1489,#1490);
#1373=AXIS2_PLACEMENT_3D('',#2005,#1491,#1492);
#1374=AXIS2_PLACEMENT_3D('',#2012,#1494,#1495);
#1375=AXIS2_PLACEMENT_3D('',#2156,#1508,#1509);
#1376=AXIS2_PLACEMENT_3D('',#2165,#1510,#1511);
#1377=AXIS2_PLACEMENT_3D('',#2174,#1512,#1513);
#1378=AXIS2_PLACEMENT_3D('',#2232,#1520,#1521);
#1379=AXIS2_PLACEMENT_3D('',#2277,#1532,#1533);
#1380=AXIS2_PLACEMENT_3D('',#2281,#1535,#1536);
#1381=AXIS2_PLACEMENT_3D('',#2282,#1537,#1538);
#1382=AXIS2_PLACEMENT_3D('',#2287,#1540,#1541);
#1383=AXIS2_PLACEMENT_3D('',#2290,#1543,#1544);
#1384=AXIS2_PLACEMENT_3D('',#2299,#1545,#1546);
#1385=AXIS2_PLACEMENT_3D('',#2336,#1551,#1552);
#1386=AXIS2_PLACEMENT_3D('',#2337,#1553,#1554);
#1387=AXIS2_PLACEMENT_3D('',#2378,#1555,#1556);
#1388=AXIS2_PLACEMENT_3D('',#2387,#1557,#1558);
#1389=AXIS2_PLACEMENT_3D('',#2396,#1559,#1560);
#1390=AXIS2_PLACEMENT_3D('',#2405,#1561,#1562);
#1391=AXIS2_PLACEMENT_3D('',#2414,#1563,#1564);
#1392=AXIS2_PLACEMENT_3D('',#2419,#1565,#1566);
#1393=AXIS2_PLACEMENT_3D('',#2428,#1567,#1568);
#1394=AXIS2_PLACEMENT_3D('',#2629,#1569,#1570);
#1395=AXIS2_PLACEMENT_3D('',#2650,#1571,#1572);
#1396=AXIS2_PLACEMENT_3D('',#2651,#1573,#1574);
#1397=AXIS2_PLACEMENT_3D('',#2652,#1575,#1576);
#1398=AXIS2_PLACEMENT_3D('',#2664,#1578,#1579);
#1399=AXIS2_PLACEMENT_3D('',#2671,#1581,#1582);
#1400=AXIS2_PLACEMENT_3D('',#2677,#1586,#1587);
#1401=AXIS2_PLACEMENT_3D('',#2678,#1588,#1589);
#1402=AXIS2_PLACEMENT_3D('',#2681,#1591,#1592);
#1403=AXIS2_PLACEMENT_3D('',#2685,#1595,#1596);
#1404=AXIS2_PLACEMENT_3D('',#2686,#1597,#1598);
#1405=AXIS2_PLACEMENT_3D('',#2687,#1599,#1600);
#1406=AXIS2_PLACEMENT_3D('',#2694,#1602,#1603);
#1407=AXIS2_PLACEMENT_3D('',#2703,#1604,#1605);
#1408=AXIS2_PLACEMENT_3D('',#2706,#1607,#1608);
#1409=AXIS2_PLACEMENT_3D('',#2709,#1610,#1611);
#1410=AXIS2_PLACEMENT_3D('',#2713,#1614,#1615);
#1411=AXIS2_PLACEMENT_3D('',#2714,#1616,#1617);
#1412=AXIS2_PLACEMENT_3D('',#2717,#1619,#1620);
#1413=AXIS2_PLACEMENT_3D('',#2724,#1622,#1623);
#1414=AXIS2_PLACEMENT_3D('',#2731,#1625,#1626);
#1415=AXIS2_PLACEMENT_3D('',#2743,#1628,#1629);
#1416=AXIS2_PLACEMENT_3D('',#2745,#1631,#1632);
#1417=AXIS2_PLACEMENT_3D('',#2818,#1633,#1634);
#1418=AXIS2_PLACEMENT_3D('',#2823,#1635,#1636);
#1419=AXIS2_PLACEMENT_3D('',#2860,#1637,#1638);
#1420=AXIS2_PLACEMENT_3D('',#2863,#1641,#1642);
#1421=AXIS2_PLACEMENT_3D('',#2865,#1644,#1645);
#1422=AXIS2_PLACEMENT_3D('',#2867,#1647,#1648);
#1423=DIRECTION('',(0.,0.,1.));
#1424=DIRECTION('',(1.,0.,0.));
#1425=DIRECTION('',(0.,1.,0.));
#1426=DIRECTION('',(0.,0.,1.));
#1427=DIRECTION('',(0.,0.,-1.));
#1428=DIRECTION('',(0.,0.,-1.));
#1429=DIRECTION('',(0.,-1.,0.));
#1430=DIRECTION('',(0.,0.,-1.));
#1431=DIRECTION('',(0.,0.,-1.));
#1432=DIRECTION('',(0.,0.,-1.));
#1433=DIRECTION('',(-1.,0.,0.));
#1434=DIRECTION('',(-1.,0.,-3.46944695195362E-16));
#1435=DIRECTION('',(0.,0.,1.));
#1436=DIRECTION('',(1.,0.,0.));
#1437=DIRECTION('',(0.,0.,-1.));
#1438=DIRECTION('',(1.,0.,0.));
#1439=DIRECTION('',(0.,0.,-1.));
#1440=DIRECTION('',(0.,1.,0.));
#1441=DIRECTION('',(0.,0.,-1.));
#1442=DIRECTION('',(0.,-1.,0.));
#1443=DIRECTION('',(0.,0.,-1.));
#1444=DIRECTION('',(-2.89120579329468E-16,1.,0.));
#1445=DIRECTION('',(0.,0.,1.));
#1446=DIRECTION('',(0.,-1.,0.));
#1447=DIRECTION('',(0.,-1.,0.));
#1448=DIRECTION('',(-1.,0.,0.));
#1449=DIRECTION('',(0.,0.,1.));
#1450=DIRECTION('',(0.,1.,0.));
#1451=DIRECTION('',(0.,0.,-1.));
#1452=DIRECTION('',(0.,1.,0.));
#1453=DIRECTION('',(0.,0.,-1.));
#1454=DIRECTION('',(0.,-1.,0.));
#1455=DIRECTION('',(0.,1.,0.));
#1456=DIRECTION('',(0.,1.,0.));
#1457=DIRECTION('',(0.,0.,-1.));
#1458=DIRECTION('',(0.,0.,-1.));
#1459=DIRECTION('',(-1.,0.,0.));
#1460=DIRECTION('',(-1.,0.,0.));
#1461=DIRECTION('',(0.,1.,0.));
#1462=DIRECTION('',(-1.,0.,0.));
#1463=DIRECTION('',(0.,1.,0.));
#1464=DIRECTION('',(0.,0.,1.));
#1465=DIRECTION('',(1.,0.,0.));
#1466=DIRECTION('',(-1.,-2.89120579329468E-16,0.));
#1467=DIRECTION('',(2.89120579329468E-16,-1.,0.));
#1468=DIRECTION('',(-1.,-2.89120579329468E-16,0.));
#1469=DIRECTION('',(2.89120579329468E-16,-1.,0.));
#1470=DIRECTION('',(-1.,-2.89120579329468E-16,0.));
#1471=DIRECTION('',(1.,0.,0.));
#1472=DIRECTION('',(0.,-1.,0.));
#1473=DIRECTION('',(0.,0.,-1.));
#1474=DIRECTION('',(1.,0.,0.));
#1475=DIRECTION('',(0.,0.,-1.));
#1476=DIRECTION('',(-1.,0.,0.));
#1477=DIRECTION('',(0.,-1.,0.));
#1478=DIRECTION('',(1.,0.,0.));
#1479=DIRECTION('',(0.,-1.,0.));
#1480=DIRECTION('',(1.,0.,0.));
#1481=DIRECTION('',(7.2280144832367E-17,1.,0.));
#1482=DIRECTION('',(1.,0.,0.));
#1483=DIRECTION('',(0.,-1.,0.));
#1484=DIRECTION('',(-1.,0.,0.));
#1485=DIRECTION('',(0.,-1.,0.));
#1486=DIRECTION('',(-1.,0.,0.));
#1487=DIRECTION('',(0.,0.,-1.));
#1488=DIRECTION('',(-1.,0.,0.));
#1489=DIRECTION('',(0.,0.,-1.));
#1490=DIRECTION('',(-1.,0.,0.));
#1491=DIRECTION('',(2.89120579329468E-16,-1.,0.));
#1492=DIRECTION('',(1.,2.89120579329468E-16,0.));
#1493=DIRECTION('',(1.,2.89120579329468E-16,0.));
#1494=DIRECTION('',(0.,0.,1.));
#1495=DIRECTION('',(1.,0.,0.));
#1496=DIRECTION('',(1.,0.,0.));
#1497=DIRECTION('',(7.2280144832367E-17,1.,0.));
#1498=DIRECTION('',(-1.,0.,0.));
#1499=DIRECTION('',(0.,1.,0.));
#1500=DIRECTION('',(-1.,0.,0.));
#1501=DIRECTION('',(0.,-1.,0.));
#1502=DIRECTION('',(1.,2.89120579329468E-16,0.));
#1503=DIRECTION('',(0.,-1.,0.));
#1504=DIRECTION('',(1.,0.,0.));
#1505=DIRECTION('',(-1.82602471155453E-16,1.,0.));
#1506=DIRECTION('',(1.,2.89120579329468E-16,0.));
#1507=DIRECTION('',(-2.89120579329468E-16,1.,0.));
#1508=DIRECTION('',(-1.,0.,0.));
#1509=DIRECTION('',(0.,0.,1.));
#1510=DIRECTION('',(0.,1.,0.));
#1511=DIRECTION('',(0.,0.,1.));
#1512=DIRECTION('',(-1.,0.,0.));
#1513=DIRECTION('',(0.,0.,1.));
#1514=DIRECTION('',(0.,0.,-1.));
#1515=DIRECTION('',(0.,1.,0.));
#1516=DIRECTION('',(0.,-1.,0.));
#1517=DIRECTION('',(0.,-1.,0.));
#1518=DIRECTION('',(0.,0.,1.));
#1519=DIRECTION('',(0.,0.,1.));
#1520=DIRECTION('',(0.,1.,0.));
#1521=DIRECTION('',(0.,0.,1.));
#1522=DIRECTION('',(-1.,0.,0.));
#1523=DIRECTION('',(0.,0.,1.));
#1524=DIRECTION('',(1.,0.,0.));
#1525=DIRECTION('',(0.,0.,-1.));
#1526=DIRECTION('',(-1.,0.,0.));
#1527=DIRECTION('',(0.,0.,1.));
#1528=DIRECTION('',(1.,0.,0.));
#1529=DIRECTION('',(1.,0.,0.));
#1530=DIRECTION('',(0.,0.,-1.));
#1531=DIRECTION('',(6.19544098563146E-16,0.,1.));
#1532=DIRECTION('',(0.,-1.,0.));
#1533=DIRECTION('',(0.,0.,1.));
#1534=DIRECTION('',(6.19544098563145E-16,0.,1.));
#1535=DIRECTION('',(0.,-1.,0.));
#1536=DIRECTION('',(0.,0.,1.));
#1537=DIRECTION('',(0.,1.,0.));
#1538=DIRECTION('',(0.,0.,1.));
#1539=DIRECTION('',(-6.19544098563146E-16,0.,1.));
#1540=DIRECTION('',(0.,1.,0.));
#1541=DIRECTION('',(0.,0.,1.));
#1542=DIRECTION('',(-6.19544098563145E-16,0.,1.));
#1543=DIRECTION('',(0.,-1.,0.));
#1544=DIRECTION('',(0.,0.,-1.));
#1545=DIRECTION('',(-1.,0.,0.));
#1546=DIRECTION('',(0.,0.,1.));
#1547=DIRECTION('',(0.,1.,0.));
#1548=DIRECTION('',(0.,0.,-1.));
#1549=DIRECTION('',(0.,1.,0.));
#1550=DIRECTION('',(0.,1.,0.));
#1551=DIRECTION('',(0.,0.,1.));
#1552=DIRECTION('',(1.,0.,0.));
#1553=DIRECTION('',(0.,0.,1.));
#1554=DIRECTION('',(1.,0.,0.));
#1555=DIRECTION('',(0.,1.,0.));
#1556=DIRECTION('',(-1.,0.,0.));
#1557=DIRECTION('',(1.,-7.2280144832367E-17,0.));
#1558=DIRECTION('',(7.2280144832367E-17,1.,0.));
#1559=DIRECTION('',(0.,1.,0.));
#1560=DIRECTION('',(0.,0.,1.));
#1561=DIRECTION('',(1.,1.82602471155453E-16,0.));
#1562=DIRECTION('',(-1.82602471155453E-16,1.,0.));
#1563=DIRECTION('',(2.89120579329468E-16,-1.,0.));
#1564=DIRECTION('',(1.,2.89120579329468E-16,0.));
#1565=DIRECTION('',(0.,1.,0.));
#1566=DIRECTION('',(0.,0.,1.));
#1567=DIRECTION('',(-1.,0.,0.));
#1568=DIRECTION('',(0.,0.,1.));
#1569=DIRECTION('',(-2.89120579329468E-16,1.,0.));
#1570=DIRECTION('',(-1.,-2.89120579329468E-16,0.));
#1571=DIRECTION('',(0.,0.,1.));
#1572=DIRECTION('',(1.,0.,0.));
#1573=DIRECTION('',(0.,0.,1.));
#1574=DIRECTION('',(1.,0.,0.));
#1575=DIRECTION('',(-1.,0.,0.));
#1576=DIRECTION('',(0.,0.,1.));
#1577=DIRECTION('',(0.,0.,1.));
#1578=DIRECTION('',(0.,0.,1.));
#1579=DIRECTION('',(1.,0.,0.));
#1580=DIRECTION('',(1.,0.,0.));
#1581=DIRECTION('',(-1.,0.,6.19544098563146E-16));
#1582=DIRECTION('',(6.19544098563146E-16,0.,1.));
#1583=DIRECTION('',(0.,1.,0.));
#1584=DIRECTION('',(6.19544098563146E-16,0.,1.));
#1585=DIRECTION('',(0.,1.,0.));
#1586=DIRECTION('',(0.,1.,0.));
#1587=DIRECTION('',(0.,0.,1.));
#1588=DIRECTION('',(0.,-1.,0.));
#1589=DIRECTION('',(0.,0.,1.));
#1590=DIRECTION('',(0.,1.,0.));
#1591=DIRECTION('',(-1.,0.,6.19544098563145E-16));
#1592=DIRECTION('',(6.19544098563145E-16,0.,1.));
#1593=DIRECTION('',(6.19544098563145E-16,0.,1.));
#1594=DIRECTION('',(0.,1.,0.));
#1595=DIRECTION('',(0.,1.,0.));
#1596=DIRECTION('',(0.,0.,1.));
#1597=DIRECTION('',(0.,-1.,0.));
#1598=DIRECTION('',(0.,0.,1.));
#1599=DIRECTION('',(0.,0.,-1.));
#1600=DIRECTION('',(-1.,0.,0.));
#1601=DIRECTION('',(-1.,0.,0.));
#1602=DIRECTION('',(0.,1.,0.));
#1603=DIRECTION('',(-1.,0.,0.));
#1604=DIRECTION('',(0.,1.,0.));
#1605=DIRECTION('',(0.,0.,1.));
#1606=DIRECTION('',(0.,1.,0.));
#1607=DIRECTION('',(0.,1.,0.));
#1608=DIRECTION('',(0.,0.,1.));
#1609=DIRECTION('',(0.,1.,0.));
#1610=DIRECTION('',(-1.,0.,-6.19544098563146E-16));
#1611=DIRECTION('',(-6.19544098563146E-16,0.,1.));
#1612=DIRECTION('',(-6.19544098563146E-16,0.,1.));
#1613=DIRECTION('',(0.,1.,0.));
#1614=DIRECTION('',(0.,1.,0.));
#1615=DIRECTION('',(0.,0.,1.));
#1616=DIRECTION('',(0.,1.,0.));
#1617=DIRECTION('',(0.,0.,1.));
#1618=DIRECTION('',(0.,1.,0.));
#1619=DIRECTION('',(0.,0.,1.));
#1620=DIRECTION('',(1.,0.,0.));
#1621=DIRECTION('',(1.,0.,0.));
#1622=DIRECTION('',(0.,0.,-1.));
#1623=DIRECTION('',(-1.,0.,0.));
#1624=DIRECTION('',(-1.,0.,0.));
#1625=DIRECTION('',(-1.,0.,0.));
#1626=DIRECTION('',(0.,0.,1.));
#1627=DIRECTION('',(0.,0.,1.));
#1628=DIRECTION('',(-1.,0.,-6.19544098563145E-16));
#1629=DIRECTION('',(-6.19544098563145E-16,0.,1.));
#1630=DIRECTION('',(-6.19544098563145E-16,0.,1.));
#1631=DIRECTION('',(0.,1.,0.));
#1632=DIRECTION('',(-1.,0.,0.));
#1633=DIRECTION('',(0.,0.,-1.));
#1634=DIRECTION('',(-1.,0.,0.));
#1635=DIRECTION('',(0.,0.,-1.));
#1636=DIRECTION('',(-1.,0.,0.));
#1637=DIRECTION('',(1.,0.,0.));
#1638=DIRECTION('',(0.,0.,-1.));
#1639=DIRECTION('',(0.,0.,1.));
#1640=DIRECTION('',(0.,0.,1.));
#1641=DIRECTION('',(0.,1.,0.));
#1642=DIRECTION('',(0.,0.,1.));
#1643=DIRECTION('',(0.,0.,1.));
#1644=DIRECTION('',(1.,0.,0.));
#1645=DIRECTION('',(0.,0.,-1.));
#1646=DIRECTION('',(0.,0.,1.));
#1647=DIRECTION('',(0.,1.,0.));
#1648=DIRECTION('',(0.,0.,1.));
#1649=CARTESIAN_POINT('',(0.,0.,0.));
#1650=CARTESIAN_POINT('',(0.0025,0.0015,0.08));
#1651=CARTESIAN_POINT('',(0.005,0.0015,0.08));
#1652=CARTESIAN_POINT('',(0.005,0.0015,0.0795));
#1653=CARTESIAN_POINT('',(0.005,0.0015,0.008));
#1654=CARTESIAN_POINT('',(0.0049999999999993,0.0015,0.00800000000000001));
#1655=CARTESIAN_POINT('',(0.00166666666666632,0.0015,0.00800000000000001));
#1656=CARTESIAN_POINT('',(-0.00166666666666667,0.0015,0.00800000000000001));
#1657=CARTESIAN_POINT('',(-0.00499999999999965,0.0015,0.00800000000000001));
#1658=CARTESIAN_POINT('',(-0.005,0.0015,0.008));
#1659=CARTESIAN_POINT('',(-0.005,0.0015,0.08));
#1660=CARTESIAN_POINT('',(-0.005,0.0015,0.0795));
#1661=CARTESIAN_POINT('',(-0.005,0.0015,0.0795));
#1662=CARTESIAN_POINT('',(-0.00166666666666667,0.0015,0.0795));
#1663=CARTESIAN_POINT('',(0.00166666666666667,0.0015,0.0795));
#1664=CARTESIAN_POINT('',(0.005,0.0015,0.0795));
#1665=CARTESIAN_POINT('',(-0.004,0.,0.08));
#1666=CARTESIAN_POINT('',(0.008,0.,0.08));
#1667=CARTESIAN_POINT('',(0.008,0.,0.081));
#1668=CARTESIAN_POINT('',(0.008,0.,0.));
#1669=CARTESIAN_POINT('',(0.00800000000000056,0.,0.081));
#1670=CARTESIAN_POINT('',(0.00266666666666666,0.,0.081));
#1671=CARTESIAN_POINT('',(-0.00266666666666723,0.,0.081));
#1672=CARTESIAN_POINT('',(-0.00800000000000113,0.,0.081));
#1673=CARTESIAN_POINT('',(-0.008,0.,0.081));
#1674=CARTESIAN_POINT('',(-0.008,0.,0.08));
#1675=CARTESIAN_POINT('',(-0.008,0.,0.));
#1676=CARTESIAN_POINT('',(-0.004,0.,0.));
#1677=CARTESIAN_POINT('',(-2.60208521396521E-18,0.,0.002));
#1678=CARTESIAN_POINT('',(0.005,0.,0.002));
#1679=CARTESIAN_POINT('',(-0.005,0.,0.002));
#1680=CARTESIAN_POINT('',(-0.005,0.,0.0045));
#1681=CARTESIAN_POINT('',(-0.005,0.,0.007));
#1682=CARTESIAN_POINT('',(-1.7347234759768E-18,0.,0.007));
#1683=CARTESIAN_POINT('',(0.005,0.,0.007));
#1684=CARTESIAN_POINT('',(0.005,0.,0.0045));
#1685=CARTESIAN_POINT('',(-0.005,0.004,0.08));
#1686=CARTESIAN_POINT('',(-0.005,0.0015,0.002));
#1687=CARTESIAN_POINT('',(-0.005,0.0045,0.002));
#1688=CARTESIAN_POINT('',(-0.005,0.0045,0.002));
#1689=CARTESIAN_POINT('',(-0.005,0.00583333333333333,0.002));
#1690=CARTESIAN_POINT('',(-0.005,0.0065,0.00266666666666667));
#1691=CARTESIAN_POINT('',(-0.005,0.0065,0.004));
#1692=CARTESIAN_POINT('',(-0.005,0.0065,0.004));
#1693=CARTESIAN_POINT('',(-0.005,0.0065,0.08));
#1694=CARTESIAN_POINT('',(-0.005,0.0065,0.08));
#1695=CARTESIAN_POINT('',(-0.005,0.0065,0.08));
#1696=CARTESIAN_POINT('',(-0.005,0.0065,0.0802033439299981));
#1697=CARTESIAN_POINT('',(-0.005,0.006527025441262,0.0806121101413838));
#1698=CARTESIAN_POINT('',(-0.005,0.00683275422754365,0.081165101859507));
#1699=CARTESIAN_POINT('',(-0.005,0.00738761518679978,0.0814731358500214));
#1700=CARTESIAN_POINT('',(-0.005,0.00779527239153991,0.0814999998303231));
#1701=CARTESIAN_POINT('',(-0.005,0.00799927473167729,0.0814999999997991));
#1702=CARTESIAN_POINT('',(-0.005,0.00799927473167738,0.081499999874955));
#1703=CARTESIAN_POINT('',(-0.005,0.056,0.0815));
#1704=CARTESIAN_POINT('',(-0.005,0.0345,0.0815));
#1705=CARTESIAN_POINT('',(-0.005,0.0345,0.08));
#1706=CARTESIAN_POINT('',(-0.005,0.0345,0.086));
#1707=CARTESIAN_POINT('',(-0.005,0.0295,0.086));
#1708=CARTESIAN_POINT('',(-0.005,0.0295,0.086));
#1709=CARTESIAN_POINT('',(-0.005,0.0295,0.08525));
#1710=CARTESIAN_POINT('',(-0.005,0.0295,0.0855));
#1711=CARTESIAN_POINT('',(-0.005,0.0295,0.0855));
#1712=CARTESIAN_POINT('',(-0.005,0.0295,0.0853643972173599));
#1713=CARTESIAN_POINT('',(-0.005,0.0294819681642536,0.0850917994588639));
#1714=CARTESIAN_POINT('',(-0.005,0.0292780040612414,0.0847230751574211));
#1715=CARTESIAN_POINT('',(-0.005,0.0289078967489464,0.0845177822258398));
#1716=CARTESIAN_POINT('',(-0.005,0.0286360418532481,0.0845));
#1717=CARTESIAN_POINT('',(-0.005,0.0285,0.0845));
#1718=CARTESIAN_POINT('',(-0.005,0.0285,0.0845));
#1719=CARTESIAN_POINT('',(-0.005,0.008,0.0845));
#1720=CARTESIAN_POINT('',(-0.005,0.0065,0.0845));
#1721=CARTESIAN_POINT('',(-0.005,0.0065,0.0845));
#1722=CARTESIAN_POINT('',(-0.005,0.00628763969300546,0.0845));
#1723=CARTESIAN_POINT('',(-0.005,0.0059055511210205,0.0844934904583051));
#1724=CARTESIAN_POINT('',(-0.005,0.00554227301330429,0.0844675865607465));
#1725=CARTESIAN_POINT('',(-0.005,0.00536451394649108,0.0844474930956505));
#1726=CARTESIAN_POINT('',(-0.005,0.00518818127538422,0.0844232902800399));
#1727=CARTESIAN_POINT('',(-0.005,0.00489266444043426,0.0843712781815229));
#1728=CARTESIAN_POINT('',(-0.005,0.00432576574706279,0.0842301415086419));
#1729=CARTESIAN_POINT('',(-0.005,0.00350152232091171,0.0838817514609986));
#1730=CARTESIAN_POINT('',(-0.005,0.00271037366308372,0.0832727037547745));
#1731=CARTESIAN_POINT('',(-0.005,0.00211306260278615,0.0824818329846954));
#1732=CARTESIAN_POINT('',(-0.005,0.00177574700372668,0.0816977285604469));
#1733=CARTESIAN_POINT('',(-0.005,0.00160642663420406,0.081014606653336));
#1734=CARTESIAN_POINT('',(-0.005,0.00155244214498251,0.0806608894023476));
#1735=CARTESIAN_POINT('',(-0.005,0.00152611390206382,0.0803824149630395));
#1736=CARTESIAN_POINT('',(-0.005,0.00151735188384571,0.0802619345844422));
#1737=CARTESIAN_POINT('',(-0.005,0.00150417556066166,0.0799990934435338));
#1738=CARTESIAN_POINT('',(-0.005,0.0015,0.0797169504138621));
#1739=CARTESIAN_POINT('',(-0.005,0.0015,0.0795));
#1740=CARTESIAN_POINT('',(-0.005,0.0015,0.008));
#1741=CARTESIAN_POINT('',(-0.005,0.0015,0.00786439721735994));
#1742=CARTESIAN_POINT('',(-0.00499999999999999,0.00148196816425357,0.00759179945886385));
#1743=CARTESIAN_POINT('',(-0.005,0.00127800406124138,0.00722307515742104));
#1744=CARTESIAN_POINT('',(-0.005,0.000907896748946408,0.00701778222583988));
#1745=CARTESIAN_POINT('',(-0.005,0.000636041853248099,0.007));
#1746=CARTESIAN_POINT('',(-0.005,0.0005,0.007));
#1747=CARTESIAN_POINT('',(-0.005,0.0005,0.007));
#1748=CARTESIAN_POINT('',(-0.005,0.005,0.007));
#1749=CARTESIAN_POINT('',(0.008,0.004,0.08));
#1750=CARTESIAN_POINT('',(0.008,0.005,0.005));
#1751=CARTESIAN_POINT('',(0.008,0.005,0.005));
#1752=CARTESIAN_POINT('',(0.008,0.008,0.005));
#1753=CARTESIAN_POINT('',(0.008,0.005,0.08));
#1754=CARTESIAN_POINT('',(0.008,0.005,0.015));
#1755=CARTESIAN_POINT('',(0.008,0.005,0.015));
#1756=CARTESIAN_POINT('',(0.008,0.008,0.015));
#1757=CARTESIAN_POINT('',(0.008,0.008,0.08));
#1758=CARTESIAN_POINT('',(0.008,0.008,0.075));
#1759=CARTESIAN_POINT('',(0.008,0.008,0.075));
#1760=CARTESIAN_POINT('',(0.008,0.008,0.0756780139132003));
#1761=CARTESIAN_POINT('',(0.008,0.00809015917873215,0.0770410027056808));
#1762=CARTESIAN_POINT('',(0.008,0.00910997969379311,0.0788846242128948));
#1763=CARTESIAN_POINT('',(0.008,0.010960516255268,0.0799110888708006));
#1764=CARTESIAN_POINT('',(0.008,0.0123197907337595,0.08));
#1765=CARTESIAN_POINT('',(0.008,0.013,0.08));
#1766=CARTESIAN_POINT('',(0.008,0.013,0.08));
#1767=CARTESIAN_POINT('',(0.008,0.056,0.08));
#1768=CARTESIAN_POINT('',(0.008,0.029,0.08));
#1769=CARTESIAN_POINT('',(0.008,0.029,0.0800000000000039));
#1770=CARTESIAN_POINT('',(0.008,0.029,0.0820000000000024));
#1771=CARTESIAN_POINT('',(0.008,0.029,0.084000000000001));
#1772=CARTESIAN_POINT('',(0.008,0.029,0.0859999999999995));
#1773=CARTESIAN_POINT('',(0.008,0.029,0.086));
#1774=CARTESIAN_POINT('',(0.008,0.004,0.086));
#1775=CARTESIAN_POINT('',(0.008,0.005,0.086));
#1776=CARTESIAN_POINT('',(0.008,0.005,0.086));
#1777=CARTESIAN_POINT('',(0.008,0.00478763969304496,0.086));
#1778=CARTESIAN_POINT('',(0.008,0.00440555112109911,0.0859934904583043));
#1779=CARTESIAN_POINT('',(0.008,0.00404227301337313,0.0859675865607485));
#1780=CARTESIAN_POINT('',(0.008,0.00386451394648597,0.0859474930956489));
#1781=CARTESIAN_POINT('',(0.008,0.00368818127540393,0.0859232902800487));
#1782=CARTESIAN_POINT('',(0.008,0.00339266444047371,0.0858712781815416));
#1783=CARTESIAN_POINT('',(0.008,0.00282576574708916,0.085730141508655));
#1784=CARTESIAN_POINT('',(0.008,0.00200152232087739,0.0853817514609745));
#1785=CARTESIAN_POINT('',(0.008,0.00121037366306963,0.0847727037547693));
#1786=CARTESIAN_POINT('',(0.008,0.000613062602778333,0.083981832984669));
#1787=CARTESIAN_POINT('',(0.008,0.000275747003715027,0.0831977285604288));
#1788=CARTESIAN_POINT('',(0.008,0.000106426634205201,0.0825146066533269));
#1789=CARTESIAN_POINT('',(0.008,5.24421449804369E-5,0.0821608894023253));
#1790=CARTESIAN_POINT('',(0.008,2.6113902063875E-5,0.0818824149630401));
#1791=CARTESIAN_POINT('',(0.008,1.73518838456673E-5,0.0817619345844411));
#1792=CARTESIAN_POINT('',(0.008,4.17556066168665E-6,0.0814990934435327));
#1793=CARTESIAN_POINT('',(0.008,0.,0.0812169504138613));
#1794=CARTESIAN_POINT('',(0.008,0.,0.081));
#1795=CARTESIAN_POINT('',(0.008,0.004,0.));
#1796=CARTESIAN_POINT('',(0.008,0.008,0.));
#1797=CARTESIAN_POINT('',(0.008,0.008,0.08));
#1798=CARTESIAN_POINT('',(0.,0.056,0.0815));
#1799=CARTESIAN_POINT('',(1.7347234759768E-18,0.046,0.0815));
#1800=CARTESIAN_POINT('',(0.009,0.046,0.0815));
#1801=CARTESIAN_POINT('',(-0.009,0.046,0.0815));
#1802=CARTESIAN_POINT('',(0.009,0.03675,0.0815));
#1803=CARTESIAN_POINT('',(0.009,0.036,0.0815));
#1804=CARTESIAN_POINT('',(1.7347234759768E-18,0.036,0.0815));
#1805=CARTESIAN_POINT('',(-0.009,0.036,0.0815));
#1806=CARTESIAN_POINT('',(-0.009,0.041,0.0815));
#1807=CARTESIAN_POINT('',(-0.00765,0.04915,0.0815));
#1808=CARTESIAN_POINT('',(-0.00565,0.04915,0.0815));
#1809=CARTESIAN_POINT('',(3.46944695195361E-18,0.0345,0.0815));
#1810=CARTESIAN_POINT('',(0.009,0.0345,0.0815));
#1811=CARTESIAN_POINT('',(0.005,0.0345,0.0815));
#1812=CARTESIAN_POINT('',(0.009,0.0345,0.0815));
#1813=CARTESIAN_POINT('',(0.00912734257264213,0.0345,0.0815));
#1814=CARTESIAN_POINT('',(0.00936155881867718,0.0345045340785858,0.0815));
#1815=CARTESIAN_POINT('',(0.00958487954843711,0.0345194470177417,0.0815));
#1816=CARTESIAN_POINT('',(0.00975476557896428,0.0345406863135939,0.0815));
#1817=CARTESIAN_POINT('',(0.00996810658032967,0.0345776706634648,0.0815));
#1818=CARTESIAN_POINT('',(0.0103015933758754,0.0346614994532299,0.0815));
#1819=CARTESIAN_POINT('',(0.0107999965201014,0.0348713336963059,0.0815));
#1820=CARTESIAN_POINT('',(0.011272980589088,0.0352347792839036,0.0815));
#1821=CARTESIAN_POINT('',(0.0116336704780908,0.0357163545602495,0.0815));
#1822=CARTESIAN_POINT('',(0.0118104593783614,0.0361198272401642,0.0815));
#1823=CARTESIAN_POINT('',(0.0119011018857371,0.0364491682052587,0.0815));
#1824=CARTESIAN_POINT('',(0.0119349199864383,0.036602725213279,0.0815));
#1825=CARTESIAN_POINT('',(0.0119840484029551,0.0369218987347275,0.0815));
#1826=CARTESIAN_POINT('',(0.012,0.0372517409411504,0.0815));
#1827=CARTESIAN_POINT('',(0.012,0.0375,0.0815));
#1828=CARTESIAN_POINT('',(0.012,0.0375,0.0815));
#1829=CARTESIAN_POINT('',(0.012,0.0535,0.0815));
#1830=CARTESIAN_POINT('',(0.012,0.0505,0.0815));
#1831=CARTESIAN_POINT('',(0.012,0.0505,0.0815));
#1832=CARTESIAN_POINT('',(0.012,0.0506273425726413,0.0815));
#1833=CARTESIAN_POINT('',(0.0119954659214143,0.0508615588186751,0.0815));
#1834=CARTESIAN_POINT('',(0.0119805529822582,0.0510848795484369,0.0815));
#1835=CARTESIAN_POINT('',(0.0119593136864063,0.0512547655789632,0.0815));
#1836=CARTESIAN_POINT('',(0.0119223293365362,0.0514681065803244,0.0815));
#1837=CARTESIAN_POINT('',(0.0118385005467701,0.0518015933758735,0.0815));
#1838=CARTESIAN_POINT('',(0.0116286663036972,0.0522999965200991,0.0815));
#1839=CARTESIAN_POINT('',(0.0112652207160984,0.0527729805890858,0.0815));
#1840=CARTESIAN_POINT('',(0.0107836454397516,0.0531336704780905,0.0815));
#1841=CARTESIAN_POINT('',(0.0103801727598389,0.0533104593783599,0.0815));
#1842=CARTESIAN_POINT('',(0.010050831794741,0.0534011018857372,0.0815));
#1843=CARTESIAN_POINT('',(0.00989727478672244,0.0534349199864383,0.0815));
#1844=CARTESIAN_POINT('',(0.00957810126527496,0.0534840484029551,0.0815));
#1845=CARTESIAN_POINT('',(0.00924825905885117,0.0535,0.0815));
#1846=CARTESIAN_POINT('',(0.009,0.0535,0.0815));
#1847=CARTESIAN_POINT('',(0.009,0.0535,0.0815));
#1848=CARTESIAN_POINT('',(-2.02384405530627E-18,0.0535,0.0815));
#1849=CARTESIAN_POINT('',(-0.009,0.0535,0.0815));
#1850=CARTESIAN_POINT('',(-0.009,0.0535,0.0815));
#1851=CARTESIAN_POINT('',(-0.00912734257264223,0.0535,0.0815));
#1852=CARTESIAN_POINT('',(-0.00936155881867675,0.0534954659214143,0.0815));
#1853=CARTESIAN_POINT('',(-0.00958487954843903,0.0534805529822581,0.0815));
#1854=CARTESIAN_POINT('',(-0.00975476557896115,0.0534593136864065,0.0815));
#1855=CARTESIAN_POINT('',(-0.00996810658031633,0.0534223293365369,0.0815));
#1856=CARTESIAN_POINT('',(-0.0103015933758701,0.0533385005467697,0.0815));
#1857=CARTESIAN_POINT('',(-0.010799996520096,0.0531286663037035,0.0815));
#1858=CARTESIAN_POINT('',(-0.0112729805890812,0.0527652207161044,0.0815));
#1859=CARTESIAN_POINT('',(-0.0116336704780941,0.0522836454397469,0.0815));
#1860=CARTESIAN_POINT('',(-0.0118104593783635,0.0518801727598327,0.0815));
#1861=CARTESIAN_POINT('',(-0.0119011018857371,0.0515508317947418,0.0815));
#1862=CARTESIAN_POINT('',(-0.0119349199864384,0.0513972747867183,0.0815));
#1863=CARTESIAN_POINT('',(-0.0119840484029551,0.0510781012652677,0.0815));
#1864=CARTESIAN_POINT('',(-0.012,0.0507482590588466,0.0815));
#1865=CARTESIAN_POINT('',(-0.012,0.0505,0.0815));
#1866=CARTESIAN_POINT('',(-0.012,0.0505,0.0815));
#1867=CARTESIAN_POINT('',(-0.012,0.0535,0.0815));
#1868=CARTESIAN_POINT('',(-0.012,0.0375,0.0815));
#1869=CARTESIAN_POINT('',(-0.012,0.0375,0.0815));
#1870=CARTESIAN_POINT('',(-0.012,0.0373726574273565,0.0815));
#1871=CARTESIAN_POINT('',(-0.0119954659214142,0.0371384411813198,0.0815));
#1872=CARTESIAN_POINT('',(-0.0119805529822584,0.0369151204515614,0.0815));
#1873=CARTESIAN_POINT('',(-0.011959313686406,0.036745234421036,0.0815));
#1874=CARTESIAN_POINT('',(-0.0119223293365347,0.0365318934196701,0.0815));
#1875=CARTESIAN_POINT('',(-0.0118385005467694,0.0361984066241239,0.0815));
#1876=CARTESIAN_POINT('',(-0.0116286663036976,0.0357000034799047,0.0815));
#1877=CARTESIAN_POINT('',(-0.0112652207160985,0.035227019410917,0.0815));
#1878=CARTESIAN_POINT('',(-0.0107836454397516,0.034866329521907,0.0815));
#1879=CARTESIAN_POINT('',(-0.0103801727598374,0.0346895406216374,0.0815));
#1880=CARTESIAN_POINT('',(-0.0100508317947418,0.0345988981142629,0.0815));
#1881=CARTESIAN_POINT('',(-0.00989727478671801,0.0345650800135616,0.0815));
#1882=CARTESIAN_POINT('',(-0.0095781012652669,0.0345159515970449,0.0815));
#1883=CARTESIAN_POINT('',(-0.0092482590588461,0.0345,0.0815));
#1884=CARTESIAN_POINT('',(-0.009,0.0345,0.0815));
#1885=CARTESIAN_POINT('',(-0.009,0.0345,0.0815));
#1886=CARTESIAN_POINT('',(3.46944695195361E-18,0.0345,0.0815));
#1887=CARTESIAN_POINT('',(0.,0.008,0.0815));
#1888=CARTESIAN_POINT('',(0.005,0.008,0.0815));
#1889=CARTESIAN_POINT('',(0.005,0.056,0.0815));
#1890=CARTESIAN_POINT('',(0.00765,0.04915,0.0815));
#1891=CARTESIAN_POINT('',(0.00965,0.04915,0.0815));
#1892=CARTESIAN_POINT('',(0.0065,0.056,0.08));
#1893=CARTESIAN_POINT('',(0.009,0.056,0.08));
#1894=CARTESIAN_POINT('',(0.009,0.046,0.08));
#1895=CARTESIAN_POINT('',(0.009,0.036,0.08));
#1896=CARTESIAN_POINT('',(0.0065,0.046,0.08));
#1897=CARTESIAN_POINT('',(-0.009,0.046,0.08));
#1898=CARTESIAN_POINT('',(-0.009,0.056,0.08));
#1899=CARTESIAN_POINT('',(-0.009,0.036,0.08));
#1900=CARTESIAN_POINT('',(0.0065,0.036,0.08));
#1901=CARTESIAN_POINT('',(-0.0145,0.044,0.08));
#1902=CARTESIAN_POINT('',(-0.0145,0.035,0.08));
#1903=CARTESIAN_POINT('',(-0.0145,0.053,0.08));
#1904=CARTESIAN_POINT('',(-0.0145,0.053,0.08));
#1905=CARTESIAN_POINT('',(-0.0145,0.053127342572642,0.08));
#1906=CARTESIAN_POINT('',(-0.0144954659214143,0.0533615588186767,0.08));
#1907=CARTESIAN_POINT('',(-0.0144805529822582,0.0535848795484376,0.08));
#1908=CARTESIAN_POINT('',(-0.0144593136864063,0.0537547655789632,0.08));
#1909=CARTESIAN_POINT('',(-0.0144223293365358,0.0539681065803251,0.08));
#1910=CARTESIAN_POINT('',(-0.01433850054677,0.0543015933758736,0.08));
#1911=CARTESIAN_POINT('',(-0.0141286663036972,0.0547999965200993,0.08));
#1912=CARTESIAN_POINT('',(-0.0137652207160998,0.0552729805890849,0.08));
#1913=CARTESIAN_POINT('',(-0.0132836454397473,0.0556336704780938,0.08));
#1914=CARTESIAN_POINT('',(-0.0128801727598307,0.0558104593783649,0.08));
#1915=CARTESIAN_POINT('',(-0.0125508317947421,0.055901101885737,0.08));
#1916=CARTESIAN_POINT('',(-0.0123972747867169,0.0559349199864384,0.08));
#1917=CARTESIAN_POINT('',(-0.0120781012652651,0.0559840484029551,0.08));
#1918=CARTESIAN_POINT('',(-0.0117482590588449,0.056,0.08));
#1919=CARTESIAN_POINT('',(-0.0115,0.056,0.08));
#1920=CARTESIAN_POINT('',(-0.0115,0.056,0.08));
#1921=CARTESIAN_POINT('',(0.0065,0.056,0.08));
#1922=CARTESIAN_POINT('',(0.0115,0.056,0.08));
#1923=CARTESIAN_POINT('',(0.0115,0.056,0.08));
#1924=CARTESIAN_POINT('',(0.0116273425726448,0.056,0.08));
#1925=CARTESIAN_POINT('',(0.0118615588186837,0.0559954659214141,0.08));
#1926=CARTESIAN_POINT('',(0.0120848795484385,0.0559805529822587,0.08));
#1927=CARTESIAN_POINT('',(0.0122547655789665,0.0559593136864056,0.08));
#1928=CARTESIAN_POINT('',(0.0124681065803417,0.0559223293365326,0.08));
#1929=CARTESIAN_POINT('',(0.0128015933758804,0.0558385005467695,0.08));
#1930=CARTESIAN_POINT('',(0.0132999965201009,0.0556286663036902,0.08));
#1931=CARTESIAN_POINT('',(0.0137729805890897,0.0552652207160923,0.08));
#1932=CARTESIAN_POINT('',(0.0141336704780899,0.0547836454397535,0.08));
#1933=CARTESIAN_POINT('',(0.0143104593783607,0.0543801727598388,0.08));
#1934=CARTESIAN_POINT('',(0.0144011018857371,0.0540508317947413,0.08));
#1935=CARTESIAN_POINT('',(0.0144349199864383,0.0538972747867211,0.08));
#1936=CARTESIAN_POINT('',(0.0144840484029551,0.0535781012652725,0.08));
#1937=CARTESIAN_POINT('',(0.0145,0.0532482590588496,0.08));
#1938=CARTESIAN_POINT('',(0.0145,0.053,0.08));
#1939=CARTESIAN_POINT('',(0.0145,0.053,0.08));
#1940=CARTESIAN_POINT('',(0.0145,0.044,0.08));
#1941=CARTESIAN_POINT('',(0.0145,0.035,0.08));
#1942=CARTESIAN_POINT('',(0.0145,0.035,0.08));
#1943=CARTESIAN_POINT('',(0.0145,0.0348726574273583,0.08));
#1944=CARTESIAN_POINT('',(0.0144954659214143,0.0346384411813241,0.08));
#1945=CARTESIAN_POINT('',(0.0144805529822582,0.0344151204515628,0.08));
#1946=CARTESIAN_POINT('',(0.0144593136864063,0.0342452344210367,0.08));
#1947=CARTESIAN_POINT('',(0.014422329336536,0.0340318934196751,0.08));
#1948=CARTESIAN_POINT('',(0.0143385005467696,0.0336984066241253,0.08));
#1949=CARTESIAN_POINT('',(0.0141286663037007,0.0332000034799089,0.08));
#1950=CARTESIAN_POINT('',(0.0137652207160985,0.0327270194109194,0.08));
#1951=CARTESIAN_POINT('',(0.0132836454397587,0.0323663295219106,0.08));
#1952=CARTESIAN_POINT('',(0.0128801727598511,0.0321895406216443,0.08));
#1953=CARTESIAN_POINT('',(0.0125508317947403,0.0320988981142627,0.08));
#1954=CARTESIAN_POINT('',(0.0123972747867247,0.0320650800135617,0.08));
#1955=CARTESIAN_POINT('',(0.0120781012652786,0.0320159515970448,0.08));
#1956=CARTESIAN_POINT('',(0.0117482590588535,0.032,0.08));
#1957=CARTESIAN_POINT('',(0.0115,0.032,0.08));
#1958=CARTESIAN_POINT('',(0.0115,0.032,0.08));
#1959=CARTESIAN_POINT('',(3.46944695195361E-18,0.032,0.08));
#1960=CARTESIAN_POINT('',(0.011,0.032,0.08));
#1961=CARTESIAN_POINT('',(0.011,0.032,0.08));
#1962=CARTESIAN_POINT('',(0.0105931916520798,0.032,0.08));
#1963=CARTESIAN_POINT('',(0.00977539837659154,0.0319459044927607,0.08));
#1964=CARTESIAN_POINT('',(0.00866922547226313,0.0313340121837241,0.08));
#1965=CARTESIAN_POINT('',(0.00805334667751963,0.0302236902468392,0.08));
#1966=CARTESIAN_POINT('',(0.008,0.0294081255597443,0.08));
#1967=CARTESIAN_POINT('',(0.008,0.029,0.08));
#1968=CARTESIAN_POINT('',(0.008,0.013,0.08));
#1969=CARTESIAN_POINT('',(0.00266666666666667,0.013,0.08));
#1970=CARTESIAN_POINT('',(-0.00266666666666667,0.013,0.08));
#1971=CARTESIAN_POINT('',(-0.008,0.013,0.08));
#1972=CARTESIAN_POINT('',(-0.008,0.013,0.08));
#1973=CARTESIAN_POINT('',(-0.008,0.056,0.08));
#1974=CARTESIAN_POINT('',(-0.008,0.029,0.08));
#1975=CARTESIAN_POINT('',(-0.008,0.029,0.08));
#1976=CARTESIAN_POINT('',(-0.008,0.0294068083479202,0.08));
#1977=CARTESIAN_POINT('',(-0.00805409550723928,0.0302246016234085,0.08));
#1978=CARTESIAN_POINT('',(-0.00866598781627585,0.0313307745277369,0.08));
#1979=CARTESIAN_POINT('',(-0.00977630975316076,0.0319466533224804,0.08));
#1980=CARTESIAN_POINT('',(-0.0105918744402557,0.032,0.08));
#1981=CARTESIAN_POINT('',(-0.011,0.032,0.08));
#1982=CARTESIAN_POINT('',(-0.011,0.032,0.08));
#1983=CARTESIAN_POINT('',(3.46944695195361E-18,0.032,0.08));
#1984=CARTESIAN_POINT('',(-0.0115,0.032,0.08));
#1985=CARTESIAN_POINT('',(-0.0115,0.032,0.08));
#1986=CARTESIAN_POINT('',(-0.011627342572642,0.032,0.08));
#1987=CARTESIAN_POINT('',(-0.011861558818677,0.0320045340785858,0.08));
#1988=CARTESIAN_POINT('',(-0.0120848795484367,0.0320194470177417,0.08));
#1989=CARTESIAN_POINT('',(-0.0122547655789649,0.0320406863135939,0.08));
#1990=CARTESIAN_POINT('',(-0.0124681065803321,0.0320776706634651,0.08));
#1991=CARTESIAN_POINT('',(-0.0128015933758764,0.0321614994532298,0.08));
#1992=CARTESIAN_POINT('',(-0.0132999965201023,0.0323713336963076,0.08));
#1993=CARTESIAN_POINT('',(-0.0137729805890891,0.0327347792839049,0.08));
#1994=CARTESIAN_POINT('',(-0.0141336704780905,0.0332163545602491,0.08));
#1995=CARTESIAN_POINT('',(-0.0143104593783614,0.0336198272401642,0.08));
#1996=CARTESIAN_POINT('',(-0.0144011018857371,0.0339491682052587,0.08));
#1997=CARTESIAN_POINT('',(-0.0144349199864383,0.0341027252132789,0.08));
#1998=CARTESIAN_POINT('',(-0.0144840484029551,0.0344218987347274,0.08));
#1999=CARTESIAN_POINT('',(-0.0145,0.0347517409411504,0.08));
#2000=CARTESIAN_POINT('',(-0.0145,0.035,0.08));
#2001=CARTESIAN_POINT('',(-0.00765,0.04915,0.08));
#2002=CARTESIAN_POINT('',(-0.00965,0.04915,0.08));
#2003=CARTESIAN_POINT('',(0.00765,0.04915,0.08));
#2004=CARTESIAN_POINT('',(0.00565,0.04915,0.08));
#2005=CARTESIAN_POINT('',(3.46944695195361E-18,0.0345,0.08));
#2006=CARTESIAN_POINT('',(3.46944695195361E-18,0.0345,0.086));
#2007=CARTESIAN_POINT('',(-0.009,0.0345,0.086));
#2008=CARTESIAN_POINT('',(-0.009,0.0345,0.0814999999999998));
#2009=CARTESIAN_POINT('',(-0.009,0.0345,0.0829999999999999));
#2010=CARTESIAN_POINT('',(-0.009,0.0345,0.0845000000000001));
#2011=CARTESIAN_POINT('',(-0.009,0.0345,0.0860000000000002));
#2012=CARTESIAN_POINT('',(0.,0.004,0.086));
#2013=CARTESIAN_POINT('',(0.0025,0.056,0.086));
#2014=CARTESIAN_POINT('',(-0.0115,0.056,0.086));
#2015=CARTESIAN_POINT('',(0.0115,0.056,0.086));
#2016=CARTESIAN_POINT('',(-0.0115,0.056,0.086));
#2017=CARTESIAN_POINT('',(-0.0116273425726421,0.056,0.086));
#2018=CARTESIAN_POINT('',(-0.011861558818677,0.0559954659214142,0.086));
#2019=CARTESIAN_POINT('',(-0.0120848795484373,0.0559805529822582,0.086));
#2020=CARTESIAN_POINT('',(-0.0122547655789639,0.0559593136864061,0.086));
#2021=CARTESIAN_POINT('',(-0.0124681065803278,0.0559223293365354,0.086));
#2022=CARTESIAN_POINT('',(-0.0128015933758751,0.0558385005467699,0.086));
#2023=CARTESIAN_POINT('',(-0.0132999965200971,0.0556286663036968,0.086));
#2024=CARTESIAN_POINT('',(-0.0137729805890839,0.0552652207160985,0.086));
#2025=CARTESIAN_POINT('',(-0.0141336704780935,0.0547836454397499,0.086));
#2026=CARTESIAN_POINT('',(-0.0143104593783639,0.0543801727598344,0.086));
#2027=CARTESIAN_POINT('',(-0.0144011018857371,0.054050831794742,0.086));
#2028=CARTESIAN_POINT('',(-0.0144349199864384,0.0538972747867171,0.086));
#2029=CARTESIAN_POINT('',(-0.0144840484029551,0.0535781012652652,0.086));
#2030=CARTESIAN_POINT('',(-0.0145,0.0532482590588451,0.086));
#2031=CARTESIAN_POINT('',(-0.0145,0.053,0.086));
#2032=CARTESIAN_POINT('',(-0.0145,0.053,0.086));
#2033=CARTESIAN_POINT('',(-0.0145,0.044,0.086));
#2034=CARTESIAN_POINT('',(-0.0145,0.035,0.086));
#2035=CARTESIAN_POINT('',(-0.0145,0.035,0.086));
#2036=CARTESIAN_POINT('',(-0.0145,0.0348726574273583,0.086));
#2037=CARTESIAN_POINT('',(-0.0144954659214143,0.0346384411813241,0.086));
#2038=CARTESIAN_POINT('',(-0.0144805529822582,0.0344151204515626,0.086));
#2039=CARTESIAN_POINT('',(-0.0144593136864063,0.034245234421037,0.086));
#2040=CARTESIAN_POINT('',(-0.0144223293365362,0.0340318934196765,0.086));
#2041=CARTESIAN_POINT('',(-0.0143385005467698,0.0336984066241265,0.086));
#2042=CARTESIAN_POINT('',(-0.0141286663036996,0.0332000034799043,0.086));
#2043=CARTESIAN_POINT('',(-0.0137652207160988,0.0327270194109162,0.086));
#2044=CARTESIAN_POINT('',(-0.0132836454397557,0.0323663295219112,0.086));
#2045=CARTESIAN_POINT('',(-0.0128801727598467,0.0321895406216439,0.086));
#2046=CARTESIAN_POINT('',(-0.0125508317947402,0.0320988981142627,0.086));
#2047=CARTESIAN_POINT('',(-0.0123972747867258,0.0320650800135617,0.086));
#2048=CARTESIAN_POINT('',(-0.0120781012652807,0.0320159515970448,0.086));
#2049=CARTESIAN_POINT('',(-0.0117482590588549,0.032,0.086));
#2050=CARTESIAN_POINT('',(-0.0115,0.032,0.086));
#2051=CARTESIAN_POINT('',(-0.0115,0.032,0.086));
#2052=CARTESIAN_POINT('',(3.46944695195361E-18,0.032,0.086));
#2053=CARTESIAN_POINT('',(-0.011,0.032,0.086));
#2054=CARTESIAN_POINT('',(-0.011,0.032,0.086));
#2055=CARTESIAN_POINT('',(-0.0105931916520798,0.032,0.086));
#2056=CARTESIAN_POINT('',(-0.00977539837659157,0.0319459044927607,0.086));
#2057=CARTESIAN_POINT('',(-0.00866922547226312,0.0313340121837241,0.086));
#2058=CARTESIAN_POINT('',(-0.00805334667751965,0.0302236902468392,0.0860000000000001));
#2059=CARTESIAN_POINT('',(-0.008,0.0294081255597443,0.086));
#2060=CARTESIAN_POINT('',(-0.008,0.029,0.086));
#2061=CARTESIAN_POINT('',(-0.008,0.029,0.086));
#2062=CARTESIAN_POINT('',(-0.008,0.004,0.086));
#2063=CARTESIAN_POINT('',(-0.008,0.005,0.086));
#2064=CARTESIAN_POINT('',(-0.00800000000000113,0.005,0.086));
#2065=CARTESIAN_POINT('',(-0.00266666666666723,0.005,0.086));
#2066=CARTESIAN_POINT('',(0.00266666666666666,0.005,0.086));
#2067=CARTESIAN_POINT('',(0.00800000000000056,0.005,0.086));
#2068=CARTESIAN_POINT('',(0.008,0.029,0.086));
#2069=CARTESIAN_POINT('',(0.008,0.0294068083479202,0.086));
#2070=CARTESIAN_POINT('',(0.00805409550723929,0.0302246016234085,0.086));
#2071=CARTESIAN_POINT('',(0.00866598781627585,0.0313307745277369,0.086));
#2072=CARTESIAN_POINT('',(0.00977630975316076,0.0319466533224803,0.086));
#2073=CARTESIAN_POINT('',(0.0105918744402557,0.032,0.086));
#2074=CARTESIAN_POINT('',(0.011,0.032,0.086));
#2075=CARTESIAN_POINT('',(0.011,0.032,0.086));
#2076=CARTESIAN_POINT('',(3.46944695195361E-18,0.032,0.086));
#2077=CARTESIAN_POINT('',(0.0115,0.032,0.086));
#2078=CARTESIAN_POINT('',(0.0115,0.032,0.086));
#2079=CARTESIAN_POINT('',(0.0116273425726396,0.032,0.086));
#2080=CARTESIAN_POINT('',(0.0118615588186711,0.0320045340785856,0.086));
#2081=CARTESIAN_POINT('',(0.0120848795484358,0.032019447017742,0.086));
#2082=CARTESIAN_POINT('',(0.0122547655789622,0.0320406863135933,0.086));
#2083=CARTESIAN_POINT('',(0.0124681065803183,0.0320776706634624,0.086));
#2084=CARTESIAN_POINT('',(0.0128015933758709,0.0321614994532294,0.086));
#2085=CARTESIAN_POINT('',(0.0132999965200992,0.0323713336963011,0.086));
#2086=CARTESIAN_POINT('',(0.0137729805890849,0.0327347792838998,0.086));
#2087=CARTESIAN_POINT('',(0.0141336704780909,0.0332163545602496,0.086));
#2088=CARTESIAN_POINT('',(0.0143104593783601,0.0336198272401622,0.086));
#2089=CARTESIAN_POINT('',(0.0144011018857371,0.033949168205259,0.086));
#2090=CARTESIAN_POINT('',(0.0144349199864383,0.0341027252132776,0.086));
#2091=CARTESIAN_POINT('',(0.0144840484029552,0.0344218987347251,0.086));
#2092=CARTESIAN_POINT('',(0.0145,0.0347517409411489,0.086));
#2093=CARTESIAN_POINT('',(0.0145,0.035,0.086));
#2094=CARTESIAN_POINT('',(0.0145,0.035,0.086));
#2095=CARTESIAN_POINT('',(0.0145,0.044,0.086));
#2096=CARTESIAN_POINT('',(0.0145,0.053,0.086));
#2097=CARTESIAN_POINT('',(0.0145,0.053,0.086));
#2098=CARTESIAN_POINT('',(0.0145,0.053127342572643,0.086));
#2099=CARTESIAN_POINT('',(0.0144954659214143,0.0533615588186788,0.086));
#2100=CARTESIAN_POINT('',(0.0144805529822582,0.0535848795484391,0.086));
#2101=CARTESIAN_POINT('',(0.0144593136864062,0.0537547655789625,0.086));
#2102=CARTESIAN_POINT('',(0.0144223293365358,0.0539681065803228,0.086));
#2103=CARTESIAN_POINT('',(0.0143385005467695,0.0543015933758729,0.086));
#2104=CARTESIAN_POINT('',(0.0141286663037008,0.0547999965200957,0.086));
#2105=CARTESIAN_POINT('',(0.0137652207161026,0.0552729805890813,0.086));
#2106=CARTESIAN_POINT('',(0.013283645439746,0.0556336704780961,0.086));
#2107=CARTESIAN_POINT('',(0.012880172759829,0.0558104593783669,0.086));
#2108=CARTESIAN_POINT('',(0.0125508317947427,0.0559011018857369,0.086));
#2109=CARTESIAN_POINT('',(0.012397274786714,0.0559349199864384,0.086));
#2110=CARTESIAN_POINT('',(0.0120781012652598,0.0559840484029551,0.086));
#2111=CARTESIAN_POINT('',(0.0117482590588416,0.056,0.086));
#2112=CARTESIAN_POINT('',(0.0115,0.056,0.086));
#2113=CARTESIAN_POINT('',(4.91504984860095E-18,0.0295,0.086));
#2114=CARTESIAN_POINT('',(0.005,0.0295,0.086));
#2115=CARTESIAN_POINT('',(-0.009,0.0345,0.086));
#2116=CARTESIAN_POINT('',(-0.00940680834792018,0.0345,0.086));
#2117=CARTESIAN_POINT('',(-0.0102246016234085,0.0345540955072393,0.086));
#2118=CARTESIAN_POINT('',(-0.0113307745277369,0.0351659878162759,0.086));
#2119=CARTESIAN_POINT('',(-0.0119466533224804,0.0362763097531608,0.086));
#2120=CARTESIAN_POINT('',(-0.012,0.0370918744402557,0.086));
#2121=CARTESIAN_POINT('',(-0.012,0.0375,0.086));
#2122=CARTESIAN_POINT('',(-0.012,0.0375,0.086));
#2123=CARTESIAN_POINT('',(-0.012,0.044,0.086));
#2124=CARTESIAN_POINT('',(-0.012,0.0505,0.086));
#2125=CARTESIAN_POINT('',(-0.012,0.0505,0.086));
#2126=CARTESIAN_POINT('',(-0.012,0.0509068083479202,0.086));
#2127=CARTESIAN_POINT('',(-0.0119459044927607,0.0517246016234085,0.086));
#2128=CARTESIAN_POINT('',(-0.0113340121837242,0.0528307745277368,0.086));
#2129=CARTESIAN_POINT('',(-0.0102236902468392,0.0534466533224804,0.086));
#2130=CARTESIAN_POINT('',(-0.0094081255597443,0.0535,0.086));
#2131=CARTESIAN_POINT('',(-0.009,0.0535,0.086));
#2132=CARTESIAN_POINT('',(-0.009,0.0535,0.086));
#2133=CARTESIAN_POINT('',(0.006,0.0535,0.086));
#2134=CARTESIAN_POINT('',(0.009,0.0535,0.086));
#2135=CARTESIAN_POINT('',(0.009,0.0535,0.086));
#2136=CARTESIAN_POINT('',(0.00940680834792018,0.0535,0.086));
#2137=CARTESIAN_POINT('',(0.0102246016234085,0.0534459044927607,0.086));
#2138=CARTESIAN_POINT('',(0.0113307745277369,0.0528340121837242,0.086));
#2139=CARTESIAN_POINT('',(0.0119466533224804,0.0517236902468392,0.086));
#2140=CARTESIAN_POINT('',(0.012,0.0509081255597443,0.086));
#2141=CARTESIAN_POINT('',(0.012,0.0505,0.086));
#2142=CARTESIAN_POINT('',(0.012,0.0505,0.086));
#2143=CARTESIAN_POINT('',(0.012,0.044,0.086));
#2144=CARTESIAN_POINT('',(0.012,0.0375,0.086));
#2145=CARTESIAN_POINT('',(0.012,0.0375,0.086));
#2146=CARTESIAN_POINT('',(0.012,0.0370931916520798,0.086));
#2147=CARTESIAN_POINT('',(0.0119459044927607,0.0362753983765915,0.086));
#2148=CARTESIAN_POINT('',(0.0113340121837242,0.0351692254722631,0.086));
#2149=CARTESIAN_POINT('',(0.0102236902468392,0.0345533466775196,0.086));
#2150=CARTESIAN_POINT('',(0.0094081255597443,0.0345,0.086));
#2151=CARTESIAN_POINT('',(0.009,0.0345,0.086));
#2152=CARTESIAN_POINT('',(0.009,0.0345,0.086));
#2153=CARTESIAN_POINT('',(3.46944695195361E-18,0.0345,0.086));
#2154=CARTESIAN_POINT('',(0.005,0.0345,0.086));
#2155=CARTESIAN_POINT('',(0.005,0.0295,0.086));
#2156=CARTESIAN_POINT('',(-0.012,0.044,0.08));
#2157=CARTESIAN_POINT('',(-0.012,0.0375,0.0860000000000002));
#2158=CARTESIAN_POINT('',(-0.012,0.0375,0.0845000000000001));
#2159=CARTESIAN_POINT('',(-0.012,0.0375,0.0829999999999999));
#2160=CARTESIAN_POINT('',(-0.012,0.0375,0.0814999999999998));
#2161=CARTESIAN_POINT('',(-0.012,0.0505,0.0814999999999998));
#2162=CARTESIAN_POINT('',(-0.012,0.0505,0.0829999999999999));
#2163=CARTESIAN_POINT('',(-0.012,0.0505,0.0845000000000001));
#2164=CARTESIAN_POINT('',(-0.012,0.0505,0.0860000000000002));
#2165=CARTESIAN_POINT('',(0.,0.0535,0.0845));
#2166=CARTESIAN_POINT('',(-0.009,0.0535,0.0860000000000002));
#2167=CARTESIAN_POINT('',(-0.009,0.0535,0.0845000000000001));
#2168=CARTESIAN_POINT('',(-0.009,0.0535,0.0829999999999999));
#2169=CARTESIAN_POINT('',(-0.009,0.0535,0.0814999999999998));
#2170=CARTESIAN_POINT('',(0.009,0.0535,0.0814999999999998));
#2171=CARTESIAN_POINT('',(0.009,0.0535,0.0829999999999999));
#2172=CARTESIAN_POINT('',(0.009,0.0535,0.0845000000000001));
#2173=CARTESIAN_POINT('',(0.009,0.0535,0.0860000000000003));
#2174=CARTESIAN_POINT('',(0.005,0.004,0.08));
#2175=CARTESIAN_POINT('',(0.005,0.0065,0.08));
#2176=CARTESIAN_POINT('',(0.005,0.0065,0.08));
#2177=CARTESIAN_POINT('',(0.005,0.0065,0.004));
#2178=CARTESIAN_POINT('',(0.005,0.0065,0.004));
#2179=CARTESIAN_POINT('',(0.005,0.0065,0.00266666666666667));
#2180=CARTESIAN_POINT('',(0.005,0.00583333333333333,0.002));
#2181=CARTESIAN_POINT('',(0.005,0.0045,0.002));
#2182=CARTESIAN_POINT('',(0.005,0.0045,0.002));
#2183=CARTESIAN_POINT('',(0.005,0.0015,0.002));
#2184=CARTESIAN_POINT('',(0.005,0.005,0.007));
#2185=CARTESIAN_POINT('',(0.005,0.0005,0.007));
#2186=CARTESIAN_POINT('',(0.005,0.0005,0.007));
#2187=CARTESIAN_POINT('',(0.005,0.00063560278264006,0.007));
#2188=CARTESIAN_POINT('',(0.005,0.000908200541136151,0.00701803183574643));
#2189=CARTESIAN_POINT('',(0.005,0.00127692484257896,0.00722199593875862));
#2190=CARTESIAN_POINT('',(0.005,0.00148221777416012,0.00759210325105359));
#2191=CARTESIAN_POINT('',(0.005,0.0015,0.0078639581467519));
#2192=CARTESIAN_POINT('',(0.005,0.0015,0.008));
#2193=CARTESIAN_POINT('',(0.005,0.0015,0.0795));
#2194=CARTESIAN_POINT('',(0.005,0.0015,0.0797123603069429));
#2195=CARTESIAN_POINT('',(0.005,0.00150650954169596,0.0800944488788766));
#2196=CARTESIAN_POINT('',(0.005,0.00153241343925091,0.0804577269866055));
#2197=CARTESIAN_POINT('',(0.005,0.0015525069043516,0.0806354860535157));
#2198=CARTESIAN_POINT('',(0.005,0.0015767097199486,0.0808118187245896));
#2199=CARTESIAN_POINT('',(0.005,0.00162872181845246,0.0811073355595129));
#2200=CARTESIAN_POINT('',(0.005,0.00176985849134237,0.0816742342529062));
#2201=CARTESIAN_POINT('',(0.005,0.00211824853902115,0.0824984776791024));
#2202=CARTESIAN_POINT('',(0.005,0.00272729624522015,0.0832896263369057));
#2203=CARTESIAN_POINT('',(0.005,0.00351816701535081,0.0838869373972471));
#2204=CARTESIAN_POINT('',(0.005,0.00430227143955915,0.0842242529963014));
#2205=CARTESIAN_POINT('',(0.005,0.00498539334670949,0.0843935733657941));
#2206=CARTESIAN_POINT('',(0.005,0.00533911059773274,0.084447557855024));
#2207=CARTESIAN_POINT('',(0.005,0.00561758503695881,0.084473886097936));
#2208=CARTESIAN_POINT('',(0.005,0.00573806541555736,0.0844826481161544));
#2209=CARTESIAN_POINT('',(0.005,0.00600090655646241,0.0844958244393383));
#2210=CARTESIAN_POINT('',(0.005,0.00628304958613596,0.0845));
#2211=CARTESIAN_POINT('',(0.005,0.0065,0.0845));
#2212=CARTESIAN_POINT('',(0.005,0.0065,0.0845));
#2213=CARTESIAN_POINT('',(0.005,0.008,0.0845));
#2214=CARTESIAN_POINT('',(0.005,0.0285,0.0845));
#2215=CARTESIAN_POINT('',(0.005,0.0285,0.0845));
#2216=CARTESIAN_POINT('',(0.005,0.0286356027826401,0.0845));
#2217=CARTESIAN_POINT('',(0.005,0.0289082005411362,0.0845180318357464));
#2218=CARTESIAN_POINT('',(0.005,0.029276924842579,0.0847219959387586));
#2219=CARTESIAN_POINT('',(0.005,0.0294822177741601,0.0850921032510536));
#2220=CARTESIAN_POINT('',(0.005,0.0295,0.0853639581467519));
#2221=CARTESIAN_POINT('',(0.005,0.0295,0.0855));
#2222=CARTESIAN_POINT('',(0.005,0.0295,0.0855));
#2223=CARTESIAN_POINT('',(0.005,0.0295,0.08525));
#2224=CARTESIAN_POINT('',(0.005,0.0345,0.08));
#2225=CARTESIAN_POINT('',(0.005,0.008,0.0815));
#2226=CARTESIAN_POINT('',(0.005,0.00779659582603991,0.0815));
#2227=CARTESIAN_POINT('',(0.005,0.00738769918829576,0.0814729522463804));
#2228=CARTESIAN_POINT('',(0.005,0.00683461273613157,0.0811670060918621));
#2229=CARTESIAN_POINT('',(0.005,0.00652667333875981,0.0806118451234196));
#2230=CARTESIAN_POINT('',(0.005,0.0065,0.0802040627798721));
#2231=CARTESIAN_POINT('',(0.005,0.0065,0.08));
#2232=CARTESIAN_POINT('',(0.,0.008,0.08));
#2233=CARTESIAN_POINT('',(-0.0115,0.008,0.005));
#2234=CARTESIAN_POINT('',(-0.008,0.008,0.005));
#2235=CARTESIAN_POINT('',(-0.014,0.008,0.005));
#2236=CARTESIAN_POINT('',(-0.014,0.008,0.005));
#2237=CARTESIAN_POINT('',(-0.0146666666666667,0.008,0.005));
#2238=CARTESIAN_POINT('',(-0.015,0.008,0.00533333333333334));
#2239=CARTESIAN_POINT('',(-0.015,0.008,0.00600000000000001));
#2240=CARTESIAN_POINT('',(-0.015,0.008,0.006));
#2241=CARTESIAN_POINT('',(-0.015,0.008,0.01));
#2242=CARTESIAN_POINT('',(-0.015,0.008,0.014));
#2243=CARTESIAN_POINT('',(-0.015,0.008,0.014));
#2244=CARTESIAN_POINT('',(-0.015,0.008,0.0146666666666667));
#2245=CARTESIAN_POINT('',(-0.0146666666666667,0.008,0.015));
#2246=CARTESIAN_POINT('',(-0.014,0.008,0.015));
#2247=CARTESIAN_POINT('',(-0.014,0.008,0.015));
#2248=CARTESIAN_POINT('',(-0.0115,0.008,0.015));
#2249=CARTESIAN_POINT('',(-0.008,0.008,0.015));
#2250=CARTESIAN_POINT('',(-0.008,0.008,0.08));
#2251=CARTESIAN_POINT('',(-0.008,0.008,0.075));
#2252=CARTESIAN_POINT('',(-0.008,0.008,0.075));
#2253=CARTESIAN_POINT('',(-0.00266666666666667,0.008,0.075));
#2254=CARTESIAN_POINT('',(0.00266666666666667,0.008,0.075));
#2255=CARTESIAN_POINT('',(0.008,0.008,0.075));
#2256=CARTESIAN_POINT('',(0.0115,0.008,0.015));
#2257=CARTESIAN_POINT('',(0.014,0.008,0.015));
#2258=CARTESIAN_POINT('',(0.014,0.008,0.015));
#2259=CARTESIAN_POINT('',(0.0146666666666667,0.008,0.015));
#2260=CARTESIAN_POINT('',(0.015,0.008,0.0146666666666667));
#2261=CARTESIAN_POINT('',(0.015,0.008,0.014));
#2262=CARTESIAN_POINT('',(0.015,0.008,0.014));
#2263=CARTESIAN_POINT('',(0.015,0.008,0.01));
#2264=CARTESIAN_POINT('',(0.015,0.008,0.006));
#2265=CARTESIAN_POINT('',(0.015,0.008,0.00600000000000001));
#2266=CARTESIAN_POINT('',(0.015,0.008,0.00533333333333334));
#2267=CARTESIAN_POINT('',(0.0146666666666667,0.008,0.005));
#2268=CARTESIAN_POINT('',(0.014,0.008,0.005));
#2269=CARTESIAN_POINT('',(0.014,0.008,0.005));
#2270=CARTESIAN_POINT('',(0.0115,0.008,0.005));
#2271=CARTESIAN_POINT('',(0.,0.008,0.));
#2272=CARTESIAN_POINT('',(-0.008,0.008,0.));
#2273=CARTESIAN_POINT('',(-0.008,0.008,0.08));
#2274=CARTESIAN_POINT('',(-0.0099,0.008,0.01));
#2275=CARTESIAN_POINT('',(-0.0099,0.008,0.0086));
#2276=CARTESIAN_POINT('',(-0.0099,0.008,0.0114));
#2277=CARTESIAN_POINT('',(-0.0115,0.008,0.0114));
#2278=CARTESIAN_POINT('',(-0.0131,0.008,0.0114));
#2279=CARTESIAN_POINT('',(-0.0131,0.008,0.01));
#2280=CARTESIAN_POINT('',(-0.0131,0.008,0.0086));
#2281=CARTESIAN_POINT('',(-0.0115,0.008,0.0086));
#2282=CARTESIAN_POINT('',(0.0115,0.008,0.0114));
#2283=CARTESIAN_POINT('',(0.0099,0.008,0.0114));
#2284=CARTESIAN_POINT('',(0.0131,0.008,0.0114));
#2285=CARTESIAN_POINT('',(0.0099,0.008,0.01));
#2286=CARTESIAN_POINT('',(0.0099,0.008,0.0086));
#2287=CARTESIAN_POINT('',(0.0115,0.008,0.0086));
#2288=CARTESIAN_POINT('',(0.0131,0.008,0.0086));
#2289=CARTESIAN_POINT('',(0.0131,0.008,0.01));
#2290=CARTESIAN_POINT('',(0.,0.0065,0.08));
#2291=CARTESIAN_POINT('',(-0.005,0.0065,0.004));
#2292=CARTESIAN_POINT('',(-0.00166666666666667,0.0065,0.004));
#2293=CARTESIAN_POINT('',(0.00166666666666667,0.0065,0.004));
#2294=CARTESIAN_POINT('',(0.005,0.0065,0.004));
#2295=CARTESIAN_POINT('',(0.005,0.0065,0.08));
#2296=CARTESIAN_POINT('',(0.00166666666666667,0.0065,0.08));
#2297=CARTESIAN_POINT('',(-0.00166666666666667,0.0065,0.08));
#2298=CARTESIAN_POINT('',(-0.005,0.0065,0.08));
#2299=CARTESIAN_POINT('',(-0.008,0.004,0.08));
#2300=CARTESIAN_POINT('',(-0.008,0.005,0.015));
#2301=CARTESIAN_POINT('',(-0.008,0.005,0.015));
#2302=CARTESIAN_POINT('',(-0.008,0.005,0.08));
#2303=CARTESIAN_POINT('',(-0.008,0.005,0.005));
#2304=CARTESIAN_POINT('',(-0.008,0.005,0.005));
#2305=CARTESIAN_POINT('',(-0.008,0.004,0.));
#2306=CARTESIAN_POINT('',(-0.008,0.,0.081));
#2307=CARTESIAN_POINT('',(-0.008,0.,0.0812123603069469));
#2308=CARTESIAN_POINT('',(-0.008,6.50954169586306E-6,0.0815944488788848));
#2309=CARTESIAN_POINT('',(-0.008,3.24134392511338E-5,0.0819577269866128));
#2310=CARTESIAN_POINT('',(-0.008,5.25069043514117E-5,0.082135486053515));
#2311=CARTESIAN_POINT('',(-0.008,7.67097199495946E-5,0.0823118187245924));
#2312=CARTESIAN_POINT('',(-0.008,0.000128721818454829,0.0826073355595193));
#2313=CARTESIAN_POINT('',(-0.008,0.000269858491341513,0.0831742342529041));
#2314=CARTESIAN_POINT('',(-0.008,0.000618248539036881,0.0839984776791437));
#2315=CARTESIAN_POINT('',(-0.008,0.00122729624523324,0.0847896263369439));
#2316=CARTESIAN_POINT('',(-0.008,0.00201816701534541,0.0853869373972212));
#2317=CARTESIAN_POINT('',(-0.008,0.00280227143957928,0.0857242529962865));
#2318=CARTESIAN_POINT('',(-0.008,0.00348539334668055,0.0858935733657973));
#2319=CARTESIAN_POINT('',(-0.008,0.00383911059769575,0.0859475578550243));
#2320=CARTESIAN_POINT('',(-0.008,0.00411758503695669,0.085973886097936));
#2321=CARTESIAN_POINT('',(-0.008,0.00423806541557411,0.0859826481161544));
#2322=CARTESIAN_POINT('',(-0.008,0.00450090655649441,0.0859958244393383));
#2323=CARTESIAN_POINT('',(-0.008,0.00478304958615584,0.086));
#2324=CARTESIAN_POINT('',(-0.008,0.005,0.086));
#2325=CARTESIAN_POINT('',(-0.008,0.029,0.0860000000000029));
#2326=CARTESIAN_POINT('',(-0.008,0.029,0.0840000000000009));
#2327=CARTESIAN_POINT('',(-0.008,0.029,0.081999999999999));
#2328=CARTESIAN_POINT('',(-0.008,0.029,0.0799999999999971));
#2329=CARTESIAN_POINT('',(-0.008,0.013,0.08));
#2330=CARTESIAN_POINT('',(-0.008,0.0123219860867997,0.08));
#2331=CARTESIAN_POINT('',(-0.008,0.0109589972943193,0.0799098408212678));
#2332=CARTESIAN_POINT('',(-0.008,0.00911537578710525,0.0788900203062069));
#2333=CARTESIAN_POINT('',(-0.008,0.00808891112919941,0.0770394837447321));
#2334=CARTESIAN_POINT('',(-0.008,0.008,0.0756802092662405));
#2335=CARTESIAN_POINT('',(-0.008,0.008,0.075));
#2336=CARTESIAN_POINT('',(0.,0.004,0.));
#2337=CARTESIAN_POINT('',(0.,0.008,0.0845));
#2338=CARTESIAN_POINT('',(-0.005,0.0285,0.0845));
#2339=CARTESIAN_POINT('',(-0.00166666666666667,0.0285,0.0845));
#2340=CARTESIAN_POINT('',(0.00166666666666667,0.0285,0.0845));
#2341=CARTESIAN_POINT('',(0.005,0.0285,0.0845));
#2342=CARTESIAN_POINT('',(0.005,0.0065,0.0845));
#2343=CARTESIAN_POINT('',(0.00166666666666667,0.0065,0.0845));
#2344=CARTESIAN_POINT('',(-0.00166666666666667,0.0065,0.0845));
#2345=CARTESIAN_POINT('',(-0.005,0.0065,0.0845));
#2346=CARTESIAN_POINT('',(-0.005,0.00650000000000001,0.0845));
#2347=CARTESIAN_POINT('',(0.005,0.00650000000000001,0.0845));
#2348=CARTESIAN_POINT('',(-0.005,0.00575000000000001,0.0845));
#2349=CARTESIAN_POINT('',(0.005,0.00575000000000001,0.0845));
#2350=CARTESIAN_POINT('',(-0.005,0.00500000000000001,0.0845));
#2351=CARTESIAN_POINT('',(0.005,0.00500000000000001,0.0845));
#2352=CARTESIAN_POINT('',(-0.005,0.00316666666666666,0.084));
#2353=CARTESIAN_POINT('',(0.005,0.00316666666666666,0.084));
#2354=CARTESIAN_POINT('',(-0.005,0.00199999999999999,0.0828333333333333));
#2355=CARTESIAN_POINT('',(0.005,0.00199999999999999,0.0828333333333333));
#2356=CARTESIAN_POINT('',(-0.005,0.00149999999999999,0.081));
#2357=CARTESIAN_POINT('',(0.005,0.00149999999999999,0.081));
#2358=CARTESIAN_POINT('',(-0.005,0.0015,0.08025));
#2359=CARTESIAN_POINT('',(0.005,0.0015,0.08025));
#2360=CARTESIAN_POINT('',(-0.005,0.0015,0.0795));
#2361=CARTESIAN_POINT('',(0.005,0.0015,0.0795));
#2362=CARTESIAN_POINT('',(0.005,0.0065,0.08));
#2363=CARTESIAN_POINT('',(-0.005,0.0065,0.08));
#2364=CARTESIAN_POINT('',(0.005,0.0065,0.080225));
#2365=CARTESIAN_POINT('',(-0.005,0.0065,0.080225));
#2366=CARTESIAN_POINT('',(0.005,0.0065,0.08045));
#2367=CARTESIAN_POINT('',(-0.005,0.0065,0.08045));
#2368=CARTESIAN_POINT('',(0.005,0.00665,0.081));
#2369=CARTESIAN_POINT('',(-0.005,0.00665,0.081));
#2370=CARTESIAN_POINT('',(0.005,0.007,0.08135));
#2371=CARTESIAN_POINT('',(-0.005,0.007,0.08135));
#2372=CARTESIAN_POINT('',(0.005,0.00755,0.0815));
#2373=CARTESIAN_POINT('',(-0.005,0.00755,0.0815));
#2374=CARTESIAN_POINT('',(0.005,0.007775,0.0815));
#2375=CARTESIAN_POINT('',(-0.005,0.007775,0.0815));
#2376=CARTESIAN_POINT('',(0.005,0.008,0.0815));
#2377=CARTESIAN_POINT('',(-0.005,0.008,0.0815));
#2378=CARTESIAN_POINT('',(0.,0.056,0.043));
#2379=CARTESIAN_POINT('',(-0.0115,0.056,0.08));
#2380=CARTESIAN_POINT('',(-0.0115,0.056,0.082));
#2381=CARTESIAN_POINT('',(-0.0115,0.056,0.084));
#2382=CARTESIAN_POINT('',(-0.0115,0.056,0.086));
#2383=CARTESIAN_POINT('',(0.0115,0.056,0.0859999999999995));
#2384=CARTESIAN_POINT('',(0.0115,0.056,0.0840000000000009));
#2385=CARTESIAN_POINT('',(0.0115,0.056,0.0820000000000024));
#2386=CARTESIAN_POINT('',(0.0115,0.056,0.0800000000000038));
#2387=CARTESIAN_POINT('',(-0.0145,0.044,0.08));
#2388=CARTESIAN_POINT('',(-0.0145,0.053,0.086));
#2389=CARTESIAN_POINT('',(-0.0145,0.053,0.084));
#2390=CARTESIAN_POINT('',(-0.0145,0.053,0.082));
#2391=CARTESIAN_POINT('',(-0.0145,0.053,0.08));
#2392=CARTESIAN_POINT('',(-0.0145,0.035,0.0799999999999971));
#2393=CARTESIAN_POINT('',(-0.0145,0.035,0.081999999999999));
#2394=CARTESIAN_POINT('',(-0.0145,0.035,0.0840000000000009));
#2395=CARTESIAN_POINT('',(-0.0145,0.035,0.0860000000000029));
#2396=CARTESIAN_POINT('',(3.46944695195361E-18,0.032,0.08));
#2397=CARTESIAN_POINT('',(-0.011,0.032,0.0799999999999971));
#2398=CARTESIAN_POINT('',(-0.011,0.032,0.081999999999999));
#2399=CARTESIAN_POINT('',(-0.011,0.032,0.0840000000000009));
#2400=CARTESIAN_POINT('',(-0.011,0.032,0.0860000000000029));
#2401=CARTESIAN_POINT('',(-0.0115,0.032,0.0860000000000029));
#2402=CARTESIAN_POINT('',(-0.0115,0.032,0.0840000000000009));
#2403=CARTESIAN_POINT('',(-0.0115,0.032,0.081999999999999));
#2404=CARTESIAN_POINT('',(-0.0115,0.032,0.0799999999999971));
#2405=CARTESIAN_POINT('',(0.012,0.044,0.08));
#2406=CARTESIAN_POINT('',(0.012,0.0375,0.0814999999999998));
#2407=CARTESIAN_POINT('',(0.012,0.0375,0.0829999999999999));
#2408=CARTESIAN_POINT('',(0.012,0.0375,0.0845000000000001));
#2409=CARTESIAN_POINT('',(0.012,0.0375,0.0860000000000002));
#2410=CARTESIAN_POINT('',(0.012,0.0505,0.0860000000000003));
#2411=CARTESIAN_POINT('',(0.012,0.0505,0.0845000000000001));
#2412=CARTESIAN_POINT('',(0.012,0.0505,0.0829999999999999));
#2413=CARTESIAN_POINT('',(0.012,0.0505,0.0814999999999998));
#2414=CARTESIAN_POINT('',(3.46944695195361E-18,0.0345,0.08));
#2415=CARTESIAN_POINT('',(0.009,0.0345,0.0860000000000002));
#2416=CARTESIAN_POINT('',(0.009,0.0345,0.0845000000000001));
#2417=CARTESIAN_POINT('',(0.009,0.0345,0.0829999999999999));
#2418=CARTESIAN_POINT('',(0.009,0.0345,0.0814999999999998));
#2419=CARTESIAN_POINT('',(3.46944695195361E-18,0.032,0.08));
#2420=CARTESIAN_POINT('',(0.011,0.032,0.0859999999999995));
#2421=CARTESIAN_POINT('',(0.011,0.032,0.084000000000001));
#2422=CARTESIAN_POINT('',(0.011,0.032,0.0820000000000024));
#2423=CARTESIAN_POINT('',(0.011,0.032,0.0800000000000039));
#2424=CARTESIAN_POINT('',(0.0115,0.032,0.0799999999999971));
#2425=CARTESIAN_POINT('',(0.0115,0.032,0.081999999999999));
#2426=CARTESIAN_POINT('',(0.0115,0.032,0.0840000000000009));
#2427=CARTESIAN_POINT('',(0.0115,0.032,0.0860000000000029));
#2428=CARTESIAN_POINT('',(0.0145,0.044,0.08));
#2429=CARTESIAN_POINT('',(0.0145,0.035,0.0860000000000029));
#2430=CARTESIAN_POINT('',(0.0145,0.035,0.0840000000000009));
#2431=CARTESIAN_POINT('',(0.0145,0.035,0.081999999999999));
#2432=CARTESIAN_POINT('',(0.0145,0.035,0.0799999999999971));
#2433=CARTESIAN_POINT('',(0.0145,0.053,0.0800000000000039));
#2434=CARTESIAN_POINT('',(0.0145,0.053,0.0820000000000024));
#2435=CARTESIAN_POINT('',(0.0145,0.053,0.084000000000001));
#2436=CARTESIAN_POINT('',(0.0145,0.053,0.0859999999999995));
#2437=CARTESIAN_POINT('',(-0.008,0.013,0.08));
#2438=CARTESIAN_POINT('',(0.008,0.013,0.08));
#2439=CARTESIAN_POINT('',(-0.008,0.01225,0.08));
#2440=CARTESIAN_POINT('',(0.008,0.01225,0.08));
#2441=CARTESIAN_POINT('',(-0.008,0.0115,0.08));
#2442=CARTESIAN_POINT('',(0.008,0.0115,0.08));
#2443=CARTESIAN_POINT('',(-0.008,0.00966666666666669,0.0795));
#2444=CARTESIAN_POINT('',(0.008,0.00966666666666669,0.0795));
#2445=CARTESIAN_POINT('',(-0.008,0.00850000000000001,0.0783333333333333));
#2446=CARTESIAN_POINT('',(0.008,0.00850000000000001,0.0783333333333333));
#2447=CARTESIAN_POINT('',(-0.008,0.008,0.0765));
#2448=CARTESIAN_POINT('',(0.008,0.008,0.0765));
#2449=CARTESIAN_POINT('',(-0.008,0.008,0.07575));
#2450=CARTESIAN_POINT('',(0.008,0.008,0.07575));
#2451=CARTESIAN_POINT('',(-0.008,0.008,0.075));
#2452=CARTESIAN_POINT('',(0.008,0.008,0.075));
#2453=CARTESIAN_POINT('',(0.00800000000000056,0.,0.081));
#2454=CARTESIAN_POINT('',(-0.00800000000000113,0.,0.081));
#2455=CARTESIAN_POINT('',(0.00800000000000056,-2.56121058491979E-33,0.08175));
#2456=CARTESIAN_POINT('',(-0.00800000000000113,-2.56121058491979E-33,0.08175));
#2457=CARTESIAN_POINT('',(0.00800000000000056,-9.77786374025321E-18,0.0825));
#2458=CARTESIAN_POINT('',(-0.00800000000000113,-9.77786374025321E-18,0.0825));
#2459=CARTESIAN_POINT('',(0.00800000000000056,0.000499999999999977,0.0843333333333333));
#2460=CARTESIAN_POINT('',(-0.00800000000000113,0.000499999999999977,0.0843333333333333));
#2461=CARTESIAN_POINT('',(0.00800000000000056,0.00166666666666663,0.0855));
#2462=CARTESIAN_POINT('',(-0.00800000000000113,0.00166666666666663,0.0855));
#2463=CARTESIAN_POINT('',(0.00800000000000056,0.0035,0.086));
#2464=CARTESIAN_POINT('',(-0.00800000000000113,0.0035,0.086));
#2465=CARTESIAN_POINT('',(0.00800000000000056,0.00425,0.086));
#2466=CARTESIAN_POINT('',(-0.00800000000000113,0.00425,0.086));
#2467=CARTESIAN_POINT('',(0.00800000000000056,0.005,0.086));
#2468=CARTESIAN_POINT('',(-0.00800000000000113,0.005,0.086));
#2469=CARTESIAN_POINT('',(-0.0145,0.035,0.0799999999999971));
#2470=CARTESIAN_POINT('',(-0.0145,0.035,0.0860000000000029));
#2471=CARTESIAN_POINT('',(-0.0145,0.03455,0.0799999999999971));
#2472=CARTESIAN_POINT('',(-0.0145,0.03455,0.0860000000000029));
#2473=CARTESIAN_POINT('',(-0.0145,0.0341,0.0799999999999971));
#2474=CARTESIAN_POINT('',(-0.0145,0.0341,0.0860000000000028));
#2475=CARTESIAN_POINT('',(-0.0142,0.033,0.0799999999999971));
#2476=CARTESIAN_POINT('',(-0.0142,0.033,0.0860000000000028));
#2477=CARTESIAN_POINT('',(-0.0135,0.0323,0.0799999999999971));
#2478=CARTESIAN_POINT('',(-0.0135,0.0323,0.0860000000000028));
#2479=CARTESIAN_POINT('',(-0.0124,0.032,0.0799999999999971));
#2480=CARTESIAN_POINT('',(-0.0124,0.032,0.0860000000000029));
#2481=CARTESIAN_POINT('',(-0.01195,0.032,0.0799999999999971));
#2482=CARTESIAN_POINT('',(-0.01195,0.032,0.0860000000000029));
#2483=CARTESIAN_POINT('',(-0.0115,0.032,0.0799999999999971));
#2484=CARTESIAN_POINT('',(-0.0115,0.032,0.0860000000000029));
#2485=CARTESIAN_POINT('',(0.011,0.032,0.08));
#2486=CARTESIAN_POINT('',(0.011,0.032,0.086));
#2487=CARTESIAN_POINT('',(0.01055,0.032,0.08));
#2488=CARTESIAN_POINT('',(0.01055,0.032,0.086));
#2489=CARTESIAN_POINT('',(0.0101,0.032,0.08));
#2490=CARTESIAN_POINT('',(0.0101,0.032,0.086));
#2491=CARTESIAN_POINT('',(0.00900000000000001,0.0317,0.08));
#2492=CARTESIAN_POINT('',(0.00900000000000001,0.0317,0.086));
#2493=CARTESIAN_POINT('',(0.0083,0.031,0.08));
#2494=CARTESIAN_POINT('',(0.0083,0.031,0.086));
#2495=CARTESIAN_POINT('',(0.008,0.0299,0.08));
#2496=CARTESIAN_POINT('',(0.008,0.0299,0.086));
#2497=CARTESIAN_POINT('',(0.008,0.02945,0.08));
#2498=CARTESIAN_POINT('',(0.008,0.02945,0.086));
#2499=CARTESIAN_POINT('',(0.008,0.029,0.08));
#2500=CARTESIAN_POINT('',(0.008,0.029,0.086));
#2501=CARTESIAN_POINT('',(-0.011,0.032,0.0860000000000028));
#2502=CARTESIAN_POINT('',(-0.011,0.032,0.0799999999999971));
#2503=CARTESIAN_POINT('',(-0.01055,0.032,0.0860000000000028));
#2504=CARTESIAN_POINT('',(-0.01055,0.032,0.0799999999999971));
#2505=CARTESIAN_POINT('',(-0.0101,0.032,0.0860000000000029));
#2506=CARTESIAN_POINT('',(-0.0101,0.032,0.0799999999999971));
#2507=CARTESIAN_POINT('',(-0.009,0.0317,0.0860000000000029));
#2508=CARTESIAN_POINT('',(-0.009,0.0317,0.0799999999999971));
#2509=CARTESIAN_POINT('',(-0.0083,0.031,0.0860000000000029));
#2510=CARTESIAN_POINT('',(-0.0083,0.031,0.0799999999999971));
#2511=CARTESIAN_POINT('',(-0.008,0.0299,0.0860000000000029));
#2512=CARTESIAN_POINT('',(-0.008,0.0299,0.0799999999999971));
#2513=CARTESIAN_POINT('',(-0.008,0.02945,0.0860000000000029));
#2514=CARTESIAN_POINT('',(-0.008,0.02945,0.0799999999999971));
#2515=CARTESIAN_POINT('',(-0.008,0.029,0.0860000000000029));
#2516=CARTESIAN_POINT('',(-0.008,0.029,0.0799999999999971));
#2517=CARTESIAN_POINT('',(-0.0145,0.053,0.086));
#2518=CARTESIAN_POINT('',(-0.0145,0.053,0.08));
#2519=CARTESIAN_POINT('',(-0.0145,0.05345,0.086));
#2520=CARTESIAN_POINT('',(-0.0145,0.05345,0.08));
#2521=CARTESIAN_POINT('',(-0.0145,0.0539,0.086));
#2522=CARTESIAN_POINT('',(-0.0145,0.0539,0.08));
#2523=CARTESIAN_POINT('',(-0.0142,0.055,0.086));
#2524=CARTESIAN_POINT('',(-0.0142,0.055,0.08));
#2525=CARTESIAN_POINT('',(-0.0135,0.0557,0.086));
#2526=CARTESIAN_POINT('',(-0.0135,0.0557,0.08));
#2527=CARTESIAN_POINT('',(-0.0124,0.056,0.086));
#2528=CARTESIAN_POINT('',(-0.0124,0.056,0.08));
#2529=CARTESIAN_POINT('',(-0.01195,0.056,0.086));
#2530=CARTESIAN_POINT('',(-0.01195,0.056,0.08));
#2531=CARTESIAN_POINT('',(-0.0115,0.056,0.086));
#2532=CARTESIAN_POINT('',(-0.0115,0.056,0.08));
#2533=CARTESIAN_POINT('',(0.0115,0.032,0.0799999999999971));
#2534=CARTESIAN_POINT('',(0.0115,0.032,0.0860000000000029));
#2535=CARTESIAN_POINT('',(0.01195,0.032,0.0799999999999971));
#2536=CARTESIAN_POINT('',(0.01195,0.032,0.0860000000000029));
#2537=CARTESIAN_POINT('',(0.0124,0.032,0.0799999999999971));
#2538=CARTESIAN_POINT('',(0.0124,0.032,0.0860000000000029));
#2539=CARTESIAN_POINT('',(0.0135,0.0323,0.0799999999999971));
#2540=CARTESIAN_POINT('',(0.0135,0.0323,0.0860000000000029));
#2541=CARTESIAN_POINT('',(0.0142,0.033,0.0799999999999971));
#2542=CARTESIAN_POINT('',(0.0142,0.033,0.0860000000000029));
#2543=CARTESIAN_POINT('',(0.0145,0.0341,0.0799999999999971));
#2544=CARTESIAN_POINT('',(0.0145,0.0341,0.0860000000000029));
#2545=CARTESIAN_POINT('',(0.0145,0.03455,0.0799999999999971));
#2546=CARTESIAN_POINT('',(0.0145,0.03455,0.0860000000000029));
#2547=CARTESIAN_POINT('',(0.0145,0.035,0.0799999999999971));
#2548=CARTESIAN_POINT('',(0.0145,0.035,0.0860000000000029));
#2549=CARTESIAN_POINT('',(0.0115,0.056,0.086));
#2550=CARTESIAN_POINT('',(0.0115,0.056,0.08));
#2551=CARTESIAN_POINT('',(0.01195,0.056,0.086));
#2552=CARTESIAN_POINT('',(0.01195,0.056,0.08));
#2553=CARTESIAN_POINT('',(0.0124,0.056,0.086));
#2554=CARTESIAN_POINT('',(0.0124,0.056,0.08));
#2555=CARTESIAN_POINT('',(0.0135,0.0557,0.086));
#2556=CARTESIAN_POINT('',(0.0135,0.0557,0.08));
#2557=CARTESIAN_POINT('',(0.0142,0.055,0.086));
#2558=CARTESIAN_POINT('',(0.0142,0.055,0.08));
#2559=CARTESIAN_POINT('',(0.0145,0.0539,0.086));
#2560=CARTESIAN_POINT('',(0.0145,0.0539,0.08));
#2561=CARTESIAN_POINT('',(0.0145,0.05345,0.086));
#2562=CARTESIAN_POINT('',(0.0145,0.05345,0.08));
#2563=CARTESIAN_POINT('',(0.0145,0.053,0.086));
#2564=CARTESIAN_POINT('',(0.0145,0.053,0.08));
#2565=CARTESIAN_POINT('',(0.009,0.0345,0.0814999999999998));
#2566=CARTESIAN_POINT('',(0.009,0.0345,0.0860000000000002));
#2567=CARTESIAN_POINT('',(0.00945,0.0345,0.0814999999999998));
#2568=CARTESIAN_POINT('',(0.00945,0.0345,0.0860000000000002));
#2569=CARTESIAN_POINT('',(0.0099,0.0345,0.0814999999999998));
#2570=CARTESIAN_POINT('',(0.0099,0.0345,0.0860000000000002));
#2571=CARTESIAN_POINT('',(0.011,0.0348,0.0814999999999998));
#2572=CARTESIAN_POINT('',(0.011,0.0348,0.0860000000000002));
#2573=CARTESIAN_POINT('',(0.0117,0.0355,0.0814999999999998));
#2574=CARTESIAN_POINT('',(0.0117,0.0355,0.0860000000000002));
#2575=CARTESIAN_POINT('',(0.012,0.0366,0.0814999999999998));
#2576=CARTESIAN_POINT('',(0.012,0.0366,0.0860000000000002));
#2577=CARTESIAN_POINT('',(0.012,0.03705,0.0814999999999998));
#2578=CARTESIAN_POINT('',(0.012,0.03705,0.0860000000000002));
#2579=CARTESIAN_POINT('',(0.012,0.0375,0.0814999999999998));
#2580=CARTESIAN_POINT('',(0.012,0.0375,0.0860000000000002));
#2581=CARTESIAN_POINT('',(-0.012,0.0375,0.0814999999999998));
#2582=CARTESIAN_POINT('',(-0.012,0.0375,0.0860000000000002));
#2583=CARTESIAN_POINT('',(-0.012,0.03705,0.0814999999999998));
#2584=CARTESIAN_POINT('',(-0.012,0.03705,0.0860000000000002));
#2585=CARTESIAN_POINT('',(-0.012,0.0366,0.0814999999999998));
#2586=CARTESIAN_POINT('',(-0.012,0.0366,0.0860000000000002));
#2587=CARTESIAN_POINT('',(-0.0117,0.0355,0.0814999999999998));
#2588=CARTESIAN_POINT('',(-0.0117,0.0355,0.0860000000000002));
#2589=CARTESIAN_POINT('',(-0.011,0.0348,0.0814999999999998));
#2590=CARTESIAN_POINT('',(-0.011,0.0348,0.0860000000000002));
#2591=CARTESIAN_POINT('',(-0.00989999999999998,0.0345,0.0814999999999998));
#2592=CARTESIAN_POINT('',(-0.00989999999999998,0.0345,0.0860000000000002));
#2593=CARTESIAN_POINT('',(-0.00944999999999999,0.0345,0.0814999999999998));
#2594=CARTESIAN_POINT('',(-0.00944999999999999,0.0345,0.0860000000000002));
#2595=CARTESIAN_POINT('',(-0.00899999999999999,0.0345,0.0814999999999998));
#2596=CARTESIAN_POINT('',(-0.00899999999999999,0.0345,0.0860000000000002));
#2597=CARTESIAN_POINT('',(-0.009,0.0535,0.0814999999999998));
#2598=CARTESIAN_POINT('',(-0.009,0.0535,0.0860000000000002));
#2599=CARTESIAN_POINT('',(-0.00945,0.0535,0.0814999999999998));
#2600=CARTESIAN_POINT('',(-0.00945,0.0535,0.0860000000000002));
#2601=CARTESIAN_POINT('',(-0.0099,0.0535,0.0814999999999998));
#2602=CARTESIAN_POINT('',(-0.0099,0.0535,0.0860000000000002));
#2603=CARTESIAN_POINT('',(-0.011,0.0532,0.0814999999999998));
#2604=CARTESIAN_POINT('',(-0.011,0.0532,0.0860000000000002));
#2605=CARTESIAN_POINT('',(-0.0117,0.0525,0.0814999999999998));
#2606=CARTESIAN_POINT('',(-0.0117,0.0525,0.0860000000000002));
#2607=CARTESIAN_POINT('',(-0.012,0.0514,0.0814999999999998));
#2608=CARTESIAN_POINT('',(-0.012,0.0514,0.0860000000000002));
#2609=CARTESIAN_POINT('',(-0.012,0.05095,0.0814999999999998));
#2610=CARTESIAN_POINT('',(-0.012,0.05095,0.0860000000000002));
#2611=CARTESIAN_POINT('',(-0.012,0.0505,0.0814999999999998));
#2612=CARTESIAN_POINT('',(-0.012,0.0505,0.0860000000000002));
#2613=CARTESIAN_POINT('',(0.012,0.0505,0.0814999999999998));
#2614=CARTESIAN_POINT('',(0.012,0.0505,0.0860000000000003));
#2615=CARTESIAN_POINT('',(0.012,0.05095,0.0814999999999998));
#2616=CARTESIAN_POINT('',(0.012,0.05095,0.0860000000000003));
#2617=CARTESIAN_POINT('',(0.012,0.0514,0.0814999999999998));
#2618=CARTESIAN_POINT('',(0.012,0.0514,0.0860000000000003));
#2619=CARTESIAN_POINT('',(0.0117,0.0525,0.0814999999999998));
#2620=CARTESIAN_POINT('',(0.0117,0.0525,0.0860000000000003));
#2621=CARTESIAN_POINT('',(0.011,0.0532,0.0814999999999998));
#2622=CARTESIAN_POINT('',(0.011,0.0532,0.0860000000000003));
#2623=CARTESIAN_POINT('',(0.0099,0.0535,0.0814999999999998));
#2624=CARTESIAN_POINT('',(0.0099,0.0535,0.0860000000000003));
#2625=CARTESIAN_POINT('',(0.00945,0.0535,0.0814999999999998));
#2626=CARTESIAN_POINT('',(0.00945,0.0535,0.0860000000000003));
#2627=CARTESIAN_POINT('',(0.009,0.0535,0.0814999999999998));
#2628=CARTESIAN_POINT('',(0.009,0.0535,0.0860000000000003));
#2629=CARTESIAN_POINT('',(5.34873071759515E-18,0.0295,0.083));
#2630=CARTESIAN_POINT('',(0.00500000000000001,0.0295,0.0855));
#2631=CARTESIAN_POINT('',(0.00166666666666667,0.0295,0.0855));
#2632=CARTESIAN_POINT('',(-0.00166666666666666,0.0295,0.0855));
#2633=CARTESIAN_POINT('',(-0.00499999999999999,0.0295,0.0855));
#2634=CARTESIAN_POINT('',(0.005,0.0295,0.0855));
#2635=CARTESIAN_POINT('',(-0.00499999999999999,0.0295,0.0855));
#2636=CARTESIAN_POINT('',(0.005,0.0295,0.08535));
#2637=CARTESIAN_POINT('',(-0.00499999999999999,0.0295,0.08535));
#2638=CARTESIAN_POINT('',(0.00500000000000001,0.0295,0.0852));
#2639=CARTESIAN_POINT('',(-0.00499999999999999,0.0295,0.0852));
#2640=CARTESIAN_POINT('',(0.00500000000000001,0.0294,0.0848333333333333));
#2641=CARTESIAN_POINT('',(-0.00499999999999999,0.0294,0.0848333333333333));
#2642=CARTESIAN_POINT('',(0.00500000000000001,0.0291666666666667,0.0846));
#2643=CARTESIAN_POINT('',(-0.00499999999999999,0.0291666666666667,0.0846));
#2644=CARTESIAN_POINT('',(0.00500000000000001,0.0288,0.0845));
#2645=CARTESIAN_POINT('',(-0.00499999999999999,0.0288,0.0845));
#2646=CARTESIAN_POINT('',(0.00500000000000001,0.02865,0.0845));
#2647=CARTESIAN_POINT('',(-0.00499999999999999,0.02865,0.0845));
#2648=CARTESIAN_POINT('',(0.00500000000000001,0.0285,0.0845));
#2649=CARTESIAN_POINT('',(-0.00499999999999999,0.0285,0.0845));
#2650=CARTESIAN_POINT('',(-0.00765,0.04915,0.0565));
#2651=CARTESIAN_POINT('',(0.00765,0.04915,0.0565));
#2652=CARTESIAN_POINT('',(-0.015,0.005,0.01));
#2653=CARTESIAN_POINT('',(-0.015,0.00800000000000022,0.006));
#2654=CARTESIAN_POINT('',(-0.015,0.00700000000000011,0.006));
#2655=CARTESIAN_POINT('',(-0.015,0.00599999999999999,0.006));
#2656=CARTESIAN_POINT('',(-0.015,0.00499999999999988,0.006));
#2657=CARTESIAN_POINT('',(-0.015,0.005,0.006));
#2658=CARTESIAN_POINT('',(-0.015,0.005,0.01));
#2659=CARTESIAN_POINT('',(-0.015,0.005,0.014));
#2660=CARTESIAN_POINT('',(-0.015,0.00499999999999988,0.014));
#2661=CARTESIAN_POINT('',(-0.015,0.00599999999999999,0.014));
#2662=CARTESIAN_POINT('',(-0.015,0.00700000000000011,0.014));
#2663=CARTESIAN_POINT('',(-0.015,0.00800000000000022,0.014));
#2664=CARTESIAN_POINT('',(-0.0115,0.005,0.015));
#2665=CARTESIAN_POINT('',(-0.014,0.00800000000000022,0.015));
#2666=CARTESIAN_POINT('',(-0.014,0.00700000000000011,0.015));
#2667=CARTESIAN_POINT('',(-0.014,0.00599999999999999,0.015));
#2668=CARTESIAN_POINT('',(-0.014,0.00499999999999988,0.015));
#2669=CARTESIAN_POINT('',(-0.014,0.005,0.015));
#2670=CARTESIAN_POINT('',(-0.0115,0.005,0.015));
#2671=CARTESIAN_POINT('',(-0.0099,0.005,0.01));
#2672=CARTESIAN_POINT('',(-0.0099,0.005,0.0086));
#2673=CARTESIAN_POINT('',(-0.0099,0.005,0.0086));
#2674=CARTESIAN_POINT('',(-0.0099,0.005,0.01));
#2675=CARTESIAN_POINT('',(-0.0099,0.005,0.0114));
#2676=CARTESIAN_POINT('',(-0.0099,0.005,0.0114));
#2677=CARTESIAN_POINT('',(-0.0115,0.005,0.0114));
#2678=CARTESIAN_POINT('',(-0.0115,0.005,0.0114));
#2679=CARTESIAN_POINT('',(-0.0131,0.005,0.0114));
#2680=CARTESIAN_POINT('',(-0.0131,0.005,0.0114));
#2681=CARTESIAN_POINT('',(-0.0131,0.005,0.01));
#2682=CARTESIAN_POINT('',(-0.0131,0.005,0.01));
#2683=CARTESIAN_POINT('',(-0.0131,0.005,0.0086));
#2684=CARTESIAN_POINT('',(-0.0131,0.005,0.0086));
#2685=CARTESIAN_POINT('',(-0.0115,0.005,0.0086));
#2686=CARTESIAN_POINT('',(-0.0115,0.005,0.0086));
#2687=CARTESIAN_POINT('',(-0.0115,0.005,0.005));
#2688=CARTESIAN_POINT('',(-0.0115,0.005,0.005));
#2689=CARTESIAN_POINT('',(-0.014,0.005,0.005));
#2690=CARTESIAN_POINT('',(-0.014,0.00499999999999988,0.005));
#2691=CARTESIAN_POINT('',(-0.014,0.00599999999999999,0.005));
#2692=CARTESIAN_POINT('',(-0.014,0.00700000000000011,0.005));
#2693=CARTESIAN_POINT('',(-0.014,0.00800000000000022,0.005));
#2694=CARTESIAN_POINT('',(0.,0.005,0.0375249875));
#2695=CARTESIAN_POINT('',(-0.015,0.005,0.00600000000000001));
#2696=CARTESIAN_POINT('',(-0.015,0.005,0.00533333333333334));
#2697=CARTESIAN_POINT('',(-0.0146666666666667,0.005,0.005));
#2698=CARTESIAN_POINT('',(-0.014,0.005,0.005));
#2699=CARTESIAN_POINT('',(-0.014,0.005,0.015));
#2700=CARTESIAN_POINT('',(-0.0146666666666667,0.005,0.015));
#2701=CARTESIAN_POINT('',(-0.015,0.005,0.0146666666666667));
#2702=CARTESIAN_POINT('',(-0.015,0.005,0.014));
#2703=CARTESIAN_POINT('',(0.0115,0.005,0.0114));
#2704=CARTESIAN_POINT('',(0.0131,0.005,0.0114));
#2705=CARTESIAN_POINT('',(0.0131,0.005,0.0114));
#2706=CARTESIAN_POINT('',(0.0115,0.005,0.0114));
#2707=CARTESIAN_POINT('',(0.0099,0.005,0.0114));
#2708=CARTESIAN_POINT('',(0.0099,0.005,0.0114));
#2709=CARTESIAN_POINT('',(0.0099,0.005,0.01));
#2710=CARTESIAN_POINT('',(0.0099,0.005,0.01));
#2711=CARTESIAN_POINT('',(0.0099,0.005,0.0086));
#2712=CARTESIAN_POINT('',(0.0099,0.005,0.0086));
#2713=CARTESIAN_POINT('',(0.0115,0.005,0.0086));
#2714=CARTESIAN_POINT('',(0.0115,0.005,0.0086));
#2715=CARTESIAN_POINT('',(0.0131,0.005,0.0086));
#2716=CARTESIAN_POINT('',(0.0131,0.005,0.0086));
#2717=CARTESIAN_POINT('',(0.0115,0.005,0.005));
#2718=CARTESIAN_POINT('',(0.014,0.00800000000000022,0.005));
#2719=CARTESIAN_POINT('',(0.014,0.00700000000000011,0.005));
#2720=CARTESIAN_POINT('',(0.014,0.00599999999999999,0.005));
#2721=CARTESIAN_POINT('',(0.014,0.00499999999999988,0.005));
#2722=CARTESIAN_POINT('',(0.014,0.005,0.005));
#2723=CARTESIAN_POINT('',(0.0115,0.005,0.005));
#2724=CARTESIAN_POINT('',(0.0115,0.005,0.015));
#2725=CARTESIAN_POINT('',(0.0115,0.005,0.015));
#2726=CARTESIAN_POINT('',(0.014,0.005,0.015));
#2727=CARTESIAN_POINT('',(0.014,0.00499999999999988,0.015));
#2728=CARTESIAN_POINT('',(0.014,0.00599999999999999,0.015));
#2729=CARTESIAN_POINT('',(0.014,0.00700000000000011,0.015));
#2730=CARTESIAN_POINT('',(0.014,0.00800000000000022,0.015));
#2731=CARTESIAN_POINT('',(0.015,0.005,0.01));
#2732=CARTESIAN_POINT('',(0.015,0.00800000000000022,0.014));
#2733=CARTESIAN_POINT('',(0.015,0.00700000000000011,0.014));
#2734=CARTESIAN_POINT('',(0.015,0.00599999999999999,0.014));
#2735=CARTESIAN_POINT('',(0.015,0.00499999999999988,0.014));
#2736=CARTESIAN_POINT('',(0.015,0.005,0.014));
#2737=CARTESIAN_POINT('',(0.015,0.005,0.01));
#2738=CARTESIAN_POINT('',(0.015,0.005,0.006));
#2739=CARTESIAN_POINT('',(0.015,0.00499999999999988,0.006));
#2740=CARTESIAN_POINT('',(0.015,0.00599999999999999,0.006));
#2741=CARTESIAN_POINT('',(0.015,0.00700000000000011,0.006));
#2742=CARTESIAN_POINT('',(0.015,0.00800000000000022,0.006));
#2743=CARTESIAN_POINT('',(0.0131,0.005,0.01));
#2744=CARTESIAN_POINT('',(0.0131,0.005,0.01));
#2745=CARTESIAN_POINT('',(0.,0.005,0.0375249875));
#2746=CARTESIAN_POINT('',(0.015,0.005,0.014));
#2747=CARTESIAN_POINT('',(0.015,0.005,0.0146666666666667));
#2748=CARTESIAN_POINT('',(0.0146666666666667,0.005,0.015));
#2749=CARTESIAN_POINT('',(0.014,0.005,0.015));
#2750=CARTESIAN_POINT('',(0.014,0.005,0.005));
#2751=CARTESIAN_POINT('',(0.0146666666666667,0.005,0.005));
#2752=CARTESIAN_POINT('',(0.015,0.005,0.00533333333333334));
#2753=CARTESIAN_POINT('',(0.015,0.005,0.00600000000000001));
#2754=CARTESIAN_POINT('',(-0.014,0.00499999999999988,0.005));
#2755=CARTESIAN_POINT('',(-0.014,0.00800000000000022,0.005));
#2756=CARTESIAN_POINT('',(-0.01415,0.00499999999999988,0.005));
#2757=CARTESIAN_POINT('',(-0.01415,0.00800000000000022,0.005));
#2758=CARTESIAN_POINT('',(-0.0143,0.00499999999999988,0.005));
#2759=CARTESIAN_POINT('',(-0.0143,0.00800000000000022,0.005));
#2760=CARTESIAN_POINT('',(-0.0146666666666667,0.00499999999999988,0.0051));
#2761=CARTESIAN_POINT('',(-0.0146666666666667,0.00800000000000022,0.0051));
#2762=CARTESIAN_POINT('',(-0.0149,0.00499999999999988,0.00533333333333333));
#2763=CARTESIAN_POINT('',(-0.0149,0.00800000000000022,0.00533333333333333));
#2764=CARTESIAN_POINT('',(-0.015,0.00499999999999988,0.0057));
#2765=CARTESIAN_POINT('',(-0.015,0.00800000000000022,0.0057));
#2766=CARTESIAN_POINT('',(-0.015,0.00499999999999988,0.00585));
#2767=CARTESIAN_POINT('',(-0.015,0.00800000000000022,0.00585));
#2768=CARTESIAN_POINT('',(-0.015,0.00499999999999988,0.006));
#2769=CARTESIAN_POINT('',(-0.015,0.00800000000000022,0.006));
#2770=CARTESIAN_POINT('',(-0.015,0.00499999999999988,0.014));
#2771=CARTESIAN_POINT('',(-0.015,0.00800000000000022,0.014));
#2772=CARTESIAN_POINT('',(-0.015,0.00499999999999988,0.01415));
#2773=CARTESIAN_POINT('',(-0.015,0.00800000000000022,0.01415));
#2774=CARTESIAN_POINT('',(-0.015,0.00499999999999988,0.0143));
#2775=CARTESIAN_POINT('',(-0.015,0.00800000000000022,0.0143));
#2776=CARTESIAN_POINT('',(-0.0149,0.00499999999999988,0.0146666666666667));
#2777=CARTESIAN_POINT('',(-0.0149,0.00800000000000022,0.0146666666666667));
#2778=CARTESIAN_POINT('',(-0.0146666666666667,0.00499999999999988,0.0149));
#2779=CARTESIAN_POINT('',(-0.0146666666666667,0.00800000000000022,0.0149));
#2780=CARTESIAN_POINT('',(-0.0143,0.00499999999999988,0.015));
#2781=CARTESIAN_POINT('',(-0.0143,0.00800000000000022,0.015));
#2782=CARTESIAN_POINT('',(-0.01415,0.00499999999999988,0.015));
#2783=CARTESIAN_POINT('',(-0.01415,0.00800000000000022,0.015));
#2784=CARTESIAN_POINT('',(-0.014,0.00499999999999988,0.015));
#2785=CARTESIAN_POINT('',(-0.014,0.00800000000000022,0.015));
#2786=CARTESIAN_POINT('',(0.014,0.00499999999999988,0.015));
#2787=CARTESIAN_POINT('',(0.014,0.00800000000000022,0.015));
#2788=CARTESIAN_POINT('',(0.01415,0.00499999999999988,0.015));
#2789=CARTESIAN_POINT('',(0.01415,0.00800000000000022,0.015));
#2790=CARTESIAN_POINT('',(0.0143,0.00499999999999988,0.015));
#2791=CARTESIAN_POINT('',(0.0143,0.00800000000000022,0.015));
#2792=CARTESIAN_POINT('',(0.0146666666666667,0.00499999999999988,0.0149));
#2793=CARTESIAN_POINT('',(0.0146666666666667,0.00800000000000022,0.0149));
#2794=CARTESIAN_POINT('',(0.0149,0.00499999999999988,0.0146666666666667));
#2795=CARTESIAN_POINT('',(0.0149,0.00800000000000022,0.0146666666666667));
#2796=CARTESIAN_POINT('',(0.015,0.00499999999999988,0.0143));
#2797=CARTESIAN_POINT('',(0.015,0.00800000000000022,0.0143));
#2798=CARTESIAN_POINT('',(0.015,0.00499999999999988,0.01415));
#2799=CARTESIAN_POINT('',(0.015,0.00800000000000022,0.01415));
#2800=CARTESIAN_POINT('',(0.015,0.00499999999999988,0.014));
#2801=CARTESIAN_POINT('',(0.015,0.00800000000000022,0.014));
#2802=CARTESIAN_POINT('',(0.015,0.00499999999999988,0.006));
#2803=CARTESIAN_POINT('',(0.015,0.00800000000000022,0.006));
#2804=CARTESIAN_POINT('',(0.015,0.00499999999999988,0.00585));
#2805=CARTESIAN_POINT('',(0.015,0.00800000000000022,0.00585));
#2806=CARTESIAN_POINT('',(0.015,0.00499999999999988,0.0057));
#2807=CARTESIAN_POINT('',(0.015,0.00800000000000022,0.0057));
#2808=CARTESIAN_POINT('',(0.0149,0.00499999999999988,0.00533333333333333));
#2809=CARTESIAN_POINT('',(0.0149,0.00800000000000022,0.00533333333333333));
#2810=CARTESIAN_POINT('',(0.0146666666666667,0.00499999999999988,0.0051));
#2811=CARTESIAN_POINT('',(0.0146666666666667,0.00800000000000022,0.0051));
#2812=CARTESIAN_POINT('',(0.0143,0.00499999999999988,0.005));
#2813=CARTESIAN_POINT('',(0.0143,0.00800000000000022,0.005));
#2814=CARTESIAN_POINT('',(0.01415,0.00499999999999988,0.005));
#2815=CARTESIAN_POINT('',(0.01415,0.00800000000000022,0.005));
#2816=CARTESIAN_POINT('',(0.014,0.00499999999999988,0.005));
#2817=CARTESIAN_POINT('',(0.014,0.00800000000000022,0.005));
#2818=CARTESIAN_POINT('',(0.,0.0015,0.002));
#2819=CARTESIAN_POINT('',(0.005,0.0045,0.002));
#2820=CARTESIAN_POINT('',(0.00166666666666667,0.0045,0.002));
#2821=CARTESIAN_POINT('',(-0.00166666666666667,0.0045,0.002));
#2822=CARTESIAN_POINT('',(-0.005,0.0045,0.002));
#2823=CARTESIAN_POINT('',(-1.7347234759768E-18,0.005,0.007));
#2824=CARTESIAN_POINT('',(-0.00499999999999965,0.0005,0.007));
#2825=CARTESIAN_POINT('',(-0.00166666666666667,0.0005,0.007));
#2826=CARTESIAN_POINT('',(0.00166666666666631,0.0005,0.007));
#2827=CARTESIAN_POINT('',(0.0049999999999993,0.0005,0.007));
#2828=CARTESIAN_POINT('',(-0.005,0.0045,0.002));
#2829=CARTESIAN_POINT('',(0.005,0.0045,0.002));
#2830=CARTESIAN_POINT('',(-0.005,0.0048,0.002));
#2831=CARTESIAN_POINT('',(0.005,0.0048,0.002));
#2832=CARTESIAN_POINT('',(-0.005,0.0051,0.002));
#2833=CARTESIAN_POINT('',(0.005,0.0051,0.002));
#2834=CARTESIAN_POINT('',(-0.005,0.00583333333333334,0.0022));
#2835=CARTESIAN_POINT('',(0.005,0.00583333333333334,0.0022));
#2836=CARTESIAN_POINT('',(-0.005,0.00630000000000001,0.00266666666666668));
#2837=CARTESIAN_POINT('',(0.005,0.00630000000000001,0.00266666666666668));
#2838=CARTESIAN_POINT('',(-0.005,0.0065,0.00340000000000001));
#2839=CARTESIAN_POINT('',(0.005,0.0065,0.00340000000000001));
#2840=CARTESIAN_POINT('',(-0.005,0.0065,0.00370000000000001));
#2841=CARTESIAN_POINT('',(0.005,0.0065,0.00370000000000001));
#2842=CARTESIAN_POINT('',(-0.005,0.0065,0.00400000000000001));
#2843=CARTESIAN_POINT('',(0.005,0.0065,0.00400000000000001));
#2844=CARTESIAN_POINT('',(0.005,0.0015,0.008));
#2845=CARTESIAN_POINT('',(-0.005,0.0015,0.008));
#2846=CARTESIAN_POINT('',(0.005,0.0015,0.00785));
#2847=CARTESIAN_POINT('',(-0.005,0.0015,0.00785));
#2848=CARTESIAN_POINT('',(0.005,0.0015,0.0077));
#2849=CARTESIAN_POINT('',(-0.005,0.0015,0.0077));
#2850=CARTESIAN_POINT('',(0.005,0.0014,0.00733333333333334));
#2851=CARTESIAN_POINT('',(-0.005,0.0014,0.00733333333333334));
#2852=CARTESIAN_POINT('',(0.005,0.00116666666666667,0.0071));
#2853=CARTESIAN_POINT('',(-0.005,0.00116666666666667,0.0071));
#2854=CARTESIAN_POINT('',(0.005,0.0008,0.007));
#2855=CARTESIAN_POINT('',(-0.005,0.0008,0.007));
#2856=CARTESIAN_POINT('',(0.005,0.00065,0.007));
#2857=CARTESIAN_POINT('',(-0.005,0.00065,0.007));
#2858=CARTESIAN_POINT('',(0.005,0.0005,0.007));
#2859=CARTESIAN_POINT('',(-0.005,0.0005,0.007));
#2860=CARTESIAN_POINT('',(0.009,0.03675,0.0565));
#2861=CARTESIAN_POINT('',(0.009,0.036,0.0565));
#2862=CARTESIAN_POINT('',(0.009,0.046,0.0565));
#2863=CARTESIAN_POINT('',(1.7347234759768E-18,0.046,0.0565));
#2864=CARTESIAN_POINT('',(-0.009,0.046,0.0565));
#2865=CARTESIAN_POINT('',(-0.009,0.041,0.0565));
#2866=CARTESIAN_POINT('',(-0.009,0.036,0.0565));
#2867=CARTESIAN_POINT('',(1.7347234759768E-18,0.036,0.0565));
#2868=MECHANICAL_DESIGN_GEOMETRIC_PRESENTATION_REPRESENTATION('',(#1351),
#2869);
#2869=(
GEOMETRIC_REPRESENTATION_CONTEXT(3)
GLOBAL_UNCERTAINTY_ASSIGNED_CONTEXT((#2870))
GLOBAL_UNIT_ASSIGNED_CONTEXT((#2873,#2872,#2871))
REPRESENTATION_CONTEXT('color_sensor_holder','TOP_LEVEL_ASSEMBLY_PART')
);
#2870=UNCERTAINTY_MEASURE_WITH_UNIT(LENGTH_MEASURE(2.14505366667977E-5),
#2873,'DISTANCE_ACCURACY_VALUE','Maximum Tolerance applied to model');
#2871=(
NAMED_UNIT(*)
SI_UNIT($,.STERADIAN.)
SOLID_ANGLE_UNIT()
);
#2872=(
NAMED_UNIT(*)
PLANE_ANGLE_UNIT()
SI_UNIT($,.RADIAN.)
);
#2873=(
LENGTH_UNIT()
NAMED_UNIT(*)
SI_UNIT($,.METRE.)
);
#2874=PRODUCT_DEFINITION_SHAPE('','',#2875);
#2875=PRODUCT_DEFINITION('','',#2877,#2876);
#2876=PRODUCT_DEFINITION_CONTEXT('',#2883,'design');
#2877=PRODUCT_DEFINITION_FORMATION_WITH_SPECIFIED_SOURCE('','',#2879,
 .NOT_KNOWN.);
#2878=PRODUCT_RELATED_PRODUCT_CATEGORY('','',(#2879));
#2879=PRODUCT('color_sensor_holder','color_sensor_holder',
'color_sensor_holder',(#2881));
#2880=PRODUCT_CATEGORY('','');
#2881=PRODUCT_CONTEXT('',#2883,'mechanical');
#2882=APPLICATION_PROTOCOL_DEFINITION('international standard',
'ap242_managed_model_based_3d_engineering',2020,#2883);
#2883=APPLICATION_CONTEXT('managed model based 3d engineering');
ENDSEC;
END-ISO-10303-21;
