ISO-10303-21;
HEADER;
/* Generated by software containing ST-Developer
 * from STEP Tools, Inc. (www.steptools.com) 
 */
/* OPTION: using custom renumber hook */

FILE_DESCRIPTION(
/* description */ ('STEP AP242 Edition 2',
'CAx-IF Rec.Pracs.---Representation and Presentation of Product Manufa
cturing Information (PMI)---4.0---2014-10-13',
'CAx-IF Rec.Pracs.---3D Tessellated Geometry---0.4---2014-09-14','2;1',
'CAx-IF Rec.Pracs.---User Defined Attributes---1.5---2016-08-15'),
/* implementation_level */ '2;1');

FILE_NAME(
/* name */ 'Assembly 1 - cube',
/* time_stamp */ '2026-08-18T11:49:10Z',
/* author */ (''),
/* organization */ (''),
/* preprocessor_version */ 'ST-DEVELOPER v20',
/* originating_system */ 'ONSHAPE BY PTC INC, 1.219',
/* authorisation */ '  ');

FILE_SCHEMA (('AP242_MANAGED_MODEL_BASED_3D_ENGINEERING_MIM_LF { 1 0 10303 442 3 1 4 }'));
ENDSEC;

DATA;
#10=SHAPE_REPRESENTATION_RELATIONSHIP('','',#343,#11);
#11=ADVANCED_BREP_SHAPE_REPRESENTATION('',(#341),#3053);
#12=B_SPLINE_SURFACE_WITH_KNOTS('',5,1,((#492,#493),(#494,#495),(#496,#497),
(#498,#499),(#500,#501),(#502,#503),(#504,#505),(#506,#507)),
 .SURF_OF_LINEAR_EXTRUSION.,.F.,.F.,.F.,(6,2,6),(2,2),(-2.60199929658089E-9,
0.5,1.00000000081734),(0.,1.),.UNSPECIFIED.);
#13=B_SPLINE_SURFACE_WITH_KNOTS('',5,1,((#572,#573),(#574,#575),(#576,#577),
(#578,#579),(#580,#581),(#582,#583),(#584,#585),(#586,#587)),
 .SURF_OF_LINEAR_EXTRUSION.,.F.,.F.,.F.,(6,2,6),(2,2),(-6.97168686196256E-9,
0.5,1.00000000661347),(0.,1.),.UNSPECIFIED.);
#14=B_SPLINE_SURFACE_WITH_KNOTS('',5,1,((#683,#684),(#685,#686),(#687,#688),
(#689,#690),(#691,#692),(#693,#694),(#695,#696),(#697,#698)),
 .SURF_OF_LINEAR_EXTRUSION.,.F.,.F.,.F.,(6,2,6),(2,2),(-2.60200010149259E-9,
0.5,1.00000000081734),(0.,1.),.UNSPECIFIED.);
#15=B_SPLINE_SURFACE_WITH_KNOTS('',5,1,((#763,#764),(#765,#766),(#767,#768),
(#769,#770),(#771,#772),(#773,#774),(#775,#776),(#777,#778)),
 .SURF_OF_LINEAR_EXTRUSION.,.F.,.F.,.F.,(6,2,6),(2,2),(-2.60199936077074E-9,
0.5,1.00000000081734),(0.,1.),.UNSPECIFIED.);
#16=B_SPLINE_SURFACE_WITH_KNOTS('',5,1,((#843,#844),(#845,#846),(#847,#848),
(#849,#850),(#851,#852),(#853,#854),(#855,#856),(#857,#858)),
 .SURF_OF_LINEAR_EXTRUSION.,.F.,.F.,.F.,(6,2,6),(2,2),(-2.60199935859113E-9,
0.5,1.00000000081734),(0.,1.),.UNSPECIFIED.);
#17=B_SPLINE_SURFACE_WITH_KNOTS('',5,1,((#923,#924),(#925,#926),(#927,#928),
(#929,#930),(#931,#932),(#933,#934),(#935,#936),(#937,#938)),
 .SURF_OF_LINEAR_EXTRUSION.,.F.,.F.,.F.,(6,2,6),(2,2),(-6.61347458741357E-9,
0.5,1.00000000697169),(0.,1.),.UNSPECIFIED.);
#18=B_SPLINE_SURFACE_WITH_KNOTS('',5,1,((#1034,#1035),(#1036,#1037),(#1038,
#1039),(#1040,#1041),(#1042,#1043),(#1044,#1045),(#1046,#1047),(#1048,#1049)),
 .SURF_OF_LINEAR_EXTRUSION.,.F.,.F.,.F.,(6,2,6),(2,2),(-2.29322073531318E-9,
0.5,1.00000000330265),(0.,1.),.UNSPECIFIED.);
#19=B_SPLINE_SURFACE_WITH_KNOTS('',5,1,((#1136,#1137),(#1138,#1139),(#1140,
#1141),(#1142,#1143),(#1144,#1145),(#1146,#1147),(#1148,#1149),(#1150,#1151)),
 .SURF_OF_LINEAR_EXTRUSION.,.F.,.F.,.F.,(6,2,6),(2,2),(-2.29322095849599E-9,
0.5,1.00000000330265),(0.,1.),.UNSPECIFIED.);
#20=B_SPLINE_SURFACE_WITH_KNOTS('',5,1,((#1238,#1239),(#1240,#1241),(#1242,
#1243),(#1244,#1245),(#1246,#1247),(#1248,#1249),(#1250,#1251),(#1252,#1253)),
 .SURF_OF_LINEAR_EXTRUSION.,.F.,.F.,.F.,(6,2,6),(2,2),(-6.6134745920395E-9,
0.5,1.00000000697169),(0.,1.),.UNSPECIFIED.);
#21=B_SPLINE_SURFACE_WITH_KNOTS('',5,1,((#1349,#1350),(#1351,#1352),(#1353,
#1354),(#1355,#1356),(#1357,#1358),(#1359,#1360),(#1361,#1362),(#1363,#1364)),
 .SURF_OF_LINEAR_EXTRUSION.,.F.,.F.,.F.,(6,2,6),(2,2),(-6.97168978651556E-9,
0.5,1.00000000661348),(0.,1.),.UNSPECIFIED.);
#22=B_SPLINE_SURFACE_WITH_KNOTS('',5,1,((#1460,#1461),(#1462,#1463),(#1464,
#1465),(#1466,#1467),(#1468,#1469),(#1470,#1471),(#1472,#1473),(#1474,#1475)),
 .SURF_OF_LINEAR_EXTRUSION.,.F.,.F.,.F.,(6,2,6),(2,2),(-2.29322090351578E-9,
0.5,1.00000000330265),(0.,1.),.UNSPECIFIED.);
#23=B_SPLINE_SURFACE_WITH_KNOTS('',5,1,((#1562,#1563),(#1564,#1565),(#1566,
#1567),(#1568,#1569),(#1570,#1571),(#1572,#1573),(#1574,#1575),(#1576,#1577)),
 .SURF_OF_LINEAR_EXTRUSION.,.F.,.F.,.F.,(6,2,6),(2,2),(-2.29322279221567E-9,
0.5,1.00000000330265),(0.,1.),.UNSPECIFIED.);
#24=B_SPLINE_SURFACE_WITH_KNOTS('',3,3,((#1664,#1665,#1666,#1667,#1668,
#1669,#1670,#1671,#1672,#1673,#1674),(#1675,#1676,#1677,#1678,#1679,#1680,
#1681,#1682,#1683,#1684,#1685),(#1686,#1687,#1688,#1689,#1690,#1691,#1692,
#1693,#1694,#1695,#1696),(#1697,#1698,#1699,#1700,#1701,#1702,#1703,#1704,
#1705,#1706,#1707),(#1708,#1709,#1710,#1711,#1712,#1713,#1714,#1715,#1716,
#1717,#1718),(#1719,#1720,#1721,#1722,#1723,#1724,#1725,#1726,#1727,#1728,
#1729),(#1730,#1731,#1732,#1733,#1734,#1735,#1736,#1737,#1738,#1739,#1740),
(#1741,#1742,#1743,#1744,#1745,#1746,#1747,#1748,#1749,#1750,#1751),(#1752,
#1753,#1754,#1755,#1756,#1757,#1758,#1759,#1760,#1761,#1762),(#1763,#1764,
#1765,#1766,#1767,#1768,#1769,#1770,#1771,#1772,#1773),(#1774,#1775,#1776,
#1777,#1778,#1779,#1780,#1781,#1782,#1783,#1784),(#1785,#1786,#1787,#1788,
#1789,#1790,#1791,#1792,#1793,#1794,#1795),(#1796,#1797,#1798,#1799,#1800,
#1801,#1802,#1803,#1804,#1805,#1806),(#1807,#1808,#1809,#1810,#1811,#1812,
#1813,#1814,#1815,#1816,#1817),(#1818,#1819,#1820,#1821,#1822,#1823,#1824,
#1825,#1826,#1827,#1828)),.UNSPECIFIED.,.F.,.F.,.F.,(4,1,1,1,1,1,1,1,1,
1,1,1,4),(4,1,1,1,1,1,1,1,4),(-0.0041074828115452,-0.00365783625403245,
-0.0032081896965197,-0.0023088965814942,-0.00140960346646871,-0.000510310351443214,
0.000388982763582283,0.00083862932109503,0.00128827587860778,0.00173792243612052,
0.00218756899363328,0.00263721555114603,0.00308179479987171),(-0.00356096974486056,
-0.00267083628853267,-0.00178070283220478,-0.000890569375876881,-4.35919548986887E-7,
0.000889697536778907,0.0017798309931068,0.0026699644494347,0.00356009790576259),
 .UNSPECIFIED.);
#25=B_SPLINE_SURFACE_WITH_KNOTS('',3,3,((#1829,#1830,#1831,#1832,#1833,
#1834,#1835,#1836,#1837,#1838,#1839),(#1840,#1841,#1842,#1843,#1844,#1845,
#1846,#1847,#1848,#1849,#1850),(#1851,#1852,#1853,#1854,#1855,#1856,#1857,
#1858,#1859,#1860,#1861),(#1862,#1863,#1864,#1865,#1866,#1867,#1868,#1869,
#1870,#1871,#1872),(#1873,#1874,#1875,#1876,#1877,#1878,#1879,#1880,#1881,
#1882,#1883),(#1884,#1885,#1886,#1887,#1888,#1889,#1890,#1891,#1892,#1893,
#1894),(#1895,#1896,#1897,#1898,#1899,#1900,#1901,#1902,#1903,#1904,#1905),
(#1906,#1907,#1908,#1909,#1910,#1911,#1912,#1913,#1914,#1915,#1916),(#1917,
#1918,#1919,#1920,#1921,#1922,#1923,#1924,#1925,#1926,#1927),(#1928,#1929,
#1930,#1931,#1932,#1933,#1934,#1935,#1936,#1937,#1938),(#1939,#1940,#1941,
#1942,#1943,#1944,#1945,#1946,#1947,#1948,#1949),(#1950,#1951,#1952,#1953,
#1954,#1955,#1956,#1957,#1958,#1959,#1960),(#1961,#1962,#1963,#1964,#1965,
#1966,#1967,#1968,#1969,#1970,#1971),(#1972,#1973,#1974,#1975,#1976,#1977,
#1978,#1979,#1980,#1981,#1982),(#1983,#1984,#1985,#1986,#1987,#1988,#1989,
#1990,#1991,#1992,#1993)),.UNSPECIFIED.,.F.,.F.,.F.,(4,1,1,1,1,1,1,1,1,
1,1,1,4),(4,1,1,1,1,1,1,1,4),(-0.00410748281154518,-0.00365783625403243,
-0.00320818969651968,-0.00230889658149419,-0.00140960346646869,-0.000510310351443198,
0.000388982763582297,0.000838629321095045,0.00128827587860779,0.00173792243612054,
0.00218756899363329,0.00263721555114604,0.00308179479987184),(-0.00356096974486103,
-0.00267083628853312,-0.00178070283220522,-0.000890569375877318,-4.35919549415364E-7,
0.000889697536778487,0.00177983099310639,0.00266996444943429,0.00356009790576219),
 .UNSPECIFIED.);
#26=B_SPLINE_SURFACE_WITH_KNOTS('',3,3,((#1994,#1995,#1996,#1997,#1998,
#1999,#2000,#2001,#2002,#2003,#2004,#2005,#2006,#2007),(#2008,#2009,#2010,
#2011,#2012,#2013,#2014,#2015,#2016,#2017,#2018,#2019,#2020,#2021),(#2022,
#2023,#2024,#2025,#2026,#2027,#2028,#2029,#2030,#2031,#2032,#2033,#2034,
#2035),(#2036,#2037,#2038,#2039,#2040,#2041,#2042,#2043,#2044,#2045,#2046,
#2047,#2048,#2049),(#2050,#2051,#2052,#2053,#2054,#2055,#2056,#2057,#2058,
#2059,#2060,#2061,#2062,#2063),(#2064,#2065,#2066,#2067,#2068,#2069,#2070,
#2071,#2072,#2073,#2074,#2075,#2076,#2077),(#2078,#2079,#2080,#2081,#2082,
#2083,#2084,#2085,#2086,#2087,#2088,#2089,#2090,#2091),(#2092,#2093,#2094,
#2095,#2096,#2097,#2098,#2099,#2100,#2101,#2102,#2103,#2104,#2105),(#2106,
#2107,#2108,#2109,#2110,#2111,#2112,#2113,#2114,#2115,#2116,#2117,#2118,
#2119),(#2120,#2121,#2122,#2123,#2124,#2125,#2126,#2127,#2128,#2129,#2130,
#2131,#2132,#2133),(#2134,#2135,#2136,#2137,#2138,#2139,#2140,#2141,#2142,
#2143,#2144,#2145,#2146,#2147),(#2148,#2149,#2150,#2151,#2152,#2153,#2154,
#2155,#2156,#2157,#2158,#2159,#2160,#2161),(#2162,#2163,#2164,#2165,#2166,
#2167,#2168,#2169,#2170,#2171,#2172,#2173,#2174,#2175)),.UNSPECIFIED.,.F.,
 .F.,.F.,(4,1,1,1,1,1,1,1,1,1,4),(4,1,1,1,1,1,1,1,1,1,1,4),(-0.00308314578090812,
-0.00263721555114622,-0.00218756899363345,-0.00173792243612067,-0.0012882758786079,
-0.000388982763582355,0.000510310351443192,0.00140960346646874,0.00230889658149428,
0.00320818969651983,0.00410748281154538),(-0.00356009790576213,-0.00266996444943423,
-0.00222489772127028,-0.00177983099310633,-0.00133476426494238,-0.00088969753677843,
4.35919549470875E-7,0.000890569375877371,0.00133563610404132,0.00178070283220527,
0.00267083628853317,0.00356096974486107),.UNSPECIFIED.);
#27=B_SPLINE_SURFACE_WITH_KNOTS('',3,3,((#2176,#2177,#2178,#2179,#2180,
#2181,#2182,#2183,#2184,#2185,#2186),(#2187,#2188,#2189,#2190,#2191,#2192,
#2193,#2194,#2195,#2196,#2197),(#2198,#2199,#2200,#2201,#2202,#2203,#2204,
#2205,#2206,#2207,#2208),(#2209,#2210,#2211,#2212,#2213,#2214,#2215,#2216,
#2217,#2218,#2219),(#2220,#2221,#2222,#2223,#2224,#2225,#2226,#2227,#2228,
#2229,#2230),(#2231,#2232,#2233,#2234,#2235,#2236,#2237,#2238,#2239,#2240,
#2241),(#2242,#2243,#2244,#2245,#2246,#2247,#2248,#2249,#2250,#2251,#2252),
(#2253,#2254,#2255,#2256,#2257,#2258,#2259,#2260,#2261,#2262,#2263),(#2264,
#2265,#2266,#2267,#2268,#2269,#2270,#2271,#2272,#2273,#2274),(#2275,#2276,
#2277,#2278,#2279,#2280,#2281,#2282,#2283,#2284,#2285),(#2286,#2287,#2288,
#2289,#2290,#2291,#2292,#2293,#2294,#2295,#2296),(#2297,#2298,#2299,#2300,
#2301,#2302,#2303,#2304,#2305,#2306,#2307),(#2308,#2309,#2310,#2311,#2312,
#2313,#2314,#2315,#2316,#2317,#2318),(#2319,#2320,#2321,#2322,#2323,#2324,
#2325,#2326,#2327,#2328,#2329),(#2330,#2331,#2332,#2333,#2334,#2335,#2336,
#2337,#2338,#2339,#2340)),.UNSPECIFIED.,.F.,.F.,.F.,(4,1,1,1,1,1,1,1,1,
1,1,1,4),(4,1,1,1,1,1,1,1,4),(-0.00410748281154519,-0.00365783625403244,
-0.00320818969651969,-0.00230889658149419,-0.0014096034664687,-0.000510310351443205,
0.000388982763582291,0.000838629321095039,0.00128827587860779,0.00173792243612054,
0.00218756899363329,0.00263721555114603,0.003081794799871),(-0.00356096974486091,
-0.00267083628853302,-0.00178070283220512,-0.000890569375877224,-4.35919549326893E-7,
0.00088969753677857,0.00177983099310647,0.00266996444943437,0.00356009790576226),
 .UNSPECIFIED.);
#28=B_SPLINE_SURFACE_WITH_KNOTS('',3,3,((#2341,#2342,#2343,#2344,#2345,
#2346,#2347,#2348,#2349,#2350,#2351),(#2352,#2353,#2354,#2355,#2356,#2357,
#2358,#2359,#2360,#2361,#2362),(#2363,#2364,#2365,#2366,#2367,#2368,#2369,
#2370,#2371,#2372,#2373),(#2374,#2375,#2376,#2377,#2378,#2379,#2380,#2381,
#2382,#2383,#2384),(#2385,#2386,#2387,#2388,#2389,#2390,#2391,#2392,#2393,
#2394,#2395),(#2396,#2397,#2398,#2399,#2400,#2401,#2402,#2403,#2404,#2405,
#2406),(#2407,#2408,#2409,#2410,#2411,#2412,#2413,#2414,#2415,#2416,#2417),
(#2418,#2419,#2420,#2421,#2422,#2423,#2424,#2425,#2426,#2427,#2428),(#2429,
#2430,#2431,#2432,#2433,#2434,#2435,#2436,#2437,#2438,#2439),(#2440,#2441,
#2442,#2443,#2444,#2445,#2446,#2447,#2448,#2449,#2450),(#2451,#2452,#2453,
#2454,#2455,#2456,#2457,#2458,#2459,#2460,#2461),(#2462,#2463,#2464,#2465,
#2466,#2467,#2468,#2469,#2470,#2471,#2472),(#2473,#2474,#2475,#2476,#2477,
#2478,#2479,#2480,#2481,#2482,#2483),(#2484,#2485,#2486,#2487,#2488,#2489,
#2490,#2491,#2492,#2493,#2494),(#2495,#2496,#2497,#2498,#2499,#2500,#2501,
#2502,#2503,#2504,#2505)),.UNSPECIFIED.,.F.,.F.,.F.,(4,1,1,1,1,1,1,1,1,
1,1,1,4),(4,1,1,1,1,1,1,1,4),(-0.00410748281154519,-0.00365783625403244,
-0.00320818969651969,-0.00230889658149419,-0.0014096034664687,-0.000510310351443201,
0.000388982763582295,0.000838629321095043,0.00128827587860779,0.00173792243612054,
0.00218756899363329,0.00263721555114604,0.00308179479987111),(-0.00356096974486109,
-0.00267083628853318,-0.00178070283220529,-0.00089056937587738,-4.3591954947738E-7,
0.000889697536778426,0.00177983099310633,0.00266996444943423,0.00356009790576213),
 .UNSPECIFIED.);
#29=B_SPLINE_SURFACE_WITH_KNOTS('',3,3,((#2506,#2507,#2508,#2509,#2510,
#2511,#2512,#2513,#2514,#2515,#2516,#2517,#2518,#2519),(#2520,#2521,#2522,
#2523,#2524,#2525,#2526,#2527,#2528,#2529,#2530,#2531,#2532,#2533),(#2534,
#2535,#2536,#2537,#2538,#2539,#2540,#2541,#2542,#2543,#2544,#2545,#2546,
#2547),(#2548,#2549,#2550,#2551,#2552,#2553,#2554,#2555,#2556,#2557,#2558,
#2559,#2560,#2561),(#2562,#2563,#2564,#2565,#2566,#2567,#2568,#2569,#2570,
#2571,#2572,#2573,#2574,#2575),(#2576,#2577,#2578,#2579,#2580,#2581,#2582,
#2583,#2584,#2585,#2586,#2587,#2588,#2589),(#2590,#2591,#2592,#2593,#2594,
#2595,#2596,#2597,#2598,#2599,#2600,#2601,#2602,#2603),(#2604,#2605,#2606,
#2607,#2608,#2609,#2610,#2611,#2612,#2613,#2614,#2615,#2616,#2617),(#2618,
#2619,#2620,#2621,#2622,#2623,#2624,#2625,#2626,#2627,#2628,#2629,#2630,
#2631),(#2632,#2633,#2634,#2635,#2636,#2637,#2638,#2639,#2640,#2641,#2642,
#2643,#2644,#2645),(#2646,#2647,#2648,#2649,#2650,#2651,#2652,#2653,#2654,
#2655,#2656,#2657,#2658,#2659),(#2660,#2661,#2662,#2663,#2664,#2665,#2666,
#2667,#2668,#2669,#2670,#2671,#2672,#2673),(#2674,#2675,#2676,#2677,#2678,
#2679,#2680,#2681,#2682,#2683,#2684,#2685,#2686,#2687)),.UNSPECIFIED.,.F.,
 .F.,.F.,(4,1,1,1,1,1,1,1,1,1,4),(4,1,1,1,1,1,1,1,1,1,1,4),(-0.00308314578091376,
-0.00263721555114624,-0.00218756899363346,-0.00173792243612069,-0.00128827587860792,
-0.00038898276358238,0.000510310351443162,0.0014096034664687,0.00230889658149425,
0.00320818969651979,0.00410748281154534),(-0.00356009790576024,-0.00266996444943235,
-0.0022248977212684,-0.00177983099310445,-0.0013347642649405,-0.000889697536776547,
4.35919551352182E-7,0.000890569375879252,0.0013356361040432,0.00178070283220715,
0.00267083628853505,0.00356096974486295),.UNSPECIFIED.);
#30=B_SPLINE_SURFACE_WITH_KNOTS('',3,3,((#2688,#2689,#2690,#2691,#2692,
#2693,#2694,#2695,#2696,#2697,#2698,#2699,#2700,#2701),(#2702,#2703,#2704,
#2705,#2706,#2707,#2708,#2709,#2710,#2711,#2712,#2713,#2714,#2715),(#2716,
#2717,#2718,#2719,#2720,#2721,#2722,#2723,#2724,#2725,#2726,#2727,#2728,
#2729),(#2730,#2731,#2732,#2733,#2734,#2735,#2736,#2737,#2738,#2739,#2740,
#2741,#2742,#2743),(#2744,#2745,#2746,#2747,#2748,#2749,#2750,#2751,#2752,
#2753,#2754,#2755,#2756,#2757),(#2758,#2759,#2760,#2761,#2762,#2763,#2764,
#2765,#2766,#2767,#2768,#2769,#2770,#2771),(#2772,#2773,#2774,#2775,#2776,
#2777,#2778,#2779,#2780,#2781,#2782,#2783,#2784,#2785),(#2786,#2787,#2788,
#2789,#2790,#2791,#2792,#2793,#2794,#2795,#2796,#2797,#2798,#2799),(#2800,
#2801,#2802,#2803,#2804,#2805,#2806,#2807,#2808,#2809,#2810,#2811,#2812,
#2813),(#2814,#2815,#2816,#2817,#2818,#2819,#2820,#2821,#2822,#2823,#2824,
#2825,#2826,#2827),(#2828,#2829,#2830,#2831,#2832,#2833,#2834,#2835,#2836,
#2837,#2838,#2839,#2840,#2841),(#2842,#2843,#2844,#2845,#2846,#2847,#2848,
#2849,#2850,#2851,#2852,#2853,#2854,#2855),(#2856,#2857,#2858,#2859,#2860,
#2861,#2862,#2863,#2864,#2865,#2866,#2867,#2868,#2869)),.UNSPECIFIED.,.F.,
 .F.,.F.,(4,1,1,1,1,1,1,1,1,1,4),(4,1,1,1,1,1,1,1,1,1,1,4),(-0.00308314578091373,
-0.00263721555114621,-0.00218756899363344,-0.00173792243612067,-0.00128827587860789,
-0.000388982763582349,0.000510310351443197,0.00140960346646874,0.00230889658149428,
0.00320818969651984,0.00410748281154538),(-0.00356009790576077,-0.00266996444943287,
-0.00222489772126892,-0.00177983099310497,-0.00133476426494102,-0.000889697536777068,
4.35919550832199E-7,0.000890569375878733,0.00133563610404268,0.00178070283220663,
0.00267083628853453,0.00356096974486243),.UNSPECIFIED.);
#31=B_SPLINE_SURFACE_WITH_KNOTS('',3,3,((#2870,#2871,#2872,#2873,#2874,
#2875,#2876,#2877,#2878,#2879,#2880,#2881,#2882,#2883),(#2884,#2885,#2886,
#2887,#2888,#2889,#2890,#2891,#2892,#2893,#2894,#2895,#2896,#2897),(#2898,
#2899,#2900,#2901,#2902,#2903,#2904,#2905,#2906,#2907,#2908,#2909,#2910,
#2911),(#2912,#2913,#2914,#2915,#2916,#2917,#2918,#2919,#2920,#2921,#2922,
#2923,#2924,#2925),(#2926,#2927,#2928,#2929,#2930,#2931,#2932,#2933,#2934,
#2935,#2936,#2937,#2938,#2939),(#2940,#2941,#2942,#2943,#2944,#2945,#2946,
#2947,#2948,#2949,#2950,#2951,#2952,#2953),(#2954,#2955,#2956,#2957,#2958,
#2959,#2960,#2961,#2962,#2963,#2964,#2965,#2966,#2967),(#2968,#2969,#2970,
#2971,#2972,#2973,#2974,#2975,#2976,#2977,#2978,#2979,#2980,#2981),(#2982,
#2983,#2984,#2985,#2986,#2987,#2988,#2989,#2990,#2991,#2992,#2993,#2994,
#2995),(#2996,#2997,#2998,#2999,#3000,#3001,#3002,#3003,#3004,#3005,#3006,
#3007,#3008,#3009),(#3010,#3011,#3012,#3013,#3014,#3015,#3016,#3017,#3018,
#3019,#3020,#3021,#3022,#3023),(#3024,#3025,#3026,#3027,#3028,#3029,#3030,
#3031,#3032,#3033,#3034,#3035,#3036,#3037),(#3038,#3039,#3040,#3041,#3042,
#3043,#3044,#3045,#3046,#3047,#3048,#3049,#3050,#3051)),.UNSPECIFIED.,.F.,
 .F.,.F.,(4,1,1,1,1,1,1,1,1,1,4),(4,1,1,1,1,1,1,1,1,1,1,4),(-0.00308314578091271,
-0.00263721555114626,-0.00218756899363349,-0.00173792243612072,-0.00128827587860794,
-0.000388982763582392,0.000510310351443156,0.0014096034664687,0.00230889658149425,
0.0032081896965198,0.00410748281154535),(-0.00356009790576202,-0.00266996444943412,
-0.00222489772127018,-0.00177983099310622,-0.00133476426494228,-0.00088969753677833,
4.35919549566719E-7,0.000890569375877464,0.00133563610404141,0.00178070283220536,
0.00267083628853325,0.00356096974486115),.UNSPECIFIED.);
#32=ORIENTED_EDGE('',*,*,#128,.T.);
#33=ORIENTED_EDGE('',*,*,#129,.T.);
#34=ORIENTED_EDGE('',*,*,#130,.T.);
#35=ORIENTED_EDGE('',*,*,#131,.T.);
#36=ORIENTED_EDGE('',*,*,#132,.T.);
#37=ORIENTED_EDGE('',*,*,#133,.T.);
#38=ORIENTED_EDGE('',*,*,#134,.T.);
#39=ORIENTED_EDGE('',*,*,#135,.T.);
#40=ORIENTED_EDGE('',*,*,#136,.T.);
#41=ORIENTED_EDGE('',*,*,#137,.T.);
#42=ORIENTED_EDGE('',*,*,#138,.T.);
#43=ORIENTED_EDGE('',*,*,#139,.T.);
#44=ORIENTED_EDGE('',*,*,#140,.T.);
#45=ORIENTED_EDGE('',*,*,#141,.T.);
#46=ORIENTED_EDGE('',*,*,#142,.T.);
#47=ORIENTED_EDGE('',*,*,#143,.T.);
#48=ORIENTED_EDGE('',*,*,#144,.T.);
#49=ORIENTED_EDGE('',*,*,#145,.T.);
#50=ORIENTED_EDGE('',*,*,#146,.T.);
#51=ORIENTED_EDGE('',*,*,#147,.T.);
#52=ORIENTED_EDGE('',*,*,#148,.T.);
#53=ORIENTED_EDGE('',*,*,#149,.T.);
#54=ORIENTED_EDGE('',*,*,#150,.T.);
#55=ORIENTED_EDGE('',*,*,#151,.T.);
#56=ORIENTED_EDGE('',*,*,#152,.F.);
#57=ORIENTED_EDGE('',*,*,#150,.F.);
#58=ORIENTED_EDGE('',*,*,#153,.F.);
#59=ORIENTED_EDGE('',*,*,#132,.F.);
#60=ORIENTED_EDGE('',*,*,#154,.T.);
#61=ORIENTED_EDGE('',*,*,#135,.F.);
#62=ORIENTED_EDGE('',*,*,#155,.F.);
#63=ORIENTED_EDGE('',*,*,#131,.F.);
#64=ORIENTED_EDGE('',*,*,#156,.T.);
#65=ORIENTED_EDGE('',*,*,#130,.F.);
#66=ORIENTED_EDGE('',*,*,#157,.F.);
#67=ORIENTED_EDGE('',*,*,#151,.F.);
#68=ORIENTED_EDGE('',*,*,#158,.F.);
#69=ORIENTED_EDGE('',*,*,#148,.F.);
#70=ORIENTED_EDGE('',*,*,#159,.F.);
#71=ORIENTED_EDGE('',*,*,#142,.F.);
#72=ORIENTED_EDGE('',*,*,#160,.T.);
#73=ORIENTED_EDGE('',*,*,#149,.F.);
#74=ORIENTED_EDGE('',*,*,#161,.F.);
#75=ORIENTED_EDGE('',*,*,#136,.F.);
#76=ORIENTED_EDGE('',*,*,#162,.T.);
#77=ORIENTED_EDGE('',*,*,#139,.F.);
#78=ORIENTED_EDGE('',*,*,#163,.F.);
#79=ORIENTED_EDGE('',*,*,#133,.F.);
#80=ORIENTED_EDGE('',*,*,#164,.F.);
#81=ORIENTED_EDGE('',*,*,#134,.F.);
#82=ORIENTED_EDGE('',*,*,#165,.F.);
#83=ORIENTED_EDGE('',*,*,#144,.F.);
#84=ORIENTED_EDGE('',*,*,#166,.T.);
#85=ORIENTED_EDGE('',*,*,#147,.F.);
#86=ORIENTED_EDGE('',*,*,#167,.F.);
#87=ORIENTED_EDGE('',*,*,#128,.F.);
#88=ORIENTED_EDGE('',*,*,#168,.T.);
#89=ORIENTED_EDGE('',*,*,#129,.F.);
#90=ORIENTED_EDGE('',*,*,#169,.F.);
#91=ORIENTED_EDGE('',*,*,#143,.F.);
#92=ORIENTED_EDGE('',*,*,#170,.T.);
#93=ORIENTED_EDGE('',*,*,#141,.F.);
#94=ORIENTED_EDGE('',*,*,#171,.F.);
#95=ORIENTED_EDGE('',*,*,#137,.F.);
#96=ORIENTED_EDGE('',*,*,#172,.T.);
#97=ORIENTED_EDGE('',*,*,#138,.F.);
#98=ORIENTED_EDGE('',*,*,#173,.F.);
#99=ORIENTED_EDGE('',*,*,#145,.F.);
#100=ORIENTED_EDGE('',*,*,#174,.T.);
#101=ORIENTED_EDGE('',*,*,#146,.F.);
#102=ORIENTED_EDGE('',*,*,#175,.T.);
#103=ORIENTED_EDGE('',*,*,#140,.F.);
#104=ORIENTED_EDGE('',*,*,#152,.T.);
#105=ORIENTED_EDGE('',*,*,#154,.F.);
#106=ORIENTED_EDGE('',*,*,#156,.F.);
#107=ORIENTED_EDGE('',*,*,#162,.F.);
#108=ORIENTED_EDGE('',*,*,#153,.T.);
#109=ORIENTED_EDGE('',*,*,#160,.F.);
#110=ORIENTED_EDGE('',*,*,#155,.T.);
#111=ORIENTED_EDGE('',*,*,#164,.T.);
#112=ORIENTED_EDGE('',*,*,#166,.F.);
#113=ORIENTED_EDGE('',*,*,#159,.T.);
#114=ORIENTED_EDGE('',*,*,#157,.T.);
#115=ORIENTED_EDGE('',*,*,#168,.F.);
#116=ORIENTED_EDGE('',*,*,#161,.T.);
#117=ORIENTED_EDGE('',*,*,#158,.T.);
#118=ORIENTED_EDGE('',*,*,#170,.F.);
#119=ORIENTED_EDGE('',*,*,#165,.T.);
#120=ORIENTED_EDGE('',*,*,#163,.T.);
#121=ORIENTED_EDGE('',*,*,#172,.F.);
#122=ORIENTED_EDGE('',*,*,#167,.T.);
#123=ORIENTED_EDGE('',*,*,#174,.F.);
#124=ORIENTED_EDGE('',*,*,#169,.T.);
#125=ORIENTED_EDGE('',*,*,#173,.T.);
#126=ORIENTED_EDGE('',*,*,#171,.T.);
#127=ORIENTED_EDGE('',*,*,#175,.F.);
#128=EDGE_CURVE('',#176,#177,#200,.T.);
#129=EDGE_CURVE('',#177,#178,#201,.T.);
#130=EDGE_CURVE('',#178,#179,#202,.T.);
#131=EDGE_CURVE('',#179,#176,#203,.T.);
#132=EDGE_CURVE('',#180,#181,#204,.T.);
#133=EDGE_CURVE('',#181,#182,#205,.T.);
#134=EDGE_CURVE('',#182,#183,#206,.T.);
#135=EDGE_CURVE('',#183,#180,#207,.T.);
#136=EDGE_CURVE('',#184,#185,#208,.T.);
#137=EDGE_CURVE('',#185,#186,#209,.T.);
#138=EDGE_CURVE('',#186,#187,#210,.T.);
#139=EDGE_CURVE('',#187,#184,#211,.T.);
#140=EDGE_CURVE('',#188,#189,#212,.T.);
#141=EDGE_CURVE('',#189,#190,#213,.T.);
#142=EDGE_CURVE('',#190,#191,#214,.T.);
#143=EDGE_CURVE('',#191,#188,#215,.T.);
#144=EDGE_CURVE('',#192,#193,#216,.T.);
#145=EDGE_CURVE('',#193,#194,#217,.T.);
#146=EDGE_CURVE('',#194,#195,#218,.T.);
#147=EDGE_CURVE('',#195,#192,#219,.T.);
#148=EDGE_CURVE('',#196,#197,#220,.T.);
#149=EDGE_CURVE('',#197,#198,#221,.T.);
#150=EDGE_CURVE('',#198,#199,#222,.T.);
#151=EDGE_CURVE('',#199,#196,#223,.T.);
#152=EDGE_CURVE('',#199,#180,#224,.F.);
#153=EDGE_CURVE('',#181,#198,#225,.F.);
#154=EDGE_CURVE('',#179,#180,#226,.T.);
#155=EDGE_CURVE('',#176,#183,#227,.F.);
#156=EDGE_CURVE('',#199,#179,#228,.T.);
#157=EDGE_CURVE('',#196,#178,#229,.F.);
#158=EDGE_CURVE('',#197,#190,#230,.F.);
#159=EDGE_CURVE('',#191,#196,#231,.F.);
#160=EDGE_CURVE('',#184,#198,#232,.T.);
#161=EDGE_CURVE('',#185,#197,#233,.F.);
#162=EDGE_CURVE('',#181,#184,#234,.T.);
#163=EDGE_CURVE('',#182,#187,#235,.F.);
#164=EDGE_CURVE('',#183,#192,#236,.F.);
#165=EDGE_CURVE('',#193,#182,#237,.F.);
#166=EDGE_CURVE('',#176,#192,#238,.T.);
#167=EDGE_CURVE('',#177,#195,#239,.F.);
#168=EDGE_CURVE('',#191,#178,#240,.T.);
#169=EDGE_CURVE('',#188,#177,#241,.F.);
#170=EDGE_CURVE('',#185,#190,#242,.T.);
#171=EDGE_CURVE('',#186,#189,#243,.F.);
#172=EDGE_CURVE('',#193,#187,#244,.T.);
#173=EDGE_CURVE('',#194,#186,#245,.F.);
#174=EDGE_CURVE('',#188,#195,#246,.T.);
#175=EDGE_CURVE('',#194,#189,#247,.T.);
#176=VERTEX_POINT('',#371);
#177=VERTEX_POINT('',#372);
#178=VERTEX_POINT('',#377);
#179=VERTEX_POINT('',#382);
#180=VERTEX_POINT('',#392);
#181=VERTEX_POINT('',#393);
#182=VERTEX_POINT('',#398);
#183=VERTEX_POINT('',#403);
#184=VERTEX_POINT('',#413);
#185=VERTEX_POINT('',#414);
#186=VERTEX_POINT('',#419);
#187=VERTEX_POINT('',#424);
#188=VERTEX_POINT('',#434);
#189=VERTEX_POINT('',#435);
#190=VERTEX_POINT('',#440);
#191=VERTEX_POINT('',#445);
#192=VERTEX_POINT('',#455);
#193=VERTEX_POINT('',#456);
#194=VERTEX_POINT('',#461);
#195=VERTEX_POINT('',#466);
#196=VERTEX_POINT('',#476);
#197=VERTEX_POINT('',#477);
#198=VERTEX_POINT('',#482);
#199=VERTEX_POINT('',#487);
#200=B_SPLINE_CURVE_WITH_KNOTS('',3,(#367,#368,#369,#370),.UNSPECIFIED.,
 .F.,.F.,(4,4),(0.,1.),.UNSPECIFIED.);
#201=B_SPLINE_CURVE_WITH_KNOTS('',3,(#373,#374,#375,#376),.UNSPECIFIED.,
 .F.,.F.,(4,4),(0.,1.),.UNSPECIFIED.);
#202=B_SPLINE_CURVE_WITH_KNOTS('',3,(#378,#379,#380,#381),.UNSPECIFIED.,
 .F.,.F.,(4,4),(0.,1.),.UNSPECIFIED.);
#203=B_SPLINE_CURVE_WITH_KNOTS('',3,(#383,#384,#385,#386),.UNSPECIFIED.,
 .F.,.F.,(4,4),(0.,1.),.UNSPECIFIED.);
#204=B_SPLINE_CURVE_WITH_KNOTS('',3,(#388,#389,#390,#391),.UNSPECIFIED.,
 .F.,.F.,(4,4),(0.,1.),.UNSPECIFIED.);
#205=B_SPLINE_CURVE_WITH_KNOTS('',3,(#394,#395,#396,#397),.UNSPECIFIED.,
 .F.,.F.,(4,4),(0.,1.),.UNSPECIFIED.);
#206=B_SPLINE_CURVE_WITH_KNOTS('',3,(#399,#400,#401,#402),.UNSPECIFIED.,
 .F.,.F.,(4,4),(0.,1.),.UNSPECIFIED.);
#207=B_SPLINE_CURVE_WITH_KNOTS('',3,(#404,#405,#406,#407),.UNSPECIFIED.,
 .F.,.F.,(4,4),(0.,1.),.UNSPECIFIED.);
#208=B_SPLINE_CURVE_WITH_KNOTS('',3,(#409,#410,#411,#412),.UNSPECIFIED.,
 .F.,.F.,(4,4),(0.,1.),.UNSPECIFIED.);
#209=B_SPLINE_CURVE_WITH_KNOTS('',3,(#415,#416,#417,#418),.UNSPECIFIED.,
 .F.,.F.,(4,4),(0.,1.),.UNSPECIFIED.);
#210=B_SPLINE_CURVE_WITH_KNOTS('',3,(#420,#421,#422,#423),.UNSPECIFIED.,
 .F.,.F.,(4,4),(0.,1.),.UNSPECIFIED.);
#211=B_SPLINE_CURVE_WITH_KNOTS('',3,(#425,#426,#427,#428),.UNSPECIFIED.,
 .F.,.F.,(4,4),(0.,1.),.UNSPECIFIED.);
#212=B_SPLINE_CURVE_WITH_KNOTS('',3,(#430,#431,#432,#433),.UNSPECIFIED.,
 .F.,.F.,(4,4),(0.,1.),.UNSPECIFIED.);
#213=B_SPLINE_CURVE_WITH_KNOTS('',3,(#436,#437,#438,#439),.UNSPECIFIED.,
 .F.,.F.,(4,4),(0.,1.),.UNSPECIFIED.);
#214=B_SPLINE_CURVE_WITH_KNOTS('',3,(#441,#442,#443,#444),.UNSPECIFIED.,
 .F.,.F.,(4,4),(0.,1.),.UNSPECIFIED.);
#215=B_SPLINE_CURVE_WITH_KNOTS('',3,(#446,#447,#448,#449),.UNSPECIFIED.,
 .F.,.F.,(4,4),(0.,1.),.UNSPECIFIED.);
#216=B_SPLINE_CURVE_WITH_KNOTS('',3,(#451,#452,#453,#454),.UNSPECIFIED.,
 .F.,.F.,(4,4),(0.,1.),.UNSPECIFIED.);
#217=B_SPLINE_CURVE_WITH_KNOTS('',3,(#457,#458,#459,#460),.UNSPECIFIED.,
 .F.,.F.,(4,4),(0.,1.),.UNSPECIFIED.);
#218=B_SPLINE_CURVE_WITH_KNOTS('',3,(#462,#463,#464,#465),.UNSPECIFIED.,
 .F.,.F.,(4,4),(0.,1.),.UNSPECIFIED.);
#219=B_SPLINE_CURVE_WITH_KNOTS('',3,(#467,#468,#469,#470),.UNSPECIFIED.,
 .F.,.F.,(4,4),(0.,1.),.UNSPECIFIED.);
#220=B_SPLINE_CURVE_WITH_KNOTS('',3,(#472,#473,#474,#475),.UNSPECIFIED.,
 .F.,.F.,(4,4),(0.,1.),.UNSPECIFIED.);
#221=B_SPLINE_CURVE_WITH_KNOTS('',3,(#478,#479,#480,#481),.UNSPECIFIED.,
 .F.,.F.,(4,4),(0.,1.),.UNSPECIFIED.);
#222=B_SPLINE_CURVE_WITH_KNOTS('',3,(#483,#484,#485,#486),.UNSPECIFIED.,
 .F.,.F.,(4,4),(0.,1.),.UNSPECIFIED.);
#223=B_SPLINE_CURVE_WITH_KNOTS('',3,(#488,#489,#490,#491),.UNSPECIFIED.,
 .F.,.F.,(4,4),(0.,1.),.UNSPECIFIED.);
#224=B_SPLINE_CURVE_WITH_KNOTS('',3,(#508,#509,#510,#511,#512,#513,#514,
#515,#516,#517,#518,#519,#520,#521,#522,#523,#524,#525,#526,#527,#528,#529,
#530,#531,#532,#533),.UNSPECIFIED.,.F.,.F.,(4,1,1,1,1,1,1,1,1,1,1,1,1,1,
1,1,1,1,1,1,1,1,1,4),(0.,0.0625,0.09375,0.109375,0.125,0.140625,0.15625,
0.1875,0.21875,0.25,0.265625,0.28125,0.2890625,0.296875,0.3125,0.34375,
0.375,0.4375,0.5,0.5625,0.625,0.75,0.875,1.),.UNSPECIFIED.);
#225=B_SPLINE_CURVE_WITH_KNOTS('',3,(#534,#535,#536,#537,#538,#539,#540,
#541,#542,#543,#544,#545,#546,#547,#548,#549,#550,#551,#552,#553,#554,#555,
#556,#557,#558,#559,#560,#561,#562,#563,#564,#565,#566,#567,#568,#569,#570,
#571),.UNSPECIFIED.,.F.,.F.,(4,1,1,1,1,1,1,1,1,1,1,1,1,1,1,1,1,1,1,1,1,
1,1,1,1,1,1,1,1,1,1,1,1,1,1,4),(0.,0.03125,0.046875,0.0625,0.09375,0.125,
0.15625,0.1875,0.203125,0.21875,0.25,0.3125,0.375,0.4375,0.5,0.53125,0.546875,
0.5625,0.59375,0.625,0.65625,0.6875,0.703125,0.71875,0.75,0.8125,0.828125,
0.84375,0.8515625,0.859375,0.875,0.90625,0.921875,0.9375,0.96875,1.),
 .UNSPECIFIED.);
#226=B_SPLINE_CURVE_WITH_KNOTS('',3,(#588,#589,#590,#591,#592,#593,#594,
#595,#596,#597,#598,#599,#600,#601,#602,#603,#604,#605,#606,#607,#608,#609,
#610,#611,#612,#613,#614,#615,#616,#617,#618,#619,#620,#621,#622,#623,#624,
#625,#626,#627,#628,#629,#630,#631,#632,#633),.UNSPECIFIED.,.F.,.F.,(4,
1,1,1,1,1,1,1,1,1,1,1,1,1,1,1,1,1,1,1,1,1,1,1,1,1,1,1,1,1,1,1,1,1,1,1,1,
1,1,1,1,1,1,4),(0.,0.03125,0.0625,0.0703125,0.078125,0.08203125,0.0859375,
0.09375,0.109375,0.125,0.15625,0.1875,0.21875,0.234375,0.25,0.265625,0.28125,
0.3125,0.3203125,0.328125,0.33203125,0.3359375,0.34375,0.359375,0.375,0.40625,
0.4375,0.5,0.625,0.6875,0.71875,0.734375,0.75,0.765625,0.78125,0.8125,0.828125,
0.84375,0.875,0.90625,0.921875,0.9375,0.96875,1.),.UNSPECIFIED.);
#227=B_SPLINE_CURVE_WITH_KNOTS('',3,(#634,#635,#636,#637,#638,#639,#640,
#641,#642,#643,#644,#645,#646,#647,#648,#649,#650,#651,#652,#653,#654,#655,
#656,#657,#658,#659,#660,#661,#662,#663,#664,#665,#666,#667,#668,#669,#670,
#671,#672,#673,#674,#675,#676,#677,#678,#679,#680,#681,#682),
 .UNSPECIFIED.,.F.,.F.,(4,1,1,1,1,1,1,1,1,1,1,1,1,1,1,1,1,1,1,1,1,1,1,1,
1,1,1,1,1,1,1,1,1,1,1,1,1,1,1,1,1,1,1,1,1,1,4),(0.,0.03125,0.0390625,0.046875,
0.0625,0.078125,0.08203125,0.0859375,0.09375,0.109375,0.125,0.15625,0.1875,
0.21875,0.234375,0.25,0.28125,0.3125,0.328125,0.34375,0.375,0.40625,0.4375,
0.5,0.53125,0.5625,0.59375,0.625,0.65625,0.6875,0.71875,0.75,0.765625,0.78125,
0.7890625,0.796875,0.8125,0.828125,0.8359375,0.84375,0.859375,0.875,0.890625,
0.90625,0.9375,0.96875,1.),.UNSPECIFIED.);
#228=B_SPLINE_CURVE_WITH_KNOTS('',3,(#699,#700,#701,#702,#703,#704,#705,
#706,#707,#708,#709,#710,#711,#712,#713,#714,#715,#716,#717,#718,#719,#720,
#721,#722,#723,#724,#725,#726,#727,#728,#729,#730,#731,#732,#733,#734,#735,
#736),.UNSPECIFIED.,.F.,.F.,(4,1,1,1,1,1,1,1,1,1,1,1,1,1,1,1,1,1,1,1,1,
1,1,1,1,1,1,1,1,1,1,1,1,1,1,4),(0.,0.03125,0.046875,0.0625,0.09375,0.125,
0.15625,0.1875,0.203125,0.21875,0.25,0.3125,0.375,0.4375,0.5,0.53125,0.546875,
0.5625,0.59375,0.625,0.65625,0.6875,0.703125,0.71875,0.75,0.8125,0.828125,
0.84375,0.8515625,0.859375,0.875,0.90625,0.921875,0.9375,0.96875,1.),
 .UNSPECIFIED.);
#229=B_SPLINE_CURVE_WITH_KNOTS('',3,(#737,#738,#739,#740,#741,#742,#743,
#744,#745,#746,#747,#748,#749,#750,#751,#752,#753,#754,#755,#756,#757,#758,
#759,#760,#761,#762),.UNSPECIFIED.,.F.,.F.,(4,1,1,1,1,1,1,1,1,1,1,1,1,1,
1,1,1,1,1,1,1,1,1,4),(0.,0.0625,0.09375,0.109375,0.125,0.140625,0.15625,
0.1875,0.21875,0.25,0.265625,0.28125,0.2890625,0.296875,0.3125,0.34375,
0.375,0.4375,0.5,0.5625,0.625,0.75,0.875,1.),.UNSPECIFIED.);
#230=B_SPLINE_CURVE_WITH_KNOTS('',3,(#779,#780,#781,#782,#783,#784,#785,
#786,#787,#788,#789,#790,#791,#792,#793,#794,#795,#796,#797,#798,#799,#800,
#801,#802,#803,#804),.UNSPECIFIED.,.F.,.F.,(4,1,1,1,1,1,1,1,1,1,1,1,1,1,
1,1,1,1,1,1,1,1,1,4),(0.,0.0625,0.09375,0.109375,0.125,0.140625,0.15625,
0.1875,0.21875,0.25,0.265625,0.28125,0.2890625,0.296875,0.3125,0.34375,
0.375,0.4375,0.5,0.5625,0.625,0.75,0.875,1.),.UNSPECIFIED.);
#231=B_SPLINE_CURVE_WITH_KNOTS('',3,(#805,#806,#807,#808,#809,#810,#811,
#812,#813,#814,#815,#816,#817,#818,#819,#820,#821,#822,#823,#824,#825,#826,
#827,#828,#829,#830,#831,#832,#833,#834,#835,#836,#837,#838,#839,#840,#841,
#842),.UNSPECIFIED.,.F.,.F.,(4,1,1,1,1,1,1,1,1,1,1,1,1,1,1,1,1,1,1,1,1,
1,1,1,1,1,1,1,1,1,1,1,1,1,1,4),(0.,0.03125,0.046875,0.0625,0.09375,0.125,
0.15625,0.1875,0.203125,0.21875,0.25,0.3125,0.375,0.4375,0.5,0.53125,0.546875,
0.5625,0.59375,0.625,0.65625,0.6875,0.703125,0.71875,0.75,0.8125,0.828125,
0.84375,0.8515625,0.859375,0.875,0.90625,0.921875,0.9375,0.96875,1.),
 .UNSPECIFIED.);
#232=B_SPLINE_CURVE_WITH_KNOTS('',3,(#859,#860,#861,#862,#863,#864,#865,
#866,#867,#868,#869,#870,#871,#872,#873,#874,#875,#876,#877,#878,#879,#880,
#881,#882,#883,#884),.UNSPECIFIED.,.F.,.F.,(4,1,1,1,1,1,1,1,1,1,1,1,1,1,
1,1,1,1,1,1,1,1,1,4),(0.,0.0625,0.09375,0.109375,0.125,0.140625,0.15625,
0.1875,0.21875,0.25,0.265625,0.28125,0.2890625,0.296875,0.3125,0.34375,
0.375,0.4375,0.5,0.5625,0.625,0.75,0.875,1.),.UNSPECIFIED.);
#233=B_SPLINE_CURVE_WITH_KNOTS('',3,(#885,#886,#887,#888,#889,#890,#891,
#892,#893,#894,#895,#896,#897,#898,#899,#900,#901,#902,#903,#904,#905,#906,
#907,#908,#909,#910,#911,#912,#913,#914,#915,#916,#917,#918,#919,#920,#921,
#922),.UNSPECIFIED.,.F.,.F.,(4,1,1,1,1,1,1,1,1,1,1,1,1,1,1,1,1,1,1,1,1,
1,1,1,1,1,1,1,1,1,1,1,1,1,1,4),(0.,0.03125,0.046875,0.0625,0.09375,0.125,
0.15625,0.1875,0.203125,0.21875,0.25,0.3125,0.375,0.4375,0.5,0.53125,0.546875,
0.5625,0.59375,0.625,0.65625,0.6875,0.703125,0.71875,0.75,0.8125,0.828125,
0.84375,0.8515625,0.859375,0.875,0.90625,0.921875,0.9375,0.96875,1.),
 .UNSPECIFIED.);
#234=B_SPLINE_CURVE_WITH_KNOTS('',3,(#939,#940,#941,#942,#943,#944,#945,
#946,#947,#948,#949,#950,#951,#952,#953,#954,#955,#956,#957,#958,#959,#960,
#961,#962,#963,#964,#965,#966,#967,#968,#969,#970,#971,#972,#973,#974,#975,
#976,#977,#978,#979,#980,#981,#982,#983,#984),.UNSPECIFIED.,.F.,.F.,(4,
1,1,1,1,1,1,1,1,1,1,1,1,1,1,1,1,1,1,1,1,1,1,1,1,1,1,1,1,1,1,1,1,1,1,1,1,
1,1,1,1,1,1,4),(0.,0.03125,0.0625,0.0703125,0.078125,0.08203125,0.0859375,
0.09375,0.109375,0.125,0.15625,0.1875,0.21875,0.234375,0.25,0.265625,0.28125,
0.3125,0.3203125,0.328125,0.33203125,0.3359375,0.34375,0.359375,0.375,0.40625,
0.4375,0.5,0.625,0.6875,0.71875,0.734375,0.75,0.765625,0.78125,0.8125,0.828125,
0.84375,0.875,0.90625,0.921875,0.9375,0.96875,1.),.UNSPECIFIED.);
#235=B_SPLINE_CURVE_WITH_KNOTS('',3,(#985,#986,#987,#988,#989,#990,#991,
#992,#993,#994,#995,#996,#997,#998,#999,#1000,#1001,#1002,#1003,#1004,#1005,
#1006,#1007,#1008,#1009,#1010,#1011,#1012,#1013,#1014,#1015,#1016,#1017,
#1018,#1019,#1020,#1021,#1022,#1023,#1024,#1025,#1026,#1027,#1028,#1029,
#1030,#1031,#1032,#1033),.UNSPECIFIED.,.F.,.F.,(4,1,1,1,1,1,1,1,1,1,1,1,
1,1,1,1,1,1,1,1,1,1,1,1,1,1,1,1,1,1,1,1,1,1,1,1,1,1,1,1,1,1,1,1,1,1,4),
(0.,0.03125,0.0390625,0.046875,0.0625,0.078125,0.08203125,0.0859375,0.09375,
0.109375,0.125,0.15625,0.1875,0.21875,0.234375,0.25,0.28125,0.3125,0.328125,
0.34375,0.375,0.40625,0.4375,0.5,0.53125,0.5625,0.59375,0.625,0.65625,0.6875,
0.71875,0.75,0.765625,0.78125,0.7890625,0.796875,0.8125,0.828125,0.8359375,
0.84375,0.859375,0.875,0.890625,0.90625,0.9375,0.96875,1.),
 .UNSPECIFIED.);
#236=B_SPLINE_CURVE_WITH_KNOTS('',3,(#1050,#1051,#1052,#1053,#1054,#1055,
#1056,#1057,#1058,#1059,#1060,#1061,#1062,#1063,#1064,#1065,#1066,#1067,
#1068,#1069,#1070,#1071,#1072,#1073,#1074,#1075,#1076,#1077,#1078,#1079,
#1080,#1081,#1082,#1083,#1084,#1085,#1086,#1087,#1088,#1089,#1090,#1091),
 .UNSPECIFIED.,.F.,.F.,(4,1,1,1,1,1,1,1,1,1,1,1,1,1,1,1,1,1,1,1,1,1,1,1,
1,1,1,1,1,1,1,1,1,1,1,1,1,1,1,4),(0.,0.03125,0.0625,0.078125,0.09375,0.125,
0.15625,0.1875,0.203125,0.21875,0.25,0.265625,0.28125,0.3125,0.328125,0.34375,
0.375,0.40625,0.421875,0.4375,0.4453125,0.453125,0.46875,0.5,0.5625,0.625,
0.6875,0.71875,0.75,0.765625,0.78125,0.7890625,0.796875,0.8125,0.84375,
0.875,0.890625,0.90625,0.9375,1.),.UNSPECIFIED.);
#237=B_SPLINE_CURVE_WITH_KNOTS('',3,(#1092,#1093,#1094,#1095,#1096,#1097,
#1098,#1099,#1100,#1101,#1102,#1103,#1104,#1105,#1106,#1107,#1108,#1109,
#1110,#1111,#1112,#1113,#1114,#1115,#1116,#1117,#1118,#1119,#1120,#1121,
#1122,#1123,#1124,#1125,#1126,#1127,#1128,#1129,#1130,#1131,#1132,#1133,
#1134,#1135),.UNSPECIFIED.,.F.,.F.,(4,1,1,1,1,1,1,1,1,1,1,1,1,1,1,1,1,1,
1,1,1,1,1,1,1,1,1,1,1,1,1,1,1,1,1,1,1,1,1,1,1,4),(0.,0.03125,0.0625,0.078125,
0.09375,0.125,0.15625,0.1875,0.203125,0.21875,0.25,0.28125,0.3125,0.375,
0.4375,0.5,0.53125,0.5625,0.5703125,0.578125,0.59375,0.625,0.65625,0.671875,
0.6796875,0.6875,0.703125,0.71875,0.734375,0.75,0.765625,0.78125,0.78515625,
0.7890625,0.796875,0.8125,0.84375,0.875,0.890625,0.90625,0.9375,1.),
 .UNSPECIFIED.);
#238=B_SPLINE_CURVE_WITH_KNOTS('',3,(#1152,#1153,#1154,#1155,#1156,#1157,
#1158,#1159,#1160,#1161,#1162,#1163,#1164,#1165,#1166,#1167,#1168,#1169,
#1170,#1171,#1172,#1173,#1174,#1175,#1176,#1177,#1178,#1179,#1180,#1181,
#1182,#1183,#1184,#1185,#1186,#1187,#1188,#1189,#1190,#1191,#1192,#1193,
#1194,#1195),.UNSPECIFIED.,.F.,.F.,(4,1,1,1,1,1,1,1,1,1,1,1,1,1,1,1,1,1,
1,1,1,1,1,1,1,1,1,1,1,1,1,1,1,1,1,1,1,1,1,1,1,4),(0.,0.03125,0.0625,0.078125,
0.09375,0.125,0.15625,0.1875,0.203125,0.21875,0.25,0.28125,0.3125,0.375,
0.4375,0.5,0.53125,0.5625,0.5703125,0.578125,0.59375,0.625,0.65625,0.671875,
0.6796875,0.6875,0.703125,0.71875,0.734375,0.75,0.765625,0.78125,0.78515625,
0.7890625,0.796875,0.8125,0.84375,0.875,0.890625,0.90625,0.9375,1.),
 .UNSPECIFIED.);
#239=B_SPLINE_CURVE_WITH_KNOTS('',3,(#1196,#1197,#1198,#1199,#1200,#1201,
#1202,#1203,#1204,#1205,#1206,#1207,#1208,#1209,#1210,#1211,#1212,#1213,
#1214,#1215,#1216,#1217,#1218,#1219,#1220,#1221,#1222,#1223,#1224,#1225,
#1226,#1227,#1228,#1229,#1230,#1231,#1232,#1233,#1234,#1235,#1236,#1237),
 .UNSPECIFIED.,.F.,.F.,(4,1,1,1,1,1,1,1,1,1,1,1,1,1,1,1,1,1,1,1,1,1,1,1,
1,1,1,1,1,1,1,1,1,1,1,1,1,1,1,4),(0.,0.03125,0.0625,0.078125,0.09375,0.125,
0.15625,0.1875,0.203125,0.21875,0.25,0.265625,0.28125,0.3125,0.328125,0.34375,
0.375,0.40625,0.421875,0.4375,0.4453125,0.453125,0.46875,0.5,0.5625,0.625,
0.6875,0.71875,0.75,0.765625,0.78125,0.7890625,0.796875,0.8125,0.84375,
0.875,0.890625,0.90625,0.9375,1.),.UNSPECIFIED.);
#240=B_SPLINE_CURVE_WITH_KNOTS('',3,(#1254,#1255,#1256,#1257,#1258,#1259,
#1260,#1261,#1262,#1263,#1264,#1265,#1266,#1267,#1268,#1269,#1270,#1271,
#1272,#1273,#1274,#1275,#1276,#1277,#1278,#1279,#1280,#1281,#1282,#1283,
#1284,#1285,#1286,#1287,#1288,#1289,#1290,#1291,#1292,#1293,#1294,#1295,
#1296,#1297,#1298,#1299),.UNSPECIFIED.,.F.,.F.,(4,1,1,1,1,1,1,1,1,1,1,1,
1,1,1,1,1,1,1,1,1,1,1,1,1,1,1,1,1,1,1,1,1,1,1,1,1,1,1,1,1,1,1,4),(0.,0.03125,
0.0625,0.0703125,0.078125,0.08203125,0.0859375,0.09375,0.109375,0.125,0.15625,
0.1875,0.21875,0.234375,0.25,0.265625,0.28125,0.3125,0.3203125,0.328125,
0.33203125,0.3359375,0.34375,0.359375,0.375,0.40625,0.4375,0.5,0.625,0.6875,
0.71875,0.734375,0.75,0.765625,0.78125,0.8125,0.828125,0.84375,0.875,0.90625,
0.921875,0.9375,0.96875,1.),.UNSPECIFIED.);
#241=B_SPLINE_CURVE_WITH_KNOTS('',3,(#1300,#1301,#1302,#1303,#1304,#1305,
#1306,#1307,#1308,#1309,#1310,#1311,#1312,#1313,#1314,#1315,#1316,#1317,
#1318,#1319,#1320,#1321,#1322,#1323,#1324,#1325,#1326,#1327,#1328,#1329,
#1330,#1331,#1332,#1333,#1334,#1335,#1336,#1337,#1338,#1339,#1340,#1341,
#1342,#1343,#1344,#1345,#1346,#1347,#1348),.UNSPECIFIED.,.F.,.F.,(4,1,1,
1,1,1,1,1,1,1,1,1,1,1,1,1,1,1,1,1,1,1,1,1,1,1,1,1,1,1,1,1,1,1,1,1,1,1,1,
1,1,1,1,1,1,1,4),(0.,0.03125,0.0390625,0.046875,0.0625,0.078125,0.08203125,
0.0859375,0.09375,0.109375,0.125,0.15625,0.1875,0.21875,0.234375,0.25,0.28125,
0.3125,0.328125,0.34375,0.375,0.40625,0.4375,0.5,0.53125,0.5625,0.59375,
0.625,0.65625,0.6875,0.71875,0.75,0.765625,0.78125,0.7890625,0.796875,0.8125,
0.828125,0.8359375,0.84375,0.859375,0.875,0.890625,0.90625,0.9375,0.96875,
1.),.UNSPECIFIED.);
#242=B_SPLINE_CURVE_WITH_KNOTS('',3,(#1365,#1366,#1367,#1368,#1369,#1370,
#1371,#1372,#1373,#1374,#1375,#1376,#1377,#1378,#1379,#1380,#1381,#1382,
#1383,#1384,#1385,#1386,#1387,#1388,#1389,#1390,#1391,#1392,#1393,#1394,
#1395,#1396,#1397,#1398,#1399,#1400,#1401,#1402,#1403,#1404,#1405,#1406,
#1407,#1408,#1409,#1410),.UNSPECIFIED.,.F.,.F.,(4,1,1,1,1,1,1,1,1,1,1,1,
1,1,1,1,1,1,1,1,1,1,1,1,1,1,1,1,1,1,1,1,1,1,1,1,1,1,1,1,1,1,1,4),(0.,0.03125,
0.0625,0.0703125,0.078125,0.08203125,0.0859375,0.09375,0.109375,0.125,0.15625,
0.1875,0.21875,0.234375,0.25,0.265625,0.28125,0.3125,0.3203125,0.328125,
0.33203125,0.3359375,0.34375,0.359375,0.375,0.40625,0.4375,0.5,0.625,0.6875,
0.71875,0.734375,0.75,0.765625,0.78125,0.8125,0.828125,0.84375,0.875,0.90625,
0.921875,0.9375,0.96875,1.),.UNSPECIFIED.);
#243=B_SPLINE_CURVE_WITH_KNOTS('',3,(#1411,#1412,#1413,#1414,#1415,#1416,
#1417,#1418,#1419,#1420,#1421,#1422,#1423,#1424,#1425,#1426,#1427,#1428,
#1429,#1430,#1431,#1432,#1433,#1434,#1435,#1436,#1437,#1438,#1439,#1440,
#1441,#1442,#1443,#1444,#1445,#1446,#1447,#1448,#1449,#1450,#1451,#1452,
#1453,#1454,#1455,#1456,#1457,#1458,#1459),.UNSPECIFIED.,.F.,.F.,(4,1,1,
1,1,1,1,1,1,1,1,1,1,1,1,1,1,1,1,1,1,1,1,1,1,1,1,1,1,1,1,1,1,1,1,1,1,1,1,
1,1,1,1,1,1,1,4),(0.,0.03125,0.0390625,0.046875,0.0625,0.078125,0.08203125,
0.0859375,0.09375,0.109375,0.125,0.15625,0.1875,0.21875,0.234375,0.25,0.28125,
0.3125,0.328125,0.34375,0.375,0.40625,0.4375,0.5,0.53125,0.5625,0.59375,
0.625,0.65625,0.6875,0.71875,0.75,0.765625,0.78125,0.7890625,0.796875,0.8125,
0.828125,0.8359375,0.84375,0.859375,0.875,0.890625,0.90625,0.9375,0.96875,
1.),.UNSPECIFIED.);
#244=B_SPLINE_CURVE_WITH_KNOTS('',3,(#1476,#1477,#1478,#1479,#1480,#1481,
#1482,#1483,#1484,#1485,#1486,#1487,#1488,#1489,#1490,#1491,#1492,#1493,
#1494,#1495,#1496,#1497,#1498,#1499,#1500,#1501,#1502,#1503,#1504,#1505,
#1506,#1507,#1508,#1509,#1510,#1511,#1512,#1513,#1514,#1515,#1516,#1517),
 .UNSPECIFIED.,.F.,.F.,(4,1,1,1,1,1,1,1,1,1,1,1,1,1,1,1,1,1,1,1,1,1,1,1,
1,1,1,1,1,1,1,1,1,1,1,1,1,1,1,4),(0.,0.03125,0.0625,0.078125,0.09375,0.125,
0.15625,0.1875,0.203125,0.21875,0.25,0.265625,0.28125,0.3125,0.328125,0.34375,
0.375,0.40625,0.421875,0.4375,0.4453125,0.453125,0.46875,0.5,0.5625,0.625,
0.6875,0.71875,0.75,0.765625,0.78125,0.7890625,0.796875,0.8125,0.84375,
0.875,0.890625,0.90625,0.9375,1.),.UNSPECIFIED.);
#245=B_SPLINE_CURVE_WITH_KNOTS('',3,(#1518,#1519,#1520,#1521,#1522,#1523,
#1524,#1525,#1526,#1527,#1528,#1529,#1530,#1531,#1532,#1533,#1534,#1535,
#1536,#1537,#1538,#1539,#1540,#1541,#1542,#1543,#1544,#1545,#1546,#1547,
#1548,#1549,#1550,#1551,#1552,#1553,#1554,#1555,#1556,#1557,#1558,#1559,
#1560,#1561),.UNSPECIFIED.,.F.,.F.,(4,1,1,1,1,1,1,1,1,1,1,1,1,1,1,1,1,1,
1,1,1,1,1,1,1,1,1,1,1,1,1,1,1,1,1,1,1,1,1,1,1,4),(0.,0.03125,0.0625,0.078125,
0.09375,0.125,0.15625,0.1875,0.203125,0.21875,0.25,0.28125,0.3125,0.375,
0.4375,0.5,0.53125,0.5625,0.5703125,0.578125,0.59375,0.625,0.65625,0.671875,
0.6796875,0.6875,0.703125,0.71875,0.734375,0.75,0.765625,0.78125,0.78515625,
0.7890625,0.796875,0.8125,0.84375,0.875,0.890625,0.90625,0.9375,1.),
 .UNSPECIFIED.);
#246=B_SPLINE_CURVE_WITH_KNOTS('',3,(#1578,#1579,#1580,#1581,#1582,#1583,
#1584,#1585,#1586,#1587,#1588,#1589,#1590,#1591,#1592,#1593,#1594,#1595,
#1596,#1597,#1598,#1599,#1600,#1601,#1602,#1603,#1604,#1605,#1606,#1607,
#1608,#1609,#1610,#1611,#1612,#1613,#1614,#1615,#1616,#1617,#1618,#1619,
#1620,#1621),.UNSPECIFIED.,.F.,.F.,(4,1,1,1,1,1,1,1,1,1,1,1,1,1,1,1,1,1,
1,1,1,1,1,1,1,1,1,1,1,1,1,1,1,1,1,1,1,1,1,1,1,4),(0.,0.03125,0.0625,0.078125,
0.09375,0.125,0.15625,0.1875,0.203125,0.21875,0.25,0.28125,0.3125,0.375,
0.4375,0.5,0.53125,0.5625,0.5703125,0.578125,0.59375,0.625,0.65625,0.671875,
0.6796875,0.6875,0.703125,0.71875,0.734375,0.75,0.765625,0.78125,0.78515625,
0.7890625,0.796875,0.8125,0.84375,0.875,0.890625,0.90625,0.9375,1.),
 .UNSPECIFIED.);
#247=B_SPLINE_CURVE_WITH_KNOTS('',3,(#1622,#1623,#1624,#1625,#1626,#1627,
#1628,#1629,#1630,#1631,#1632,#1633,#1634,#1635,#1636,#1637,#1638,#1639,
#1640,#1641,#1642,#1643,#1644,#1645,#1646,#1647,#1648,#1649,#1650,#1651,
#1652,#1653,#1654,#1655,#1656,#1657,#1658,#1659,#1660,#1661,#1662,#1663),
 .UNSPECIFIED.,.F.,.F.,(4,1,1,1,1,1,1,1,1,1,1,1,1,1,1,1,1,1,1,1,1,1,1,1,
1,1,1,1,1,1,1,1,1,1,1,1,1,1,1,4),(0.,0.03125,0.0625,0.078125,0.09375,0.125,
0.15625,0.1875,0.203125,0.21875,0.25,0.265625,0.28125,0.3125,0.328125,0.34375,
0.375,0.40625,0.421875,0.4375,0.4453125,0.453125,0.46875,0.5,0.5625,0.625,
0.6875,0.71875,0.75,0.765625,0.78125,0.7890625,0.796875,0.8125,0.84375,
0.875,0.890625,0.90625,0.9375,1.),.UNSPECIFIED.);
#248=EDGE_LOOP('',(#32,#33,#34,#35));
#249=EDGE_LOOP('',(#36,#37,#38,#39));
#250=EDGE_LOOP('',(#40,#41,#42,#43));
#251=EDGE_LOOP('',(#44,#45,#46,#47));
#252=EDGE_LOOP('',(#48,#49,#50,#51));
#253=EDGE_LOOP('',(#52,#53,#54,#55));
#254=EDGE_LOOP('',(#56,#57,#58,#59));
#255=EDGE_LOOP('',(#60,#61,#62,#63));
#256=EDGE_LOOP('',(#64,#65,#66,#67));
#257=EDGE_LOOP('',(#68,#69,#70,#71));
#258=EDGE_LOOP('',(#72,#73,#74,#75));
#259=EDGE_LOOP('',(#76,#77,#78,#79));
#260=EDGE_LOOP('',(#80,#81,#82,#83));
#261=EDGE_LOOP('',(#84,#85,#86,#87));
#262=EDGE_LOOP('',(#88,#89,#90,#91));
#263=EDGE_LOOP('',(#92,#93,#94,#95));
#264=EDGE_LOOP('',(#96,#97,#98,#99));
#265=EDGE_LOOP('',(#100,#101,#102,#103));
#266=EDGE_LOOP('',(#104,#105,#106));
#267=EDGE_LOOP('',(#107,#108,#109));
#268=EDGE_LOOP('',(#110,#111,#112));
#269=EDGE_LOOP('',(#113,#114,#115));
#270=EDGE_LOOP('',(#116,#117,#118));
#271=EDGE_LOOP('',(#119,#120,#121));
#272=EDGE_LOOP('',(#122,#123,#124));
#273=EDGE_LOOP('',(#125,#126,#127));
#274=FACE_BOUND('',#248,.T.);
#275=FACE_BOUND('',#249,.T.);
#276=FACE_BOUND('',#250,.T.);
#277=FACE_BOUND('',#251,.T.);
#278=FACE_BOUND('',#252,.T.);
#279=FACE_BOUND('',#253,.T.);
#280=FACE_BOUND('',#254,.T.);
#281=FACE_BOUND('',#255,.T.);
#282=FACE_BOUND('',#256,.T.);
#283=FACE_BOUND('',#257,.T.);
#284=FACE_BOUND('',#258,.T.);
#285=FACE_BOUND('',#259,.T.);
#286=FACE_BOUND('',#260,.T.);
#287=FACE_BOUND('',#261,.T.);
#288=FACE_BOUND('',#262,.T.);
#289=FACE_BOUND('',#263,.T.);
#290=FACE_BOUND('',#264,.T.);
#291=FACE_BOUND('',#265,.T.);
#292=FACE_BOUND('',#266,.T.);
#293=FACE_BOUND('',#267,.T.);
#294=FACE_BOUND('',#268,.T.);
#295=FACE_BOUND('',#269,.T.);
#296=FACE_BOUND('',#270,.T.);
#297=FACE_BOUND('',#271,.T.);
#298=FACE_BOUND('',#272,.T.);
#299=FACE_BOUND('',#273,.T.);
#300=PLANE('',#345);
#301=PLANE('',#346);
#302=PLANE('',#347);
#303=PLANE('',#348);
#304=PLANE('',#349);
#305=PLANE('',#350);
#306=ADVANCED_FACE('',(#274),#300,.T.);
#307=ADVANCED_FACE('',(#275),#301,.F.);
#308=ADVANCED_FACE('',(#276),#302,.F.);
#309=ADVANCED_FACE('',(#277),#303,.T.);
#310=ADVANCED_FACE('',(#278),#304,.T.);
#311=ADVANCED_FACE('',(#279),#305,.F.);
#312=ADVANCED_FACE('',(#280),#12,.T.);
#313=ADVANCED_FACE('',(#281),#13,.T.);
#314=ADVANCED_FACE('',(#282),#14,.T.);
#315=ADVANCED_FACE('',(#283),#15,.T.);
#316=ADVANCED_FACE('',(#284),#16,.T.);
#317=ADVANCED_FACE('',(#285),#17,.T.);
#318=ADVANCED_FACE('',(#286),#18,.T.);
#319=ADVANCED_FACE('',(#287),#19,.T.);
#320=ADVANCED_FACE('',(#288),#20,.T.);
#321=ADVANCED_FACE('',(#289),#21,.T.);
#322=ADVANCED_FACE('',(#290),#22,.T.);
#323=ADVANCED_FACE('',(#291),#23,.T.);
#324=ADVANCED_FACE('',(#292),#24,.F.);
#325=ADVANCED_FACE('',(#293),#25,.F.);
#326=ADVANCED_FACE('',(#294),#26,.F.);
#327=ADVANCED_FACE('',(#295),#27,.F.);
#328=ADVANCED_FACE('',(#296),#28,.F.);
#329=ADVANCED_FACE('',(#297),#29,.F.);
#330=ADVANCED_FACE('',(#298),#30,.F.);
#331=ADVANCED_FACE('',(#299),#31,.F.);
#332=CLOSED_SHELL('',(#306,#307,#308,#309,#310,#311,#312,#313,#314,#315,
#316,#317,#318,#319,#320,#321,#322,#323,#324,#325,#326,#327,#328,#329,#330,
#331));
#333=STYLED_ITEM('',(#334),#341);
#334=PRESENTATION_STYLE_ASSIGNMENT((#335));
#335=SURFACE_STYLE_USAGE(.BOTH.,#336);
#336=SURFACE_SIDE_STYLE('',(#337));
#337=SURFACE_STYLE_FILL_AREA(#338);
#338=FILL_AREA_STYLE('',(#339));
#339=FILL_AREA_STYLE_COLOUR('',#340);
#340=COLOUR_RGB('',0.866666666666667,0.32156862745098,0.156862745098039);
#341=MANIFOLD_SOLID_BREP('cube',#332);
#342=SHAPE_DEFINITION_REPRESENTATION(#3058,#343);
#343=SHAPE_REPRESENTATION('cube',(#344),#3053);
#344=AXIS2_PLACEMENT_3D('',#365,#351,#352);
#345=AXIS2_PLACEMENT_3D('',#366,#353,#354);
#346=AXIS2_PLACEMENT_3D('',#387,#355,#356);
#347=AXIS2_PLACEMENT_3D('',#408,#357,#358);
#348=AXIS2_PLACEMENT_3D('',#429,#359,#360);
#349=AXIS2_PLACEMENT_3D('',#450,#361,#362);
#350=AXIS2_PLACEMENT_3D('',#471,#363,#364);
#351=DIRECTION('',(0.,0.,1.));
#352=DIRECTION('',(1.,0.,0.));
#353=DIRECTION('',(9.63735264431559E-17,-1.,0.));
#354=DIRECTION('',(1.,9.63735264431559E-17,0.));
#355=DIRECTION('',(-1.,9.63735264431559E-17,0.));
#356=DIRECTION('',(-9.63735264431559E-17,-1.,0.));
#357=DIRECTION('',(1.92747052886312E-16,-1.,0.));
#358=DIRECTION('',(1.,1.92747052886312E-16,0.));
#359=DIRECTION('',(-1.,9.63735264431559E-17,0.));
#360=DIRECTION('',(-9.63735264431559E-17,-1.,0.));
#361=DIRECTION('',(0.,0.,1.));
#362=DIRECTION('',(1.,0.,0.));
#363=DIRECTION('',(0.,0.,1.));
#364=DIRECTION('',(1.,0.,0.));
#365=CARTESIAN_POINT('',(0.,0.,0.));
#366=CARTESIAN_POINT('',(-3.46944695195361E-18,-0.018,0.036));
#367=CARTESIAN_POINT('',(0.013,-0.018,0.031));
#368=CARTESIAN_POINT('',(0.00433333333333333,-0.018,0.031));
#369=CARTESIAN_POINT('',(-0.00433333333333334,-0.018,0.031));
#370=CARTESIAN_POINT('',(-0.013,-0.018,0.031));
#371=CARTESIAN_POINT('',(0.013,-0.018,0.031));
#372=CARTESIAN_POINT('',(-0.013,-0.018,0.031));
#373=CARTESIAN_POINT('',(-0.013,-0.018,0.031));
#374=CARTESIAN_POINT('',(-0.013,-0.018,0.0223333333333329));
#375=CARTESIAN_POINT('',(-0.013,-0.018,0.0136666666666659));
#376=CARTESIAN_POINT('',(-0.013,-0.018,0.0049999999999988));
#377=CARTESIAN_POINT('',(-0.013,-0.018,0.005));
#378=CARTESIAN_POINT('',(-0.013,-0.018,0.005));
#379=CARTESIAN_POINT('',(-0.00433333333333334,-0.018,0.005));
#380=CARTESIAN_POINT('',(0.00433333333333333,-0.018,0.005));
#381=CARTESIAN_POINT('',(0.013,-0.018,0.005));
#382=CARTESIAN_POINT('',(0.013,-0.018,0.00499999999999879));
#383=CARTESIAN_POINT('',(0.013,-0.018,0.0049999999999988));
#384=CARTESIAN_POINT('',(0.013,-0.018,0.0136666666666659));
#385=CARTESIAN_POINT('',(0.013,-0.018,0.0223333333333329));
#386=CARTESIAN_POINT('',(0.013,-0.018,0.031));
#387=CARTESIAN_POINT('',(0.018,0.,0.036));
#388=CARTESIAN_POINT('',(0.018,-0.013,0.005));
#389=CARTESIAN_POINT('',(0.018,-0.00433333333333333,0.005));
#390=CARTESIAN_POINT('',(0.018,0.00433333333333333,0.005));
#391=CARTESIAN_POINT('',(0.018,0.013,0.005));
#392=CARTESIAN_POINT('',(0.018,-0.013,0.00499999999999879));
#393=CARTESIAN_POINT('',(0.018,0.013,0.005));
#394=CARTESIAN_POINT('',(0.018,0.013,0.0049999999999988));
#395=CARTESIAN_POINT('',(0.018,0.013,0.0136666666666659));
#396=CARTESIAN_POINT('',(0.018,0.013,0.0223333333333329));
#397=CARTESIAN_POINT('',(0.018,0.013,0.031));
#398=CARTESIAN_POINT('',(0.018,0.013,0.031));
#399=CARTESIAN_POINT('',(0.018,0.013,0.031));
#400=CARTESIAN_POINT('',(0.018,0.00433333333333333,0.031));
#401=CARTESIAN_POINT('',(0.018,-0.00433333333333333,0.031));
#402=CARTESIAN_POINT('',(0.018,-0.013,0.031));
#403=CARTESIAN_POINT('',(0.018,-0.013,0.031));
#404=CARTESIAN_POINT('',(0.018,-0.013,0.031));
#405=CARTESIAN_POINT('',(0.018,-0.013,0.0223333333333329));
#406=CARTESIAN_POINT('',(0.018,-0.013,0.0136666666666659));
#407=CARTESIAN_POINT('',(0.018,-0.013,0.0049999999999988));
#408=CARTESIAN_POINT('',(0.,0.018,0.036));
#409=CARTESIAN_POINT('',(0.013,0.018,0.005));
#410=CARTESIAN_POINT('',(0.00433333333333333,0.018,0.005));
#411=CARTESIAN_POINT('',(-0.00433333333333333,0.018,0.005));
#412=CARTESIAN_POINT('',(-0.013,0.018,0.005));
#413=CARTESIAN_POINT('',(0.013,0.018,0.00499999999999879));
#414=CARTESIAN_POINT('',(-0.013,0.018,0.005));
#415=CARTESIAN_POINT('',(-0.013,0.018,0.0049999999999988));
#416=CARTESIAN_POINT('',(-0.013,0.018,0.0136666666666659));
#417=CARTESIAN_POINT('',(-0.013,0.018,0.0223333333333329));
#418=CARTESIAN_POINT('',(-0.013,0.018,0.031));
#419=CARTESIAN_POINT('',(-0.013,0.018,0.031));
#420=CARTESIAN_POINT('',(-0.013,0.018,0.031));
#421=CARTESIAN_POINT('',(-0.00433333333333333,0.018,0.031));
#422=CARTESIAN_POINT('',(0.00433333333333333,0.018,0.031));
#423=CARTESIAN_POINT('',(0.013,0.018,0.031));
#424=CARTESIAN_POINT('',(0.013,0.018,0.031));
#425=CARTESIAN_POINT('',(0.013,0.018,0.031));
#426=CARTESIAN_POINT('',(0.013,0.018,0.0223333333333329));
#427=CARTESIAN_POINT('',(0.013,0.018,0.0136666666666659));
#428=CARTESIAN_POINT('',(0.013,0.018,0.0049999999999988));
#429=CARTESIAN_POINT('',(-0.018,-6.93889390390723E-18,0.036));
#430=CARTESIAN_POINT('',(-0.018,-0.013,0.031));
#431=CARTESIAN_POINT('',(-0.018,-0.00433333333333334,0.031));
#432=CARTESIAN_POINT('',(-0.018,0.00433333333333333,0.031));
#433=CARTESIAN_POINT('',(-0.018,0.013,0.031));
#434=CARTESIAN_POINT('',(-0.018,-0.013,0.031));
#435=CARTESIAN_POINT('',(-0.018,0.013,0.031));
#436=CARTESIAN_POINT('',(-0.018,0.013,0.031));
#437=CARTESIAN_POINT('',(-0.018,0.013,0.0223333333333329));
#438=CARTESIAN_POINT('',(-0.018,0.013,0.0136666666666659));
#439=CARTESIAN_POINT('',(-0.018,0.013,0.0049999999999988));
#440=CARTESIAN_POINT('',(-0.018,0.013,0.005));
#441=CARTESIAN_POINT('',(-0.018,0.013,0.005));
#442=CARTESIAN_POINT('',(-0.018,0.00433333333333333,0.005));
#443=CARTESIAN_POINT('',(-0.018,-0.00433333333333334,0.005));
#444=CARTESIAN_POINT('',(-0.018,-0.013,0.005));
#445=CARTESIAN_POINT('',(-0.018,-0.013,0.00499999999999879));
#446=CARTESIAN_POINT('',(-0.018,-0.013,0.0049999999999988));
#447=CARTESIAN_POINT('',(-0.018,-0.013,0.0136666666666659));
#448=CARTESIAN_POINT('',(-0.018,-0.013,0.0223333333333329));
#449=CARTESIAN_POINT('',(-0.018,-0.013,0.031));
#450=CARTESIAN_POINT('',(-3.46944695195361E-18,-3.46944695195361E-18,0.036));
#451=CARTESIAN_POINT('',(0.013,-0.013,0.036));
#452=CARTESIAN_POINT('',(0.013,-0.00433333333333334,0.036));
#453=CARTESIAN_POINT('',(0.013,0.00433333333333333,0.036));
#454=CARTESIAN_POINT('',(0.013,0.013,0.036));
#455=CARTESIAN_POINT('',(0.013,-0.013,0.036));
#456=CARTESIAN_POINT('',(0.013,0.013,0.036));
#457=CARTESIAN_POINT('',(0.013,0.013,0.036));
#458=CARTESIAN_POINT('',(0.00433333333333337,0.013,0.036));
#459=CARTESIAN_POINT('',(-0.00433333333333326,0.013,0.036));
#460=CARTESIAN_POINT('',(-0.0129999999999999,0.013,0.036));
#461=CARTESIAN_POINT('',(-0.013,0.013,0.036));
#462=CARTESIAN_POINT('',(-0.013,0.013,0.036));
#463=CARTESIAN_POINT('',(-0.013,0.00433333333333333,0.036));
#464=CARTESIAN_POINT('',(-0.013,-0.00433333333333334,0.036));
#465=CARTESIAN_POINT('',(-0.013,-0.013,0.036));
#466=CARTESIAN_POINT('',(-0.013,-0.013,0.036));
#467=CARTESIAN_POINT('',(-0.013,-0.013,0.036));
#468=CARTESIAN_POINT('',(-0.00433333333333334,-0.013,0.036));
#469=CARTESIAN_POINT('',(0.00433333333333333,-0.013,0.036));
#470=CARTESIAN_POINT('',(0.013,-0.013,0.036));
#471=CARTESIAN_POINT('',(-3.46944695195361E-18,-3.46944695195361E-18,0.));
#472=CARTESIAN_POINT('',(-0.013,-0.013,0.));
#473=CARTESIAN_POINT('',(-0.013,-0.00433333333333334,0.));
#474=CARTESIAN_POINT('',(-0.013,0.00433333333333333,0.));
#475=CARTESIAN_POINT('',(-0.013,0.013,0.));
#476=CARTESIAN_POINT('',(-0.013,-0.013,0.));
#477=CARTESIAN_POINT('',(-0.013,0.013,0.));
#478=CARTESIAN_POINT('',(-0.0129999999999998,0.013,0.));
#479=CARTESIAN_POINT('',(-0.00433333333333323,0.013,0.));
#480=CARTESIAN_POINT('',(0.00433333333333338,0.013,0.));
#481=CARTESIAN_POINT('',(0.013,0.013,0.));
#482=CARTESIAN_POINT('',(0.013,0.013,0.));
#483=CARTESIAN_POINT('',(0.013,0.013,0.));
#484=CARTESIAN_POINT('',(0.013,0.00433333333333333,0.));
#485=CARTESIAN_POINT('',(0.013,-0.00433333333333334,0.));
#486=CARTESIAN_POINT('',(0.013,-0.013,0.));
#487=CARTESIAN_POINT('',(0.013,-0.013,0.));
#488=CARTESIAN_POINT('',(0.013,-0.013,0.));
#489=CARTESIAN_POINT('',(0.00433333333333333,-0.013,0.));
#490=CARTESIAN_POINT('',(-0.00433333333333334,-0.013,0.));
#491=CARTESIAN_POINT('',(-0.013,-0.013,0.));
#492=CARTESIAN_POINT('',(0.018,-0.0131595751805867,0.005));
#493=CARTESIAN_POINT('',(0.018,0.0131599605677129,0.005));
#494=CARTESIAN_POINT('',(0.0180000000000137,-0.0131595751805867,0.00424999999999316));
#495=CARTESIAN_POINT('',(0.0180000000000137,0.0131599605677129,0.00424999999999316));
#496=CARTESIAN_POINT('',(0.0180000000000137,-0.0131595751805867,0.00349999999998631));
#497=CARTESIAN_POINT('',(0.0180000000000137,0.0131599605677129,0.00349999999998631));
#498=CARTESIAN_POINT('',(0.0175000000000274,-0.0131595751805867,0.00166666666666496));
#499=CARTESIAN_POINT('',(0.0175000000000274,0.0131599605677129,0.00166666666666496));
#500=CARTESIAN_POINT('',(0.0163333333333744,-0.0131595751805867,0.000499999999988876));
#501=CARTESIAN_POINT('',(0.0163333333333744,0.0131599605677129,0.000499999999988876));
#502=CARTESIAN_POINT('',(0.0145,-0.0131595751805867,-1.1807742810599E-14));
#503=CARTESIAN_POINT('',(0.0145,0.0131599605677129,-1.18085241726354E-14));
#504=CARTESIAN_POINT('',(0.01375,-0.0131595751805867,-1.02674507319181E-14));
#505=CARTESIAN_POINT('',(0.01375,0.0131599605677129,-1.02682320939545E-14));
#506=CARTESIAN_POINT('',(0.013,-0.0131595751805867,1.05020269212753E-18));
#507=CARTESIAN_POINT('',(0.013,0.0131599605677129,2.68840655730028E-19));
#508=CARTESIAN_POINT('',(0.018,-0.0129999999503989,0.00500000001018279));
#509=CARTESIAN_POINT('',(0.0180000000000029,-0.0129999999367253,0.00484167524285448));
#510=CARTESIAN_POINT('',(0.0179982246371695,-0.0130015284392237,0.00457704293023493));
#511=CARTESIAN_POINT('',(0.0179901227041758,-0.0130039661915452,0.00435604111899179));
#512=CARTESIAN_POINT('',(0.0179769149145617,-0.0130019679793305,0.00415558836878666));
#513=CARTESIAN_POINT('',(0.0179688154308899,-0.0130006918855667,0.00405935080655778));
#514=CARTESIAN_POINT('',(0.0179531574343691,-0.0129978766451011,0.00391212187234894));
#515=CARTESIAN_POINT('',(0.0179524323690349,-0.0129979284155492,0.00390963305080963));
#516=CARTESIAN_POINT('',(0.0179400770646653,-0.0129978352769212,0.00380491910490838));
#517=CARTESIAN_POINT('',(0.0179076234172363,-0.0129982762770506,0.00358880599961063));
#518=CARTESIAN_POINT('',(0.0178513526810187,-0.0129989311245441,0.00331221192023279));
#519=CARTESIAN_POINT('',(0.01777962098599,-0.0129996406456188,0.003043639825369));
#520=CARTESIAN_POINT('',(0.0177153905072593,-0.0130001961024273,0.00284245049128441));
#521=CARTESIAN_POINT('',(0.0176624589356387,-0.0130006131573876,0.00269761018723901));
#522=CARTESIAN_POINT('',(0.017626627625929,-0.0130008616555116,0.00260505057477181));
#523=CARTESIAN_POINT('',(0.0175532738219515,-0.0130012939531048,0.00242796752611394));
#524=CARTESIAN_POINT('',(0.0174490604433693,-0.0130016723011562,0.00221060455828687));
#525=CARTESIAN_POINT('',(0.0172753076449155,-0.0130019106503417,0.00190158902547353));
#526=CARTESIAN_POINT('',(0.0170892006386413,-0.0130011533736694,0.00162943449345729));
#527=CARTESIAN_POINT('',(0.0167906555784544,-0.0130001407539489,0.00127413757424905));
#528=CARTESIAN_POINT('',(0.0163954527853613,-0.012999932756635,0.00092272119821136));
#529=CARTESIAN_POINT('',(0.0158032856597797,-0.0130001202194544,0.00053202483418186));
#530=CARTESIAN_POINT('',(0.0149749638659067,-0.0130001393857004,0.000188272236595719));
#531=CARTESIAN_POINT('',(0.0139512722535649,-0.0130001340752597,4.06468459304105E-6));
#532=CARTESIAN_POINT('',(0.0133151324747025,-0.0130000542162736,-4.31353868110333E-15));
#533=CARTESIAN_POINT('',(0.01299999999387,-0.0129999999942243,1.0455492271068E-18));
#534=CARTESIAN_POINT('',(0.0129999999942243,0.0129999999938699,2.73668567077591E-19));
#535=CARTESIAN_POINT('',(0.0130271916459404,0.0129999999910601,-3.72016332845892E-16));
#536=CARTESIAN_POINT('',(0.0131083642305973,0.0130004363966891,-3.79382493382001E-7));
#537=CARTESIAN_POINT('',(0.0133487682617484,0.0130024400234025,1.42642214561844E-6));
#538=CARTESIAN_POINT('',(0.0135459554393714,0.0130039276641991,6.12327019577467E-6));
#539=CARTESIAN_POINT('',(0.0137199364657586,0.0130043378335411,1.38361339551254E-5));
#540=CARTESIAN_POINT('',(0.0139617114778402,0.0129998159528848,3.21653636345937E-5));
#541=CARTESIAN_POINT('',(0.0141607567306734,0.0129963983984586,5.52563220090382E-5));
#542=CARTESIAN_POINT('',(0.0143409270049587,0.0129967781696859,8.09889219409985E-5));
#543=CARTESIAN_POINT('',(0.0145451390545997,0.0129979943521812,0.000119900768360394));
#544=CARTESIAN_POINT('',(0.0146320942096652,0.0129985092669025,0.000138642985792851));
#545=CARTESIAN_POINT('',(0.0148732413762604,0.0129995374343007,0.000194540806217481));
#546=CARTESIAN_POINT('',(0.0152686757553491,0.0130003656643196,0.000314491128205389));
#547=CARTESIAN_POINT('',(0.0158692796075854,0.0130006539815836,0.000570063169158427));
#548=CARTESIAN_POINT('',(0.0165240123295034,0.0130001362529308,0.00101555391958618));
#549=CARTESIAN_POINT('',(0.0168110407164025,0.0130002407737226,0.00130679226202756));
#550=CARTESIAN_POINT('',(0.0169559638704089,0.0130005816877462,0.00147368849299012));
#551=CARTESIAN_POINT('',(0.0169934158269449,0.0130007187696535,0.00151847091660299));
#552=CARTESIAN_POINT('',(0.0171098938998342,0.0130013594637776,0.00166516192054662));
#553=CARTESIAN_POINT('',(0.0172414338948748,0.0130018734467102,0.00185363660339428));
#554=CARTESIAN_POINT('',(0.0173790383912403,0.0130021278699351,0.00208141316049986));
#555=CARTESIAN_POINT('',(0.0174973424896201,0.0130019887505322,0.0023082835125924));
#556=CARTESIAN_POINT('',(0.0175822932908535,0.013001568270567,0.00249607764321724));
#557=CARTESIAN_POINT('',(0.0176402583389109,0.013001008579339,0.00264011423414241));
#558=CARTESIAN_POINT('',(0.0176541212153878,0.0130009301443455,0.00267626988461325));
#559=CARTESIAN_POINT('',(0.0177261999914676,0.01300058838775,0.00286843663530212));
#560=CARTESIAN_POINT('',(0.017821738826099,0.0130003655534688,0.00317406754579591));
#561=CARTESIAN_POINT('',(0.0178975679679258,0.0130001766785156,0.00354019286500628));
#562=CARTESIAN_POINT('',(0.0179257633469045,0.0130000994141116,0.00370663727070224));
#563=CARTESIAN_POINT('',(0.0179455470319668,0.0130000487351225,0.00385080136566877));
#564=CARTESIAN_POINT('',(0.0179557226800224,0.0129999834033982,0.00393475283575037));
#565=CARTESIAN_POINT('',(0.0179732536406132,0.0129997363728081,0.00409916077689386));
#566=CARTESIAN_POINT('',(0.017984667669154,0.0129991281594801,0.00426729911090142));
#567=CARTESIAN_POINT('',(0.017991196122199,0.0129983694871235,0.004395302670804));
#568=CARTESIAN_POINT('',(0.0179983699827757,0.0129969407821323,0.00460671820112099));
#569=CARTESIAN_POINT('',(0.0180000210329855,0.0129970162790915,0.00482085925625546));
#570=CARTESIAN_POINT('',(0.0180000000000009,0.0129987132465168,0.00494784100498115));
#571=CARTESIAN_POINT('',(0.018,0.0129999999477123,0.005000000019515));
#572=CARTESIAN_POINT('',(0.013,-0.018,0.00483947359905288));
#573=CARTESIAN_POINT('',(0.013,-0.018,0.0311626397634663));
#574=CARTESIAN_POINT('',(0.01375,-0.018,0.00483947359905288));
#575=CARTESIAN_POINT('',(0.01375,-0.018,0.0311626397634663));
#576=CARTESIAN_POINT('',(0.0145,-0.018,0.00483947359905288));
#577=CARTESIAN_POINT('',(0.0145,-0.018,0.0311626397634663));
#578=CARTESIAN_POINT('',(0.0163333333333334,-0.0175,0.00483947359905288));
#579=CARTESIAN_POINT('',(0.0163333333333334,-0.0175,0.0311626397634663));
#580=CARTESIAN_POINT('',(0.0175,-0.0163333333333334,0.00483947359905288));
#581=CARTESIAN_POINT('',(0.0175,-0.0163333333333334,0.0311626397634663));
#582=CARTESIAN_POINT('',(0.018,-0.0145,0.00483947359905288));
#583=CARTESIAN_POINT('',(0.018,-0.0145,0.0311626397634663));
#584=CARTESIAN_POINT('',(0.018,-0.01375,0.00483947359905288));
#585=CARTESIAN_POINT('',(0.018,-0.01375,0.0311626397634663));
#586=CARTESIAN_POINT('',(0.018,-0.013,0.00483947359905288));
#587=CARTESIAN_POINT('',(0.018,-0.013,0.0311626397634663));
#588=CARTESIAN_POINT('',(0.0129999999477123,-0.018,0.00500000001951439));
#589=CARTESIAN_POINT('',(0.0130022466743797,-0.018,0.00500000002051084));
#590=CARTESIAN_POINT('',(0.0130854491843917,-0.017999818431466,0.0049996937585575));
#591=CARTESIAN_POINT('',(0.013351076034365,-0.0180000369912942,0.00499867964702959));
#592=CARTESIAN_POINT('',(0.0136111306421773,-0.0179909035401411,0.00499770017768756));
#593=CARTESIAN_POINT('',(0.0137253890593713,-0.0179850859553821,0.00499727268866597));
#594=CARTESIAN_POINT('',(0.0138426537000657,-0.0179767930059351,0.00499683689504179));
#595=CARTESIAN_POINT('',(0.0139011929036897,-0.0179719333669566,0.00499662116626613));
#596=CARTESIAN_POINT('',(0.0139710783550228,-0.0179657110721887,0.00499641082490463));
#597=CARTESIAN_POINT('',(0.0140843373170045,-0.0179537788615589,0.00499618339386442));
#598=CARTESIAN_POINT('',(0.0142476567688989,-0.0179328728775882,0.00499612990823992));
#599=CARTESIAN_POINT('',(0.0144515441025567,-0.0178993397683083,0.00499666149326493));
#600=CARTESIAN_POINT('',(0.0146222125173382,-0.0178641830488623,0.00499782370596503));
#601=CARTESIAN_POINT('',(0.0147624261287603,-0.0178307599486117,0.00499870388892121));
#602=CARTESIAN_POINT('',(0.0148658974573449,-0.0178036537999257,0.00499938710479342));
#603=CARTESIAN_POINT('',(0.0149705355221018,-0.0177736715817221,0.00500015063687098));
#604=CARTESIAN_POINT('',(0.0149707103692206,-0.0177735348980314,0.00500001037491389));
#605=CARTESIAN_POINT('',(0.0150875895846883,-0.0177381007242066,0.00500008485787569));
#606=CARTESIAN_POINT('',(0.0152563576175214,-0.0176823978989787,0.00500001679564442));
#607=CARTESIAN_POINT('',(0.0154647360027269,-0.0175979676704512,0.00499993816513303));
#608=CARTESIAN_POINT('',(0.0155529017889187,-0.0175599123526116,0.00499990087942468));
#609=CARTESIAN_POINT('',(0.0156450202224137,-0.0175172718854895,0.00499985950625407));
#610=CARTESIAN_POINT('',(0.0156794554798081,-0.0175006823040162,0.0049998435009572));
#611=CARTESIAN_POINT('',(0.0157115992081359,-0.0174851323154526,0.00499983000013011));
#612=CARTESIAN_POINT('',(0.0157750340028486,-0.0174533981522657,0.0049998053974922));
#613=CARTESIAN_POINT('',(0.0158729511401173,-0.0174019474844453,0.00499977413287731));
#614=CARTESIAN_POINT('',(0.0160068627238852,-0.0173265695795681,0.00499974130568877));
#615=CARTESIAN_POINT('',(0.0162352205953971,-0.0171834727204161,0.00499970574031127));
#616=CARTESIAN_POINT('',(0.016668128103701,-0.0168628978814853,0.0049996865514172));
#617=CARTESIAN_POINT('',(0.0171889857337257,-0.01630310121542,0.00499975762482697));
#618=CARTESIAN_POINT('',(0.0175701239990567,-0.0155503578732458,0.00499991682546398));
#619=CARTESIAN_POINT('',(0.0176882997808117,-0.0152347010621062,0.00499997424955543));
#620=CARTESIAN_POINT('',(0.0177422311564017,-0.0150745964031118,0.00499998156978111));
#621=CARTESIAN_POINT('',(0.0177844165627616,-0.0149344187972695,0.00500003210667936));
#622=CARTESIAN_POINT('',(0.0177919776117558,-0.0149064783420908,0.00499989002345982));
#623=CARTESIAN_POINT('',(0.0178195714573309,-0.014808344097223,0.00499929665721041));
#624=CARTESIAN_POINT('',(0.0178621638162092,-0.0146300874884024,0.00499757741060933));
#625=CARTESIAN_POINT('',(0.017878913633193,-0.0145492348013755,0.00499690114582286));
#626=CARTESIAN_POINT('',(0.0179030936534437,-0.0144278406662206,0.00499608409929151));
#627=CARTESIAN_POINT('',(0.017936981105814,-0.0142261632077526,0.00499546335053756));
#628=CARTESIAN_POINT('',(0.0179631401437797,-0.0140049269164899,0.00499578674057527));
#629=CARTESIAN_POINT('',(0.0179768000466375,-0.0138437909577268,0.00499642500132722));
#630=CARTESIAN_POINT('',(0.0179890816181405,-0.0136769842983656,0.0049972562316055));
#631=CARTESIAN_POINT('',(0.0180017910235254,-0.0132641250490879,0.00499954296422415));
#632=CARTESIAN_POINT('',(0.018,-0.0130754340275603,0.00500000001669708));
#633=CARTESIAN_POINT('',(0.018,-0.012999999950399,0.0050000000101823));
#634=CARTESIAN_POINT('',(0.018,-0.0129999999528915,0.0309999999828009));
#635=CARTESIAN_POINT('',(0.018,-0.0130846481296843,0.0309999999507673));
#636=CARTESIAN_POINT('',(0.0180001986948978,-0.0132289261562865,0.0310004916759912));
#637=CARTESIAN_POINT('',(0.0179968500568387,-0.0134296952700482,0.0310016303043493));
#638=CARTESIAN_POINT('',(0.0179909254975994,-0.0136240599766093,0.0310028382157737));
#639=CARTESIAN_POINT('',(0.0179811305412649,-0.0137882068031641,0.0310038268244973));
#640=CARTESIAN_POINT('',(0.0179747200840996,-0.0138668973510866,0.0310042862851881));
#641=CARTESIAN_POINT('',(0.0179747951542122,-0.0138665607960643,0.0310042922276048));
#642=CARTESIAN_POINT('',(0.0179700045779235,-0.0139237740460327,0.0310045691520976));
#643=CARTESIAN_POINT('',(0.0179632271362133,-0.0139956893436255,0.0310048506765487));
#644=CARTESIAN_POINT('',(0.0179508148361884,-0.014109317378781,0.0310051362291402));
#645=CARTESIAN_POINT('',(0.0179290465525715,-0.0142735074722734,0.0310051796604282));
#646=CARTESIAN_POINT('',(0.0178940217767869,-0.0144796500813833,0.03100435433311));
#647=CARTESIAN_POINT('',(0.0178603258134662,-0.0146385139957984,0.0310028698620914));
#648=CARTESIAN_POINT('',(0.0178290855430439,-0.0147699055764995,0.0310016933925662));
#649=CARTESIAN_POINT('',(0.0177983737731493,-0.0148844890824359,0.0310005656756075));
#650=CARTESIAN_POINT('',(0.0177763900362904,-0.0149615441217104,0.0309996406352737));
#651=CARTESIAN_POINT('',(0.0177464797533739,-0.0150618701652009,0.0309998741834131));
#652=CARTESIAN_POINT('',(0.0176595743147371,-0.0153244729242223,0.0310000652177399));
#653=CARTESIAN_POINT('',(0.0175205082119948,-0.015641525683109,0.0310006295059036));
#654=CARTESIAN_POINT('',(0.017446488131789,-0.0157900762931811,0.0310008617892833));
#655=CARTESIAN_POINT('',(0.0173267820176855,-0.0160103069261287,0.0310010806200185));
#656=CARTESIAN_POINT('',(0.0171909933981262,-0.0162207683229768,0.0310010727922023));
#657=CARTESIAN_POINT('',(0.017009862547266,-0.016468586796832,0.03100068076873));
#658=CARTESIAN_POINT('',(0.0168355683121655,-0.0166687054396622,0.0310001544606292));
#659=CARTESIAN_POINT('',(0.0166095607470335,-0.0168876203163545,0.0310005038405233));
#660=CARTESIAN_POINT('',(0.0163964683263183,-0.0170638231323113,0.0310011553571114));
#661=CARTESIAN_POINT('',(0.0162289540866088,-0.0171848333625358,0.0310017955992031));
#662=CARTESIAN_POINT('',(0.0160275041819141,-0.0173155278018111,0.0310018375603342));
#663=CARTESIAN_POINT('',(0.0157863644477064,-0.0174515677129869,0.0310015713372628));
#664=CARTESIAN_POINT('',(0.015470406088858,-0.0176002137326035,0.0310006852865787));
#665=CARTESIAN_POINT('',(0.0151593191664366,-0.0177162355020575,0.0310001599310976));
#666=CARTESIAN_POINT('',(0.0149844704851527,-0.0177700216527007,0.0310002089464376));
#667=CARTESIAN_POINT('',(0.0148749689286309,-0.0178009375664007,0.0310006279299137));
#668=CARTESIAN_POINT('',(0.0148418513652085,-0.017809812303691,0.031000777252404));
#669=CARTESIAN_POINT('',(0.014785197249512,-0.0178247309685484,0.0310015039854787));
#670=CARTESIAN_POINT('',(0.0146767666724097,-0.0178514276391136,0.0310028844028681));
#671=CARTESIAN_POINT('',(0.014594411022389,-0.0178694987768357,0.0310039337486064));
#672=CARTESIAN_POINT('',(0.0145343933667399,-0.017881852702598,0.0310046721850384));
#673=CARTESIAN_POINT('',(0.0145265462811173,-0.0178834144351569,0.031004791250992));
#674=CARTESIAN_POINT('',(0.0144762656477684,-0.0178934580691609,0.0310052869708329));
#675=CARTESIAN_POINT('',(0.0143665408187703,-0.0179134814769717,0.0310060801013404));
#676=CARTESIAN_POINT('',(0.0142569394722073,-0.0179308654547103,0.0310064499344831));
#677=CARTESIAN_POINT('',(0.0141272581860784,-0.0179484236290254,0.0310064249923392));
#678=CARTESIAN_POINT('',(0.0140240262088411,-0.0179604966133755,0.0310060132356027));
#679=CARTESIAN_POINT('',(0.0137539522796936,-0.0179874026991407,0.0310042364592707));
#680=CARTESIAN_POINT('',(0.0132930383911844,-0.0180011287215308,0.031000571191845));
#681=CARTESIAN_POINT('',(0.013089470219537,-0.018,0.0309999999364978));
#682=CARTESIAN_POINT('',(0.0129999999787189,-0.018,0.0309999999906426));
#683=CARTESIAN_POINT('',(-0.0131595751805869,-0.018,0.005));
#684=CARTESIAN_POINT('',(0.0131599605677145,-0.018,0.005));
#685=CARTESIAN_POINT('',(-0.0131595751805869,-0.0180000000000137,0.00425));
#686=CARTESIAN_POINT('',(0.0131599605677145,-0.0180000000000137,0.00425));
#687=CARTESIAN_POINT('',(-0.0131595751805869,-0.0180000000000137,0.00350000000000171));
#688=CARTESIAN_POINT('',(0.0131599605677145,-0.0180000000000137,0.00350000000000171));
#689=CARTESIAN_POINT('',(-0.0131595751805869,-0.0174999999999863,0.00166666666665554));
#690=CARTESIAN_POINT('',(0.0131599605677145,-0.0174999999999863,0.00166666666665554));
#691=CARTESIAN_POINT('',(-0.0131595751805869,-0.0163333333333197,0.0005));
#692=CARTESIAN_POINT('',(0.0131599605677145,-0.0163333333333197,0.0005));
#693=CARTESIAN_POINT('',(-0.0131595751805869,-0.0145000000000137,-5.04871215224842E-15));
#694=CARTESIAN_POINT('',(0.0131599605677145,-0.0145000000000137,-5.04871215224866E-15));
#695=CARTESIAN_POINT('',(-0.0131595751805869,-0.0137500000000068,-6.84566728974004E-15));
#696=CARTESIAN_POINT('',(0.0131599605677145,-0.0137500000000068,-6.84566728974027E-15));
#697=CARTESIAN_POINT('',(-0.0131595751805869,-0.013,1.18246037244642E-28));
#698=CARTESIAN_POINT('',(0.0131599605677145,-0.013,-1.18249500160429E-28));
#699=CARTESIAN_POINT('',(0.01299999999387,-0.0129999999942243,5.27178490611269E-23));
#700=CARTESIAN_POINT('',(0.0129999999910602,-0.0130271916459421,-2.48193281571701E-16));
#701=CARTESIAN_POINT('',(0.0130004363966894,-0.0131083642306277,-3.79382492118514E-7));
#702=CARTESIAN_POINT('',(0.0130024400234022,-0.0133487682617035,1.42642214592305E-6));
#703=CARTESIAN_POINT('',(0.0130039276642013,-0.0135459554396148,6.12327020476841E-6));
#704=CARTESIAN_POINT('',(0.0130043378335415,-0.0137199364658126,1.38361339638277E-5));
#705=CARTESIAN_POINT('',(0.0129998159528849,-0.01396171147782,3.21653636364703E-5));
#706=CARTESIAN_POINT('',(0.0129963983984581,-0.014160756730698,5.52563220143509E-5));
#707=CARTESIAN_POINT('',(0.0129967781696831,-0.0143409270050381,8.09889219626428E-5));
#708=CARTESIAN_POINT('',(0.0129979943521818,-0.0145451390545959,0.000119900768361258));
#709=CARTESIAN_POINT('',(0.0129985092669182,-0.0146320942117635,0.000138642986247108));
#710=CARTESIAN_POINT('',(0.0129995374343306,-0.0148732413801689,0.000194540807255628));
#711=CARTESIAN_POINT('',(0.0130003656643571,-0.0152686757600702,0.000314491129875207));
#712=CARTESIAN_POINT('',(0.0130006539816025,-0.0158692796102438,0.000570063171080351));
#713=CARTESIAN_POINT('',(0.0130001362529061,-0.0165240123246157,0.00101555391608545));
#714=CARTESIAN_POINT('',(0.0130002407736975,-0.0168110407120321,0.00130679225732735));
#715=CARTESIAN_POINT('',(0.0130005816877321,-0.0169559638680221,0.001473688490171));
#716=CARTESIAN_POINT('',(0.0130007187696525,-0.0169934158268509,0.00151847091651384));
#717=CARTESIAN_POINT('',(0.0130013594637826,-0.0171098939001451,0.00166516192099693));
#718=CARTESIAN_POINT('',(0.0130018734467196,-0.0172414338954118,0.00185363660425306));
#719=CARTESIAN_POINT('',(0.0130021278699464,-0.0173790383918217,0.00208141316158752));
#720=CARTESIAN_POINT('',(0.0130019887505414,-0.0174973424900449,0.00230828351353607));
#721=CARTESIAN_POINT('',(0.0130015682705717,-0.0175822932910293,0.00249607764370967));
#722=CARTESIAN_POINT('',(0.0130010085793375,-0.0176402583388692,0.0026401142340833));
#723=CARTESIAN_POINT('',(0.0130009301443326,-0.0176541212163888,0.00267626988724919));
#724=CARTESIAN_POINT('',(0.013000588387727,-0.017726199992969,0.00286843663971169));
#725=CARTESIAN_POINT('',(0.0130003655534471,-0.0178217388271403,0.00317406755013822));
#726=CARTESIAN_POINT('',(0.0130001766785046,-0.017897567968307,0.00354019286717209));
#727=CARTESIAN_POINT('',(0.0130000994141064,-0.0179257633470376,0.00370663727169264));
#728=CARTESIAN_POINT('',(0.0130000487351232,-0.0179455470319357,0.00385080136549175));
#729=CARTESIAN_POINT('',(0.0129999834034019,-0.0179557226799342,0.00393475283503029));
#730=CARTESIAN_POINT('',(0.0129997363728157,-0.017973253640477,0.0040991607754478));
#731=CARTESIAN_POINT('',(0.0129991281594883,-0.0179846676690768,0.00426729910947196));
#732=CARTESIAN_POINT('',(0.0129983694871239,-0.0179911961221988,0.00439530267074501));
#733=CARTESIAN_POINT('',(0.0129969407821355,-0.0179983699827781,0.00460671820125719));
#734=CARTESIAN_POINT('',(0.0129970162790958,-0.0180000210329856,0.00482085925639837));
#735=CARTESIAN_POINT('',(0.0129987132465188,-0.0180000000000009,0.00494784100505138));
#736=CARTESIAN_POINT('',(0.0129999999477124,-0.018,0.005000000019515));
#737=CARTESIAN_POINT('',(-0.0129999999503989,-0.018,0.0050000000101828));
#738=CARTESIAN_POINT('',(-0.0129999999367253,-0.0180000000000029,0.00484167524285491));
#739=CARTESIAN_POINT('',(-0.0130015284392233,-0.0179982246371703,0.00457704293025917));
#740=CARTESIAN_POINT('',(-0.0130039661915457,-0.0179901227041736,0.00435604111896222));
#741=CARTESIAN_POINT('',(-0.0130019679793302,-0.0179769149145585,0.00415558836878253));
#742=CARTESIAN_POINT('',(-0.0130006918855672,-0.0179688154308927,0.0040593508066058));
#743=CARTESIAN_POINT('',(-0.0129978766450975,-0.0179531574343448,0.00391212187217573));
#744=CARTESIAN_POINT('',(-0.0129979284155691,-0.0179524323691407,0.00390963305175458));
#745=CARTESIAN_POINT('',(-0.0129978352769561,-0.0179400770648819,0.00380491910658004));
#746=CARTESIAN_POINT('',(-0.0129982762770912,-0.0179076234175733,0.00358880600156268));
#747=CARTESIAN_POINT('',(-0.0129989311245764,-0.0178513526814014,0.00331221192184871));
#748=CARTESIAN_POINT('',(-0.0129996406456379,-0.0177796209862378,0.003043639826245));
#749=CARTESIAN_POINT('',(-0.0130001961024335,-0.0177153905074285,0.00284245049180123));
#750=CARTESIAN_POINT('',(-0.0130006131573852,-0.0176624589354671,0.00269761018681601));
#751=CARTESIAN_POINT('',(-0.0130008616555075,-0.0176266276250941,0.00260505057270106));
#752=CARTESIAN_POINT('',(-0.0130012939530955,-0.0175532738201676,0.00242796752209565));
#753=CARTESIAN_POINT('',(-0.0130016723011441,-0.0174490604405241,0.00221060455277612));
#754=CARTESIAN_POINT('',(-0.0130019106503292,-0.0172753076415403,0.00190158902027677));
#755=CARTESIAN_POINT('',(-0.0130011533736723,-0.0170892006394524,0.00162943449531184));
#756=CARTESIAN_POINT('',(-0.0130001407539612,-0.0167906555841933,0.00127413757998879));
#757=CARTESIAN_POINT('',(-0.0129999327566395,-0.0163954527855212,0.000922721198020793));
#758=CARTESIAN_POINT('',(-0.0130001202194359,-0.0158032856596691,0.000532024834315697));
#759=CARTESIAN_POINT('',(-0.0130001393856709,-0.0149749638659467,0.000188272236564598));
#760=CARTESIAN_POINT('',(-0.0130001340752335,-0.0139512722535678,4.0646846091502E-6));
#761=CARTESIAN_POINT('',(-0.0130000542162628,-0.0133151324747072,-2.87638943202425E-15));
#762=CARTESIAN_POINT('',(-0.0129999999942243,-0.01299999999387,5.59522640161411E-23));
#763=CARTESIAN_POINT('',(-0.018,0.0131595751805852,0.005));
#764=CARTESIAN_POINT('',(-0.018,-0.0131599605677122,0.005));
#765=CARTESIAN_POINT('',(-0.018,0.0131595751805852,0.00424999999999658));
#766=CARTESIAN_POINT('',(-0.018,-0.0131599605677122,0.00424999999999658));
#767=CARTESIAN_POINT('',(-0.018,0.0131595751805852,0.00349999999999658));
#768=CARTESIAN_POINT('',(-0.018,-0.0131599605677122,0.00349999999999658));
#769=CARTESIAN_POINT('',(-0.0175,0.0131595751805852,0.00166666666665982));
#770=CARTESIAN_POINT('',(-0.0175,-0.0131599605677122,0.00166666666665982));
#771=CARTESIAN_POINT('',(-0.0163333333333196,0.0131595751805852,0.000499999999988875));
#772=CARTESIAN_POINT('',(-0.0163333333333196,-0.0131599605677122,0.000499999999988876));
#773=CARTESIAN_POINT('',(-0.0145,0.0131595751805852,-8.98550700318714E-15));
#774=CARTESIAN_POINT('',(-0.0145,-0.0131599605677122,-8.98472564115074E-15));
#775=CARTESIAN_POINT('',(-0.01375,0.0131595751805852,-1.02690994442513E-14));
#776=CARTESIAN_POINT('',(-0.01375,-0.0131599605677122,-1.02683180822149E-14));
#777=CARTESIAN_POINT('',(-0.013,0.0131595751805852,-5.98509641066032E-19));
#778=CARTESIAN_POINT('',(-0.013,-0.0131599605677122,1.82852395331401E-19));
#779=CARTESIAN_POINT('',(-0.018,0.0129999999503989,0.0050000000101828));
#780=CARTESIAN_POINT('',(-0.018,0.0129999999367253,0.00484167524285483));
#781=CARTESIAN_POINT('',(-0.0179982246371525,0.0130015284392255,0.00457704293004985));
#782=CARTESIAN_POINT('',(-0.0179901227041812,0.0130039661915427,0.00435604111924174));
#783=CARTESIAN_POINT('',(-0.0179769149145476,0.0130019679793308,0.00415558836873453));
#784=CARTESIAN_POINT('',(-0.0179688154308829,0.0130006918855706,0.00405935080660456));
#785=CARTESIAN_POINT('',(-0.0179531574343435,0.0129978766450989,0.00391212187223797));
#786=CARTESIAN_POINT('',(-0.0179524323690932,0.0129979284155617,0.00390963305142289));
#787=CARTESIAN_POINT('',(-0.0179400770647947,0.012997835276943,0.00380491910598706));
#788=CARTESIAN_POINT('',(-0.0179076234174423,0.0129982762770759,0.00358880600086848));
#789=CARTESIAN_POINT('',(-0.0178513526812575,0.0129989311245641,0.00331221192128315));
#790=CARTESIAN_POINT('',(-0.0177796209861369,0.0129996406456305,0.00304363982592798));
#791=CARTESIAN_POINT('',(-0.0177153905073714,0.0130001961024308,0.00284245049165452));
#792=CARTESIAN_POINT('',(-0.0176624589355017,0.0130006131573859,0.00269761018691968));
#793=CARTESIAN_POINT('',(-0.017626627625266,0.0130008616555096,0.00260505057314319));
#794=CARTESIAN_POINT('',(-0.017553273820545,0.0130012939531004,0.00242796752296009));
#795=CARTESIAN_POINT('',(-0.0174490604411299,0.0130016723011508,0.0022106045539534));
#796=CARTESIAN_POINT('',(-0.0172753076422456,0.0130019106503363,0.00190158902139244));
#797=CARTESIAN_POINT('',(-0.0170892006393864,0.0130011533736709,0.00162943449490033));
#798=CARTESIAN_POINT('',(-0.0167906555809761,0.0130001407539453,0.00127413757673235));
#799=CARTESIAN_POINT('',(-0.016395452785458,0.0129999327566344,0.000922721198173576));
#800=CARTESIAN_POINT('',(-0.0158032856597102,0.0130001202194574,0.000532024834223642));
#801=CARTESIAN_POINT('',(-0.0149749638659285,0.0130001393857054,0.000188272236590409));
#802=CARTESIAN_POINT('',(-0.0139512722535652,0.0130001340752641,4.06468459726846E-6));
#803=CARTESIAN_POINT('',(-0.0133151324747049,0.0130000542162754,-4.31517792190158E-15));
#804=CARTESIAN_POINT('',(-0.01299999999387,0.0129999999942243,-5.93688319375728E-19));
#805=CARTESIAN_POINT('',(-0.0129999999942243,-0.01299999999387,1.78182637721876E-19));
#806=CARTESIAN_POINT('',(-0.0130271916459414,-0.0129999999910602,-3.7211181878976E-16));
#807=CARTESIAN_POINT('',(-0.0131083642305855,-0.013000436396689,-3.79382493759797E-7));
#808=CARTESIAN_POINT('',(-0.0133487682617713,-0.0130024400234027,1.42642214643572E-6));
#809=CARTESIAN_POINT('',(-0.0135459554392479,-0.0130039276641982,6.12327019278778E-6));
#810=CARTESIAN_POINT('',(-0.0137199364657308,-0.013004337833541,1.38361339528052E-5));
#811=CARTESIAN_POINT('',(-0.0139617114778508,-0.0129998159528848,3.21653636366848E-5));
#812=CARTESIAN_POINT('',(-0.0141607567306581,-0.0129963983984591,5.52563220097733E-5));
#813=CARTESIAN_POINT('',(-0.0143409270048833,-0.0129967781696885,8.09889219302226E-5));
#814=CARTESIAN_POINT('',(-0.0145451390546166,-0.0129979943521806,0.000119900768365769));
#815=CARTESIAN_POINT('',(-0.0146320942099533,-0.0129985092669023,0.000138642985859225));
#816=CARTESIAN_POINT('',(-0.0148732413767936,-0.0129995374342996,0.000194540806352129));
#817=CARTESIAN_POINT('',(-0.0152686757561846,-0.0130003656643182,0.000314491128571972));
#818=CARTESIAN_POINT('',(-0.0158692796073205,-0.0130006539815826,0.000570063168980259));
#819=CARTESIAN_POINT('',(-0.0165240123311993,-0.0130001362529288,0.00101555392083361));
#820=CARTESIAN_POINT('',(-0.0168110407181889,-0.0130002407737202,0.00130679226399734));
#821=CARTESIAN_POINT('',(-0.0169559638712723,-0.0130005816877467,0.0014736884940592));
#822=CARTESIAN_POINT('',(-0.0169934158270663,-0.0130007187696531,0.00151847091680232));
#823=CARTESIAN_POINT('',(-0.0171098938991124,-0.0130013594637874,0.00166516191966098));
#824=CARTESIAN_POINT('',(-0.0172414338936395,-0.0130018734467279,0.0018536366015725));
#825=CARTESIAN_POINT('',(-0.017379038389913,-0.0130021278699559,0.00208141315818552));
#826=CARTESIAN_POINT('',(-0.0174973424886416,-0.0130019887505493,0.00230828351059607));
#827=CARTESIAN_POINT('',(-0.017582293290394,-0.0130015682705759,0.00249607764215257));
#828=CARTESIAN_POINT('',(-0.0176402583389799,-0.0130010085793371,0.0026401142343649));
#829=CARTESIAN_POINT('',(-0.0176541212157977,-0.0130009301443395,0.00267626988573767));
#830=CARTESIAN_POINT('',(-0.0177261999922128,-0.0130005883877376,0.00286843663750917));
#831=CARTESIAN_POINT('',(-0.0178217388265807,-0.0130003655534573,0.00317406754786248));
#832=CARTESIAN_POINT('',(-0.0178975679680981,-0.0130001766785093,0.00354019286605115));
#833=CARTESIAN_POINT('',(-0.0179257633469575,-0.0130000994141082,0.00370663727118521));
#834=CARTESIAN_POINT('',(-0.0179455470319442,-0.013000048735122,0.00385080136560452));
#835=CARTESIAN_POINT('',(-0.0179557226800256,-0.0129999834033991,0.00393475283587553));
#836=CARTESIAN_POINT('',(-0.0179732536406069,-0.0129997363728111,0.00409916077697146));
#837=CARTESIAN_POINT('',(-0.0179846676691507,-0.0129991281594834,0.00426729911100643));
#838=CARTESIAN_POINT('',(-0.0179911961221909,-0.0129983694871258,0.00439530267082505));
#839=CARTESIAN_POINT('',(-0.0179983699827665,-0.0129969407821311,0.00460671820100767));
#840=CARTESIAN_POINT('',(-0.0180000210329824,-0.0129970162790889,0.004820859256107));
#841=CARTESIAN_POINT('',(-0.018,-0.0129987132465156,0.00494784100491196));
#842=CARTESIAN_POINT('',(-0.018,-0.0129999999477124,0.005000000019515));
#843=CARTESIAN_POINT('',(0.0131595751805872,0.018,0.005));
#844=CARTESIAN_POINT('',(-0.0131599605677263,0.018,0.005));
#845=CARTESIAN_POINT('',(0.0131595751805872,0.0180000000000137,0.00424999999999658));
#846=CARTESIAN_POINT('',(-0.0131599605677263,0.0180000000000137,0.00424999999999658));
#847=CARTESIAN_POINT('',(0.0131595751805872,0.0180000000000137,0.00349999999999487));
#848=CARTESIAN_POINT('',(-0.0131599605677263,0.0180000000000137,0.00349999999999487));
#849=CARTESIAN_POINT('',(0.0131595751806077,0.0175000000000137,0.00166666666665554));
#850=CARTESIAN_POINT('',(-0.0131599605677058,0.0175000000000137,0.00166666666665554));
#851=CARTESIAN_POINT('',(0.0131595751805872,0.0163333333333607,0.000500000000001711));
#852=CARTESIAN_POINT('',(-0.0131599605677263,0.0163333333333607,0.000500000000001711));
#853=CARTESIAN_POINT('',(0.0131595751806009,0.0145000000000137,-5.81812670152557E-15));
#854=CARTESIAN_POINT('',(-0.0131599605677126,0.0145000000000137,-5.81812670152581E-15));
#855=CARTESIAN_POINT('',(0.0131595751805941,0.0137500000000068,-6.84479992799801E-15));
#856=CARTESIAN_POINT('',(-0.0131599605677195,0.0137500000000068,-6.84479992799825E-15));
#857=CARTESIAN_POINT('',(0.0131595751805872,0.013,8.67361738106648E-19));
#858=CARTESIAN_POINT('',(-0.0131599605677263,0.013,8.67361737870158E-19));
#859=CARTESIAN_POINT('',(0.0129999999503989,0.018,0.0050000000101828));
#860=CARTESIAN_POINT('',(0.0129999999367253,0.0180000000000029,0.00484167524285484));
#861=CARTESIAN_POINT('',(0.0130015284392226,0.0179982246371742,0.00457704293032477));
#862=CARTESIAN_POINT('',(0.0130039661915466,0.0179901227041691,0.00435604111887462));
#863=CARTESIAN_POINT('',(0.0130019679793302,0.0179769149145613,0.00415558836880261));
#864=CARTESIAN_POINT('',(0.0130006918855658,0.0179688154308924,0.00405935080658485));
#865=CARTESIAN_POINT('',(0.0129978766450986,0.017953157434354,0.00391212187223265));
#866=CARTESIAN_POINT('',(0.0129979284155627,0.0179524323691072,0.00390963305144386));
#867=CARTESIAN_POINT('',(0.0129978352769448,0.0179400770648123,0.00380491910603203));
#868=CARTESIAN_POINT('',(0.012998276277078,0.017907623417466,0.00358880600092525));
#869=CARTESIAN_POINT('',(0.012998931124566,0.0178513526812777,0.00331221192131405));
#870=CARTESIAN_POINT('',(0.0129996406456319,0.0177796209861652,0.00304363982596809));
#871=CARTESIAN_POINT('',(0.0130001961024319,0.0177153905073689,0.00284245049160299));
#872=CARTESIAN_POINT('',(0.0130006131573862,0.0176624589355487,0.00269761018700577));
#873=CARTESIAN_POINT('',(0.0130008616555084,0.0176266276254874,0.00260505057366495));
#874=CARTESIAN_POINT('',(0.0130012939530973,0.0175532738209979,0.00242796752395382));
#875=CARTESIAN_POINT('',(0.0130016723011462,0.0174490604418507,0.00221060455532825));
#876=CARTESIAN_POINT('',(0.0130019106503316,0.0172753076430978,0.00190158902268474));
#877=CARTESIAN_POINT('',(0.0130011533736736,0.0170892006391839,0.00162943449443053));
#878=CARTESIAN_POINT('',(0.0130001407539554,0.0167906555796561,0.00127413757540307));
#879=CARTESIAN_POINT('',(0.0129999327566368,0.0163954527854278,0.000922721198214312));
#880=CARTESIAN_POINT('',(0.0130001202194441,0.0158032856597476,0.00053202483419708));
#881=CARTESIAN_POINT('',(0.0130001393856867,0.0149749638659304,0.000188272236602478));
#882=CARTESIAN_POINT('',(0.0130001340752494,0.0139512722535721,4.06468459761119E-6));
#883=CARTESIAN_POINT('',(0.0130000542162691,0.0133151324747063,-2.8755220702765E-15));
#884=CARTESIAN_POINT('',(0.0129999999942243,0.01299999999387,8.6741769034362E-19));
#885=CARTESIAN_POINT('',(-0.0129999999938699,0.0129999999942243,8.67414456019873E-19));
#886=CARTESIAN_POINT('',(-0.0129999999910601,0.0130271916470886,-2.47325930298069E-16));
#887=CARTESIAN_POINT('',(-0.0130004363966902,0.0131083642326231,-3.7938248671736E-7));
#888=CARTESIAN_POINT('',(-0.0130024400234005,0.0133487682618755,1.42642215383121E-6));
#889=CARTESIAN_POINT('',(-0.0130039276642097,0.0135459554391901,6.1232701911349E-6));
#890=CARTESIAN_POINT('',(-0.0130043378335432,0.0137199364657456,1.38361339557054E-5));
#891=CARTESIAN_POINT('',(-0.0129998159528843,0.0139617114778675,3.21653636398892E-5));
#892=CARTESIAN_POINT('',(-0.0129963983984582,0.0141607567305751,5.52563220066267E-5));
#893=CARTESIAN_POINT('',(-0.012996778169683,0.0143409270044636,8.0988921859735E-5));
#894=CARTESIAN_POINT('',(-0.0129979943521819,0.0145451390546988,0.000119900768377297));
#895=CARTESIAN_POINT('',(-0.0129985092669175,0.0146320942119845,0.000138642986295071));
#896=CARTESIAN_POINT('',(-0.0129995374343294,0.0148732413807279,0.000194540807390912));
#897=CARTESIAN_POINT('',(-0.0130003656643553,0.0152686757607906,0.000314491130160041));
#898=CARTESIAN_POINT('',(-0.0130006539816014,0.0158692796102714,0.000570063171084816));
#899=CARTESIAN_POINT('',(-0.0130001362529043,0.0165240123252516,0.00101555391651632));
#900=CARTESIAN_POINT('',(-0.0130002407736959,0.0168110407127936,0.00130679225813047));
#901=CARTESIAN_POINT('',(-0.013000581687732,0.016955963868326,0.00147368849050004));
#902=CARTESIAN_POINT('',(-0.0130007187696533,0.0169934158270083,0.00151847091668589));
#903=CARTESIAN_POINT('',(-0.0130013594637857,0.0171098938993786,0.00166516191998417));
#904=CARTESIAN_POINT('',(-0.0130018734467246,0.0172414338940749,0.00185363660219823));
#905=CARTESIAN_POINT('',(-0.0130021278699524,0.0173790383903854,0.00208141315899363));
#906=CARTESIAN_POINT('',(-0.0130019887505469,0.0174973424889917,0.0023082835112921));
#907=CARTESIAN_POINT('',(-0.0130015682705756,0.0175822932905577,0.00249607764251387));
#908=CARTESIAN_POINT('',(-0.0130010085793392,0.0176402583389654,0.00264011423428625));
#909=CARTESIAN_POINT('',(-0.0130009301443389,0.0176541212160581,0.00267626988636561));
#910=CARTESIAN_POINT('',(-0.0130005883877357,0.0177261999925698,0.0028684366385032));
#911=CARTESIAN_POINT('',(-0.0130003655534552,0.0178217388268372,0.00317406754886009));
#912=CARTESIAN_POINT('',(-0.0130001766785084,0.0178975679681981,0.00354019286653556));
#913=CARTESIAN_POINT('',(-0.013000099414108,0.0179257633469988,0.00370663727139334));
#914=CARTESIAN_POINT('',(-0.0130000487351224,0.0179455470319469,0.00385080136553959));
#915=CARTESIAN_POINT('',(-0.0129999834033998,0.0179557226800228,0.0039347528357534));
#916=CARTESIAN_POINT('',(-0.012999736372812,0.0179732536405946,0.00409916077672874));
#917=CARTESIAN_POINT('',(-0.012999128159484,0.0179846676691478,0.00426729911077746));
#918=CARTESIAN_POINT('',(-0.0129983694871248,0.0179911961221992,0.00439530267082011));
#919=CARTESIAN_POINT('',(-0.0129969407821303,0.0179983699827724,0.00460671820101357));
#920=CARTESIAN_POINT('',(-0.0129970162790884,0.0180000210329856,0.00482085925610812));
#921=CARTESIAN_POINT('',(-0.0129987132465153,0.018000000000001,0.004947841004913));
#922=CARTESIAN_POINT('',(-0.0129999999477123,0.018,0.005000000019515));
#923=CARTESIAN_POINT('',(0.013,0.018,0.0311626397634737));
#924=CARTESIAN_POINT('',(0.013,0.018,0.00483947359905543));
#925=CARTESIAN_POINT('',(0.01375,0.018,0.0311626397634737));
#926=CARTESIAN_POINT('',(0.01375,0.018,0.00483947359905543));
#927=CARTESIAN_POINT('',(0.0145,0.018,0.0311626397634737));
#928=CARTESIAN_POINT('',(0.0145,0.018,0.00483947359905543));
#929=CARTESIAN_POINT('',(0.0163333333333334,0.0175,0.0311626397634737));
#930=CARTESIAN_POINT('',(0.0163333333333334,0.0175,0.00483947359905543));
#931=CARTESIAN_POINT('',(0.0175,0.0163333333333334,0.0311626397634737));
#932=CARTESIAN_POINT('',(0.0175,0.0163333333333334,0.00483947359905543));
#933=CARTESIAN_POINT('',(0.018,0.0145,0.0311626397634737));
#934=CARTESIAN_POINT('',(0.018,0.0145,0.00483947359905543));
#935=CARTESIAN_POINT('',(0.018,0.01375,0.0311626397634737));
#936=CARTESIAN_POINT('',(0.018,0.01375,0.00483947359905543));
#937=CARTESIAN_POINT('',(0.018,0.013,0.0311626397634737));
#938=CARTESIAN_POINT('',(0.018,0.013,0.00483947359905543));
#939=CARTESIAN_POINT('',(0.018,0.0129999999477123,0.00500000001951439));
#940=CARTESIAN_POINT('',(0.018,0.0130022466769179,0.00500000002051084));
#941=CARTESIAN_POINT('',(0.0179998184314886,0.0130854491900778,0.00499969375855752));
#942=CARTESIAN_POINT('',(0.0180000369911954,0.0133510760394499,0.00499867964702956));
#943=CARTESIAN_POINT('',(0.0179909035400133,0.0136111306449595,0.00499770017768757));
#944=CARTESIAN_POINT('',(0.0179850859552758,0.0137253890609918,0.00499727268866591));
#945=CARTESIAN_POINT('',(0.0179767930059156,0.0138426537002795,0.00499683689504189));
#946=CARTESIAN_POINT('',(0.0179719333669833,0.0139011929033748,0.00499662116626555));
#947=CARTESIAN_POINT('',(0.01796571107225,0.0139710783543694,0.00499641082490268));
#948=CARTESIAN_POINT('',(0.0179537788616924,0.0140843373158288,0.00499618339386137));
#949=CARTESIAN_POINT('',(0.0179328728778025,0.0142476567674484,0.00499612990823595));
#950=CARTESIAN_POINT('',(0.0178993397684136,0.0144515441020784,0.00499666149326454));
#951=CARTESIAN_POINT('',(0.0178641830488337,0.0146222125174679,0.00499782370596217));
#952=CARTESIAN_POINT('',(0.0178307599486151,0.0147624261287449,0.00499870388891747));
#953=CARTESIAN_POINT('',(0.0178036537999257,0.0148658974573457,0.00499938710479093));
#954=CARTESIAN_POINT('',(0.0177736715817201,0.014970535522109,0.00500015063687163));
#955=CARTESIAN_POINT('',(0.0177735348980398,0.014970710369191,0.00500001037491375));
#956=CARTESIAN_POINT('',(0.0177381007242269,0.0150875895846301,0.00500008485787585));
#957=CARTESIAN_POINT('',(0.0176823978989662,0.0152563576175384,0.00500001679564447));
#958=CARTESIAN_POINT('',(0.0175979676704845,0.0154647360026545,0.00499993816513312));
#959=CARTESIAN_POINT('',(0.0175599123525458,0.015552901789056,0.00499990087942468));
#960=CARTESIAN_POINT('',(0.0175172718856154,0.0156450202221499,0.00499985950625426));
#961=CARTESIAN_POINT('',(0.0175006823033382,0.0156794554812294,0.00499984350095661));
#962=CARTESIAN_POINT('',(0.0174851323129235,0.0157115992133082,0.00499983000012778));
#963=CARTESIAN_POINT('',(0.0174533981473881,0.0157750340124419,0.00499980539748778));
#964=CARTESIAN_POINT('',(0.017401947475775,0.0158729511561361,0.0049997741328698));
#965=CARTESIAN_POINT('',(0.0173265695666789,0.0160068627459728,0.00499974130567808));
#966=CARTESIAN_POINT('',(0.0171834727004233,0.0162352206240714,0.00499970574029712));
#967=CARTESIAN_POINT('',(0.0168628978635446,0.0166681281287726,0.00499968655139881));
#968=CARTESIAN_POINT('',(0.0163031011376588,0.0171889857731175,0.00499975762482571));
#969=CARTESIAN_POINT('',(0.0155503579504599,0.0175701239604413,0.00499991682545251));
#970=CARTESIAN_POINT('',(0.0152347011966871,0.0176882997326228,0.00499997424953354));
#971=CARTESIAN_POINT('',(0.0150745964930112,0.0177422311286421,0.00499998156976696));
#972=CARTESIAN_POINT('',(0.0149344187731463,0.0177844165702086,0.00500003210668248));
#973=CARTESIAN_POINT('',(0.0149064783486843,0.0177919776097272,0.00499989002346148));
#974=CARTESIAN_POINT('',(0.0148083440936353,0.0178195714584458,0.00499929665721195));
#975=CARTESIAN_POINT('',(0.014630087489071,0.0178621638160107,0.00499757741060971));
#976=CARTESIAN_POINT('',(0.0145492348012355,0.0178789136332325,0.00499690114582267));
#977=CARTESIAN_POINT('',(0.0144278406665374,0.0179030936533757,0.00499608409929304));
#978=CARTESIAN_POINT('',(0.0142261632080896,0.0179369811057642,0.00499546335054112));
#979=CARTESIAN_POINT('',(0.014004926917056,0.0179631401437282,0.00499578674057593));
#980=CARTESIAN_POINT('',(0.0138437909571277,0.0179768000466928,0.00499642500132872));
#981=CARTESIAN_POINT('',(0.0136769842968849,0.0179890816182076,0.00499725623161019));
#982=CARTESIAN_POINT('',(0.0132641250505332,0.0180017910234873,0.00499954296422246));
#983=CARTESIAN_POINT('',(0.0130754340281257,0.018,0.00500000001669708));
#984=CARTESIAN_POINT('',(0.0129999999503989,0.018,0.0050000000101823));
#985=CARTESIAN_POINT('',(0.0129999999528916,0.018,0.0309999999828008));
#986=CARTESIAN_POINT('',(0.0130846481335907,0.018,0.0309999999507672));
#987=CARTESIAN_POINT('',(0.0132289261564081,0.0180001986950117,0.0310004916759615));
#988=CARTESIAN_POINT('',(0.013429695274872,0.0179968500566739,0.0310016303043731));
#989=CARTESIAN_POINT('',(0.0136240599512181,0.0179909254984419,0.0310028382156433));
#990=CARTESIAN_POINT('',(0.0137882067657068,0.0179811305439043,0.031003826824307));
#991=CARTESIAN_POINT('',(0.0138668973265139,0.0179747200861013,0.0310042862850635));
#992=CARTESIAN_POINT('',(0.013866560799,0.0179747951539725,0.0310042922276196));
#993=CARTESIAN_POINT('',(0.0139237740436071,0.0179700045781243,0.0310045691520828));
#994=CARTESIAN_POINT('',(0.0139956893430651,0.0179632271362893,0.0310048506765406));
#995=CARTESIAN_POINT('',(0.0141093173756609,0.0179508148365425,0.0310051362291161));
#996=CARTESIAN_POINT('',(0.0142735074692195,0.0179290465530577,0.0310051796604045));
#997=CARTESIAN_POINT('',(0.0144796500808773,0.0178940217769128,0.0310043543330951));
#998=CARTESIAN_POINT('',(0.0146385139959629,0.0178603258134263,0.0310028698621283));
#999=CARTESIAN_POINT('',(0.0147699055765078,0.0178290855430412,0.0310016933926024));
#1000=CARTESIAN_POINT('',(0.0148844890824217,0.0177983737731535,0.031000565675624));
#1001=CARTESIAN_POINT('',(0.0149615441218352,0.0177763900362546,0.0309996406352606));
#1002=CARTESIAN_POINT('',(0.0150618701657371,0.0177464797532147,0.0309998741834004));
#1003=CARTESIAN_POINT('',(0.0153244729246661,0.0176595743145427,0.0310000652177307));
#1004=CARTESIAN_POINT('',(0.0156415256829363,0.0175205082120789,0.03100062950591));
#1005=CARTESIAN_POINT('',(0.0157900762944939,0.0174464881311436,0.0310008617892994));
#1006=CARTESIAN_POINT('',(0.0160103069278712,0.0173267820166377,0.0310010806200415));
#1007=CARTESIAN_POINT('',(0.0162207683244351,0.0171909933971536,0.0310010727922251));
#1008=CARTESIAN_POINT('',(0.0164685867979226,0.0170098625462022,0.0310006807687338));
#1009=CARTESIAN_POINT('',(0.0166687054324257,0.0168355683186772,0.0310001544606313));
#1010=CARTESIAN_POINT('',(0.0168876203104865,0.0166095607538106,0.031000503840521));
#1011=CARTESIAN_POINT('',(0.0170638231317095,0.0163964683272879,0.0310011553571125));
#1012=CARTESIAN_POINT('',(0.0171848333620061,0.0162289540873107,0.0310017955991818));
#1013=CARTESIAN_POINT('',(0.0173155278008064,0.0160275041835692,0.0310018375603056));
#1014=CARTESIAN_POINT('',(0.0174515677123842,0.0157863644489576,0.0310015713372413));
#1015=CARTESIAN_POINT('',(0.0176002137329809,0.0154704060881197,0.0310006852865863));
#1016=CARTESIAN_POINT('',(0.0177162355029525,0.0151593191638672,0.0310001599311226));
#1017=CARTESIAN_POINT('',(0.0177700216534479,0.0149844704826097,0.0310002089464632));
#1018=CARTESIAN_POINT('',(0.0178009375667843,0.014874968927227,0.0310006279299279));
#1019=CARTESIAN_POINT('',(0.0178098123039859,0.0148418513640908,0.0310007772524156));
#1020=CARTESIAN_POINT('',(0.0178247309682528,0.0147851972506216,0.0310015039854674));
#1021=CARTESIAN_POINT('',(0.0178514276379699,0.0146767666772141,0.0310028844028188));
#1022=CARTESIAN_POINT('',(0.017869498775566,0.0145944110283389,0.0310039337485444));
#1023=CARTESIAN_POINT('',(0.0178818527015914,0.0145343933717312,0.0310046721849888));
#1024=CARTESIAN_POINT('',(0.0178834144350091,0.0145265462818645,0.0310047912509812));
#1025=CARTESIAN_POINT('',(0.0178934580689978,0.014476265648589,0.0310052869708425));
#1026=CARTESIAN_POINT('',(0.017913481476338,0.0143665408223928,0.0310060801013462));
#1027=CARTESIAN_POINT('',(0.0179308654542291,0.01425693947561,0.0310064499344916));
#1028=CARTESIAN_POINT('',(0.0179484236290515,0.0141272581859785,0.0310064249923389));
#1029=CARTESIAN_POINT('',(0.0179604966133619,0.0140240262088859,0.031006013235603));
#1030=CARTESIAN_POINT('',(0.017987402699146,0.0137539522796658,0.0310042364592706));
#1031=CARTESIAN_POINT('',(0.0180011287215292,0.0132930383911956,0.031000571191845));
#1032=CARTESIAN_POINT('',(0.018,0.0130894702195413,0.0309999999364978));
#1033=CARTESIAN_POINT('',(0.018,0.0129999999787189,0.0309999999906426));
#1034=CARTESIAN_POINT('',(0.018,0.0131606000492997,0.031));
#1035=CARTESIAN_POINT('',(0.018,-0.0131596896127091,0.031));
#1036=CARTESIAN_POINT('',(0.0180000000000274,0.0131606000492997,0.03175));
#1037=CARTESIAN_POINT('',(0.0180000000000274,-0.0131596896127091,0.03175));
#1038=CARTESIAN_POINT('',(0.0180000000000274,0.0131606000492997,0.0325));
#1039=CARTESIAN_POINT('',(0.0180000000000274,-0.0131596896127091,0.0325));
#1040=CARTESIAN_POINT('',(0.0175000000000274,0.0131606000492997,0.0343333333333333));
#1041=CARTESIAN_POINT('',(0.0175000000000274,-0.0131596896127091,0.0343333333333333));
#1042=CARTESIAN_POINT('',(0.0163333333333607,0.0131606000492997,0.0355));
#1043=CARTESIAN_POINT('',(0.0163333333333607,-0.0131596896127091,0.0355));
#1044=CARTESIAN_POINT('',(0.0145,0.0131606000492997,0.036));
#1045=CARTESIAN_POINT('',(0.0145,-0.0131596896127091,0.036));
#1046=CARTESIAN_POINT('',(0.01375,0.0131606000492997,0.036));
#1047=CARTESIAN_POINT('',(0.01375,-0.0131596896127091,0.036));
#1048=CARTESIAN_POINT('',(0.013,0.0131606000492997,0.036));
#1049=CARTESIAN_POINT('',(0.013,-0.0131596896127091,0.036));
#1050=CARTESIAN_POINT('',(0.0129999999766331,-0.0129999999752301,0.036));
#1051=CARTESIAN_POINT('',(0.0130461830677398,-0.0129999999560371,0.036));
#1052=CARTESIAN_POINT('',(0.0131961754098903,-0.0130008611031517,0.0360006386319724));
#1053=CARTESIAN_POINT('',(0.0134755027150517,-0.013003310724053,0.0359959998409986));
#1054=CARTESIAN_POINT('',(0.0135982959126123,-0.0130036839719108,0.0359913176389701));
#1055=CARTESIAN_POINT('',(0.0137643931668375,-0.0130034692360364,0.0359831037305227));
#1056=CARTESIAN_POINT('',(0.0139530123762757,-0.0129999067065307,0.0359686600681077));
#1057=CARTESIAN_POINT('',(0.0141840290203113,-0.0129964577284784,0.0359420683063575));
#1058=CARTESIAN_POINT('',(0.0143463762567767,-0.0129969667263775,0.0359172635127998));
#1059=CARTESIAN_POINT('',(0.014532186834646,-0.0129979632102655,0.0358835152503315));
#1060=CARTESIAN_POINT('',(0.0147968981588663,-0.0129996877667245,0.0358238431515084));
#1061=CARTESIAN_POINT('',(0.0148929294217324,-0.0129999614333339,0.0357973032622379));
#1062=CARTESIAN_POINT('',(0.0151098404821696,-0.0130002767154664,0.0357310912617849));
#1063=CARTESIAN_POINT('',(0.0152895815744537,-0.0130005427693341,0.0356684134954794));
#1064=CARTESIAN_POINT('',(0.0154508769130967,-0.0130007531573593,0.0356049940475086));
#1065=CARTESIAN_POINT('',(0.0156037061470854,-0.0130009353991796,0.0355366434457092));
#1066=CARTESIAN_POINT('',(0.0156385429763976,-0.0130009335721092,0.0355202624699347));
#1067=CARTESIAN_POINT('',(0.015784807566681,-0.0130009022910644,0.0354502978153878));
#1068=CARTESIAN_POINT('',(0.0159765619036862,-0.0130007506116048,0.0353455306662467));
#1069=CARTESIAN_POINT('',(0.0161690451735044,-0.0130005682433141,0.0352245050607451));
#1070=CARTESIAN_POINT('',(0.0162957609270387,-0.0130004337874698,0.0351370472138181));
#1071=CARTESIAN_POINT('',(0.0164144892848542,-0.0130002973258944,0.0350470814328234));
#1072=CARTESIAN_POINT('',(0.0164946003200297,-0.0130001995377779,0.0349826768792495));
#1073=CARTESIAN_POINT('',(0.0165799679568338,-0.0130001373277598,0.0349107203402126));
#1074=CARTESIAN_POINT('',(0.0167900319135201,-0.0130000935922222,0.0347198128552427));
#1075=CARTESIAN_POINT('',(0.0170833133035658,-0.0130006032844526,0.034385889314545));
#1076=CARTESIAN_POINT('',(0.0173561975055192,-0.013001301907219,0.0339733258720674));
#1077=CARTESIAN_POINT('',(0.0175612850466692,-0.0130007349736331,0.0335677398053555));
#1078=CARTESIAN_POINT('',(0.0177062845042892,-0.0130002382525918,0.0331887344441809));
#1079=CARTESIAN_POINT('',(0.0177707554151504,-0.0130000830794703,0.0329842253051132));
#1080=CARTESIAN_POINT('',(0.0178149630011275,-0.0130000240617145,0.0328237800407752));
#1081=CARTESIAN_POINT('',(0.0178346509116491,-0.0130000136057918,0.0327459858330746));
#1082=CARTESIAN_POINT('',(0.0178577296228665,-0.0130000322767662,0.0326485861261078));
#1083=CARTESIAN_POINT('',(0.0178901965594266,-0.0130000541488478,0.0324972418506714));
#1084=CARTESIAN_POINT('',(0.0179281015585963,-0.0130000635218225,0.0322854552003545));
#1085=CARTESIAN_POINT('',(0.0179597901382639,-0.0130000383217679,0.0320431029901645));
#1086=CARTESIAN_POINT('',(0.0179739846892505,-0.0129998567656994,0.0318763008985952));
#1087=CARTESIAN_POINT('',(0.0179769708912782,-0.0129998250314995,0.031840971989701));
#1088=CARTESIAN_POINT('',(0.0179885449754096,-0.0129991717236979,0.0316727428033327));
#1089=CARTESIAN_POINT('',(0.0179993970323657,-0.0129971608485966,0.0314047342349498));
#1090=CARTESIAN_POINT('',(0.0180000000000053,-0.0129965100893838,0.0311447105601007));
#1091=CARTESIAN_POINT('',(0.018,-0.0129999999528915,0.0309999999828008));
#1092=CARTESIAN_POINT('',(0.018,0.0129999999787189,0.0309999999906426));
#1093=CARTESIAN_POINT('',(0.0180000000000019,0.0129999999465358,0.0310531802400116));
#1094=CARTESIAN_POINT('',(0.0180006130698344,0.0130010048400797,0.0312024364702909));
#1095=CARTESIAN_POINT('',(0.0179958772077734,0.0130041548546825,0.0314799197314546));
#1096=CARTESIAN_POINT('',(0.0179911740826509,0.0130045837547378,0.0316011692495763));
#1097=CARTESIAN_POINT('',(0.0179833244603033,0.0130041622272119,0.0317604086503997));
#1098=CARTESIAN_POINT('',(0.0179685690795568,0.0129998240313917,0.0319545082479602));
#1099=CARTESIAN_POINT('',(0.017942322409383,0.0129960166762388,0.0321813001122627));
#1100=CARTESIAN_POINT('',(0.0179181936927787,0.0129965816322643,0.032341358652646));
#1101=CARTESIAN_POINT('',(0.0178835466371615,0.0129977561903133,0.0325317212428951));
#1102=CARTESIAN_POINT('',(0.0178263642715803,0.0129996462259614,0.0327868440132385));
#1103=CARTESIAN_POINT('',(0.01778684775148,0.0130000458754704,0.032930355779555));
#1104=CARTESIAN_POINT('',(0.0176958734070592,0.0130004550032844,0.0332198013514405));
#1105=CARTESIAN_POINT('',(0.0175628111446312,0.0130009776906862,0.0335601536707149));
#1106=CARTESIAN_POINT('',(0.0173576978382046,0.0130014501946804,0.033973534484607));
#1107=CARTESIAN_POINT('',(0.0170782495293257,0.0130008753245829,0.0343899285280935));
#1108=CARTESIAN_POINT('',(0.0168212923801372,0.0130000191413767,0.0346852651657175));
#1109=CARTESIAN_POINT('',(0.0165841879142908,0.0130000162640022,0.0349102689054635));
#1110=CARTESIAN_POINT('',(0.0164213835092191,0.0130001990751458,0.0350421462819909));
#1111=CARTESIAN_POINT('',(0.016332427490813,0.0130003542631575,0.0351092149634531));
#1112=CARTESIAN_POINT('',(0.0162105844031001,0.013000585095985,0.0351967157373963));
#1113=CARTESIAN_POINT('',(0.0160225520279786,0.0130009056137581,0.0353190148257686));
#1114=CARTESIAN_POINT('',(0.0157902956875108,0.0130012310217471,0.0354480831603027));
#1115=CARTESIAN_POINT('',(0.0156382576913814,0.0130013611009093,0.0355209910089823));
#1116=CARTESIAN_POINT('',(0.0155630544431796,0.0130013361672379,0.0355547021402605));
#1117=CARTESIAN_POINT('',(0.0155476333498295,0.0130013141085899,0.0355620321537291));
#1118=CARTESIAN_POINT('',(0.0153875810527561,0.0130010141500557,0.0356306055963572));
#1119=CARTESIAN_POINT('',(0.0152523369886155,0.0130007775747558,0.0356815494217579));
#1120=CARTESIAN_POINT('',(0.0150901366507896,0.0130005081926565,0.03573739459852));
#1121=CARTESIAN_POINT('',(0.0149579402302166,0.0130003085118555,0.0357777724913267));
#1122=CARTESIAN_POINT('',(0.0148464400366794,0.0130001646485299,0.0358088538366806));
#1123=CARTESIAN_POINT('',(0.0147668292468954,0.0130000769449339,0.0358294643560804));
#1124=CARTESIAN_POINT('',(0.0147059181873921,0.0130000626731385,0.0358440509298572));
#1125=CARTESIAN_POINT('',(0.0147034351394192,0.0130000588689388,0.0358447207672062));
#1126=CARTESIAN_POINT('',(0.0146314174205688,0.0130000909493561,0.0358614881354335));
#1127=CARTESIAN_POINT('',(0.0145223153244963,0.0130001307480623,0.0358848979833049));
#1128=CARTESIAN_POINT('',(0.014314238373487,0.013000179899109,0.0359237325512895));
#1129=CARTESIAN_POINT('',(0.01408158476964,0.0130001625378175,0.0359553572229372));
#1130=CARTESIAN_POINT('',(0.0139036478585334,0.0129999642393379,0.0359718206493754));
#1131=CARTESIAN_POINT('',(0.0138402509537333,0.0129998385206191,0.0359770479123506));
#1132=CARTESIAN_POINT('',(0.013673271933891,0.0129992544805468,0.0359884936970493));
#1133=CARTESIAN_POINT('',(0.0134040489955978,0.0129975901567353,0.0359994577872762));
#1134=CARTESIAN_POINT('',(0.0131424091226448,0.0129971018193217,0.036));
#1135=CARTESIAN_POINT('',(0.0129999999752301,0.0129999999766331,0.036));
#1136=CARTESIAN_POINT('',(0.0131606000492971,-0.018,0.031));
#1137=CARTESIAN_POINT('',(-0.0131596896127044,-0.018,0.031));
#1138=CARTESIAN_POINT('',(0.0131606000492971,-0.0180000000000137,0.03175));
#1139=CARTESIAN_POINT('',(-0.0131596896127044,-0.0180000000000137,0.03175));
#1140=CARTESIAN_POINT('',(0.0131606000492971,-0.0180000000000137,0.0325));
#1141=CARTESIAN_POINT('',(-0.0131596896127044,-0.0180000000000137,0.0325));
#1142=CARTESIAN_POINT('',(0.0131606000492971,-0.0175000000000411,0.0343333333333333));
#1143=CARTESIAN_POINT('',(-0.0131596896127044,-0.0175000000000411,0.0343333333333333));
#1144=CARTESIAN_POINT('',(0.0131606000492971,-0.0163333333333607,0.0355));
#1145=CARTESIAN_POINT('',(-0.0131596896127044,-0.0163333333333607,0.0355));
#1146=CARTESIAN_POINT('',(0.0131606000492971,-0.0145000000000069,0.036));
#1147=CARTESIAN_POINT('',(-0.0131596896127044,-0.0145000000000069,0.036));
#1148=CARTESIAN_POINT('',(0.0131606000492971,-0.0137500000000069,0.036));
#1149=CARTESIAN_POINT('',(-0.0131596896127044,-0.0137500000000069,0.036));
#1150=CARTESIAN_POINT('',(0.0131606000492971,-0.013,0.036));
#1151=CARTESIAN_POINT('',(-0.0131596896127044,-0.013,0.036));
#1152=CARTESIAN_POINT('',(0.0129999999787189,-0.018,0.0309999999906426));
#1153=CARTESIAN_POINT('',(0.0129999999465357,-0.018000000000001,0.0310531802404007));
#1154=CARTESIAN_POINT('',(0.0130010048400808,-0.0180006130698157,0.0312024364710103));
#1155=CARTESIAN_POINT('',(0.0130041548546793,-0.0179958772077995,0.0314799197303631));
#1156=CARTESIAN_POINT('',(0.0130045837547356,-0.0179911740826427,0.0316011692496082));
#1157=CARTESIAN_POINT('',(0.0130041622272213,-0.0179833244603319,0.0317604086497836));
#1158=CARTESIAN_POINT('',(0.0129998240313879,-0.017968569079511,0.0319545082483565));
#1159=CARTESIAN_POINT('',(0.0129960166762364,-0.0179423224094269,0.0321813001119415));
#1160=CARTESIAN_POINT('',(0.0129965816322651,-0.0179181936925128,0.0323413586542335));
#1161=CARTESIAN_POINT('',(0.012997756190314,-0.017883546637071,0.0325317212431657));
#1162=CARTESIAN_POINT('',(0.0129996462259588,-0.0178263642721769,0.0327868440107588));
#1163=CARTESIAN_POINT('',(0.0130000458754713,-0.0177868477512668,0.0329303557804001));
#1164=CARTESIAN_POINT('',(0.01300045500328,-0.0176958734071233,0.0332198013511908));
#1165=CARTESIAN_POINT('',(0.0130009776906844,-0.0175628111445267,0.0335601536709861));
#1166=CARTESIAN_POINT('',(0.0130014501946827,-0.0173576978388053,0.0339735344833866));
#1167=CARTESIAN_POINT('',(0.0130008753245849,-0.017078249530128,0.0343899285272967));
#1168=CARTESIAN_POINT('',(0.0130000191413693,-0.0168212923781562,0.0346852651678887));
#1169=CARTESIAN_POINT('',(0.0130000162639961,-0.016584187912298,0.0349102689071656));
#1170=CARTESIAN_POINT('',(0.0130001990751426,-0.0164213835083279,0.0350421462826834));
#1171=CARTESIAN_POINT('',(0.0130003542631571,-0.0163324274905645,0.0351092149636294));
#1172=CARTESIAN_POINT('',(0.0130005850959872,-0.0162105844046174,0.0351967157363234));
#1173=CARTESIAN_POINT('',(0.0130009056137633,-0.0160225520317774,0.0353190148234219));
#1174=CARTESIAN_POINT('',(0.0130012310217541,-0.0157902956929405,0.0354480831574958));
#1175=CARTESIAN_POINT('',(0.013001361100914,-0.0156382576954848,0.0355209910070923));
#1176=CARTESIAN_POINT('',(0.0130013361672394,-0.0155630544448673,0.035554702139507));
#1177=CARTESIAN_POINT('',(0.0130013141085885,-0.0155476333496076,0.0355620321538392));
#1178=CARTESIAN_POINT('',(0.0130010141500569,-0.0153875810506572,0.0356306055972309));
#1179=CARTESIAN_POINT('',(0.0130007775747579,-0.0152523369847522,0.035681549423183));
#1180=CARTESIAN_POINT('',(0.0130005081926599,-0.0150901366456548,0.0357373946001949));
#1181=CARTESIAN_POINT('',(0.0130003085118593,-0.0149579402247424,0.0357777724929312));
#1182=CARTESIAN_POINT('',(0.0130001646485333,-0.0148464400317402,0.0358088538379994));
#1183=CARTESIAN_POINT('',(0.0130000769449364,-0.0147668292435709,0.0358294643569039));
#1184=CARTESIAN_POINT('',(0.0130000626731396,-0.0147059181855107,0.0358440509303045));
#1185=CARTESIAN_POINT('',(0.013000058868939,-0.0147034351394862,0.0358447207671915));
#1186=CARTESIAN_POINT('',(0.0130000909493549,-0.0146314174203378,0.0358614881354881));
#1187=CARTESIAN_POINT('',(0.0130001307480592,-0.0145223153240424,0.0358848979833988));
#1188=CARTESIAN_POINT('',(0.0130001798991029,-0.0143142383725497,0.0359237325514482));
#1189=CARTESIAN_POINT('',(0.01300016253781,-0.0140815847685794,0.0359553572230579));
#1190=CARTESIAN_POINT('',(0.0129999642393331,-0.0139036478577296,0.0359718206494414));
#1191=CARTESIAN_POINT('',(0.0129998385206187,-0.0138402509537636,0.0359770479123476));
#1192=CARTESIAN_POINT('',(0.0129992544805528,-0.0136732719338786,0.0359884936970514));
#1193=CARTESIAN_POINT('',(0.0129975901567381,-0.0134040489955505,0.0359994577872748));
#1194=CARTESIAN_POINT('',(0.0129971018193169,-0.0131424091229049,0.036));
#1195=CARTESIAN_POINT('',(0.012999999976633,-0.0129999999752301,0.036));
#1196=CARTESIAN_POINT('',(-0.0129999999752301,-0.0129999999766331,0.036));
#1197=CARTESIAN_POINT('',(-0.0129999999560371,-0.0130461830672165,0.036));
#1198=CARTESIAN_POINT('',(-0.013000861103154,-0.0131961754095231,0.036000638631973));
#1199=CARTESIAN_POINT('',(-0.0130033107240466,-0.0134755027148689,0.0359959998410085));
#1200=CARTESIAN_POINT('',(-0.0130036839719079,-0.0135982959127908,0.0359913176389593));
#1201=CARTESIAN_POINT('',(-0.0130034692360485,-0.0137643931657598,0.0359831037305871));
#1202=CARTESIAN_POINT('',(-0.0129999067065265,-0.0139530123767336,0.0359686600680777));
#1203=CARTESIAN_POINT('',(-0.0129964577284786,-0.0141840290204244,0.0359420683063436));
#1204=CARTESIAN_POINT('',(-0.0129969667263768,-0.0143463762572091,0.0359172635127152));
#1205=CARTESIAN_POINT('',(-0.0129979632102644,-0.0145321868345799,0.0358835152503605));
#1206=CARTESIAN_POINT('',(-0.0129996877667276,-0.0147968981590767,0.0358238431513772));
#1207=CARTESIAN_POINT('',(-0.01299996143333,-0.0148929294193843,0.0357973032633285));
#1208=CARTESIAN_POINT('',(-0.0130002767155001,-0.0151098405069835,0.0357310912538287));
#1209=CARTESIAN_POINT('',(-0.0130005427693774,-0.0152895816059151,0.0356684134838079));
#1210=CARTESIAN_POINT('',(-0.0130007531573964,-0.0154508769391845,0.0356049940361034));
#1211=CARTESIAN_POINT('',(-0.0130009353991747,-0.0156037061423828,0.0355366434477636));
#1212=CARTESIAN_POINT('',(-0.0130009335721097,-0.0156385429776792,0.0355202624694163));
#1213=CARTESIAN_POINT('',(-0.0130009022910578,-0.0157848075636398,0.035450297816872));
#1214=CARTESIAN_POINT('',(-0.0130007506115997,-0.0159765619018234,0.0353455306673672));
#1215=CARTESIAN_POINT('',(-0.0130005682433106,-0.016169045172154,0.0352245050616455));
#1216=CARTESIAN_POINT('',(-0.0130004337874681,-0.0162957609262475,0.0351370472144067));
#1217=CARTESIAN_POINT('',(-0.0130002973258947,-0.016414489284699,0.0350470814329533));
#1218=CARTESIAN_POINT('',(-0.0130001995377799,-0.0164946003201159,0.0349826768791823));
#1219=CARTESIAN_POINT('',(-0.0130001373277635,-0.0165799679567362,0.0349107203403035));
#1220=CARTESIAN_POINT('',(-0.0130000935922283,-0.0167900319136096,0.0347198128551091));
#1221=CARTESIAN_POINT('',(-0.0130006032844513,-0.0170833133028878,0.0343858893156829));
#1222=CARTESIAN_POINT('',(-0.0130013019072186,-0.0173561975079507,0.0339733258679787));
#1223=CARTESIAN_POINT('',(-0.0130007349736319,-0.017561285046406,0.0335677398054796));
#1224=CARTESIAN_POINT('',(-0.0130002382525908,-0.0177062845030608,0.0331887344476478));
#1225=CARTESIAN_POINT('',(-0.0130000830794696,-0.0177707554142001,0.0329842253083239));
#1226=CARTESIAN_POINT('',(-0.0130000240617141,-0.0178149630005717,0.0328237800428984));
#1227=CARTESIAN_POINT('',(-0.0130000136057917,-0.0178346509114944,0.0327459858337097));
#1228=CARTESIAN_POINT('',(-0.0130000322767662,-0.017857729622874,0.0326485861260396));
#1229=CARTESIAN_POINT('',(-0.0130000541488477,-0.0178901965593147,0.0324972418511655));
#1230=CARTESIAN_POINT('',(-0.0130000635218225,-0.0179281015584745,0.032285455201085));
#1231=CARTESIAN_POINT('',(-0.0130000383217675,-0.017959790138148,0.03204310299113));
#1232=CARTESIAN_POINT('',(-0.0129998567657004,-0.0179739846891862,0.0318763008993069));
#1233=CARTESIAN_POINT('',(-0.0129998250314985,-0.0179769708912721,0.0318409719896723));
#1234=CARTESIAN_POINT('',(-0.0129991717237068,-0.0179885449754001,0.0316727428033542));
#1235=CARTESIAN_POINT('',(-0.0129971608486002,-0.0179993970323606,0.0314047342348628));
#1236=CARTESIAN_POINT('',(-0.0129965100893767,-0.0180000000000026,0.0311447105604244));
#1237=CARTESIAN_POINT('',(-0.0129999999528915,-0.018,0.0309999999828008));
#1238=CARTESIAN_POINT('',(-0.013,-0.018,0.0311626397634795));
#1239=CARTESIAN_POINT('',(-0.013,-0.018,0.00483947359905383));
#1240=CARTESIAN_POINT('',(-0.01375,-0.018,0.0311626397634795));
#1241=CARTESIAN_POINT('',(-0.01375,-0.018,0.00483947359905383));
#1242=CARTESIAN_POINT('',(-0.0145,-0.018,0.0311626397634795));
#1243=CARTESIAN_POINT('',(-0.0145,-0.018,0.00483947359905383));
#1244=CARTESIAN_POINT('',(-0.0163333333333334,-0.0175,0.0311626397634795));
#1245=CARTESIAN_POINT('',(-0.0163333333333334,-0.0175,0.00483947359905383));
#1246=CARTESIAN_POINT('',(-0.0175,-0.0163333333333334,0.0311626397634795));
#1247=CARTESIAN_POINT('',(-0.0175,-0.0163333333333334,0.00483947359905383));
#1248=CARTESIAN_POINT('',(-0.018,-0.0145,0.0311626397634795));
#1249=CARTESIAN_POINT('',(-0.018,-0.0145,0.00483947359905383));
#1250=CARTESIAN_POINT('',(-0.018,-0.01375,0.0311626397634795));
#1251=CARTESIAN_POINT('',(-0.018,-0.01375,0.00483947359905383));
#1252=CARTESIAN_POINT('',(-0.018,-0.013,0.0311626397634795));
#1253=CARTESIAN_POINT('',(-0.018,-0.013,0.00483947359905383));
#1254=CARTESIAN_POINT('',(-0.018,-0.0129999999477123,0.00500000001951439));
#1255=CARTESIAN_POINT('',(-0.018,-0.0130022466743545,0.00500000002051084));
#1256=CARTESIAN_POINT('',(-0.0179998184314657,-0.013085449184337,0.0049996937585575));
#1257=CARTESIAN_POINT('',(-0.0180000369912954,-0.0133510760343125,0.00499867964702962));
#1258=CARTESIAN_POINT('',(-0.017990903540142,-0.0136111306421546,0.00499770017768759));
#1259=CARTESIAN_POINT('',(-0.0179850859553836,-0.0137253890593496,0.00499727268866605));
#1260=CARTESIAN_POINT('',(-0.0179767930059339,-0.0138426537000809,0.00499683689504179));
#1261=CARTESIAN_POINT('',(-0.0179719333669623,-0.0139011929036187,0.00499662116626649));
#1262=CARTESIAN_POINT('',(-0.0179657110722123,-0.0139710783547709,0.00499641082490568));
#1263=CARTESIAN_POINT('',(-0.0179537788616046,-0.0140843373166036,0.00499618339386607));
#1264=CARTESIAN_POINT('',(-0.0179328728776633,-0.0142476567683884,0.00499612990824187));
#1265=CARTESIAN_POINT('',(-0.0178993397683453,-0.014451544102391,0.00499666149326654));
#1266=CARTESIAN_POINT('',(-0.0178641830488485,-0.0146222125173969,0.00499782370596192));
#1267=CARTESIAN_POINT('',(-0.0178307599486221,-0.014762426128724,0.00499870388891741));
#1268=CARTESIAN_POINT('',(-0.017803653799909,-0.0148658974574019,0.00499938710479139));
#1269=CARTESIAN_POINT('',(-0.0177736715817844,-0.0149705355218903,0.00500015063687008));
#1270=CARTESIAN_POINT('',(-0.0177735348977989,-0.0149707103700097,0.00500001037491948));
#1271=CARTESIAN_POINT('',(-0.0177381007238427,-0.0150875895858347,0.00500008485788422));
#1272=CARTESIAN_POINT('',(-0.0176823978985566,-0.0152563576186306,0.00500001679565228));
#1273=CARTESIAN_POINT('',(-0.0175979676702236,-0.0154647360032674,0.00499993816513718));
#1274=CARTESIAN_POINT('',(-0.0175599123524184,-0.0155529017893392,0.00499990087942694));
#1275=CARTESIAN_POINT('',(-0.0175172718855432,-0.0156450202222998,0.00499985950625428));
#1276=CARTESIAN_POINT('',(-0.0175006823036287,-0.0156794554806213,0.00499984350095608));
#1277=CARTESIAN_POINT('',(-0.0174851323139697,-0.0157115992111683,0.0049998300001272));
#1278=CARTESIAN_POINT('',(-0.0174533981494238,-0.0157750340084376,0.00499980539748668));
#1279=CARTESIAN_POINT('',(-0.0174019474793906,-0.0158729511494568,0.0049997741328682));
#1280=CARTESIAN_POINT('',(-0.0173265695720534,-0.0160068627367584,0.00499974130567592));
#1281=CARTESIAN_POINT('',(-0.0171834727087836,-0.016235220612098,0.00499970574029426));
#1282=CARTESIAN_POINT('',(-0.0168628978708186,-0.0166681281184156,0.00499968655139646));
#1283=CARTESIAN_POINT('',(-0.0163031011713901,-0.0171889857560437,0.00499975762481864));
#1284=CARTESIAN_POINT('',(-0.0155503579164755,-0.0175701239774308,0.00499991682545982));
#1285=CARTESIAN_POINT('',(-0.0152347011374525,-0.0176882997538354,0.00499997424954565));
#1286=CARTESIAN_POINT('',(-0.0150745964533624,-0.0177422311408844,0.00499998156977497));
#1287=CARTESIAN_POINT('',(-0.0149344187840022,-0.0177844165668593,0.00500003210668033));
#1288=CARTESIAN_POINT('',(-0.0149064783449094,-0.0177919776108821,0.00499989002346208));
#1289=CARTESIAN_POINT('',(-0.0148083440934477,-0.0178195714583563,0.00499929665720163));
#1290=CARTESIAN_POINT('',(-0.0146300874969381,-0.0178621638142726,0.00499757741066735));
#1291=CARTESIAN_POINT('',(-0.0145492348030933,-0.017878913632877,0.0049969011458362));
#1292=CARTESIAN_POINT('',(-0.0144278406656638,-0.0179030936535394,0.00499608409928429));
#1293=CARTESIAN_POINT('',(-0.0142261632091489,-0.0179369811056054,0.00499546335054103));
#1294=CARTESIAN_POINT('',(-0.0140049269166512,-0.0179631401437713,0.00499578674057714));
#1295=CARTESIAN_POINT('',(-0.0138437909581307,-0.0179768000466,0.00499642500132452));
#1296=CARTESIAN_POINT('',(-0.0136769842996036,-0.0179890816180788,0.00499725623159908));
#1297=CARTESIAN_POINT('',(-0.0132641250486313,-0.0180017910235479,0.0049995429642265));
#1298=CARTESIAN_POINT('',(-0.013075434027558,-0.018,0.00500000001669708));
#1299=CARTESIAN_POINT('',(-0.0129999999503989,-0.018,0.00500000001018231));
#1300=CARTESIAN_POINT('',(-0.0129999999528915,-0.018,0.0309999999828008));
#1301=CARTESIAN_POINT('',(-0.0130846481296784,-0.018,0.0309999999507672));
#1302=CARTESIAN_POINT('',(-0.0132289261564615,-0.0180001986948919,0.0310004916759922));
#1303=CARTESIAN_POINT('',(-0.0134296952699127,-0.0179968500568433,0.0310016303043484));
#1304=CARTESIAN_POINT('',(-0.0136240599774232,-0.0179909254975723,0.0310028382157786));
#1305=CARTESIAN_POINT('',(-0.0137882068043617,-0.0179811305411807,0.0310038268245046));
#1306=CARTESIAN_POINT('',(-0.0138668973518933,-0.0179747200840338,0.031004286285192));
#1307=CARTESIAN_POINT('',(-0.0138665607959803,-0.0179747951542191,0.0310042922276047));
#1308=CARTESIAN_POINT('',(-0.0139237740462423,-0.0179700045779057,0.0310045691520913));
#1309=CARTESIAN_POINT('',(-0.0139956893439009,-0.0179632271361853,0.0310048506765348));
#1310=CARTESIAN_POINT('',(-0.0141093173792755,-0.0179508148361304,0.0310051362291187));
#1311=CARTESIAN_POINT('',(-0.0142735074728413,-0.0179290465524835,0.0310051796604031));
#1312=CARTESIAN_POINT('',(-0.0144796500814704,-0.0178940217767651,0.0310043543331021));
#1313=CARTESIAN_POINT('',(-0.0146385139958328,-0.017860325813457,0.0310028698621059));
#1314=CARTESIAN_POINT('',(-0.0147699055763816,-0.0178290855430768,0.0310016933925819));
#1315=CARTESIAN_POINT('',(-0.0148844890826612,-0.0177983737730868,0.0310005656756115));
#1316=CARTESIAN_POINT('',(-0.0149615441205047,-0.0177763900366246,0.030999640635282));
#1317=CARTESIAN_POINT('',(-0.0150618701595718,-0.0177464797551279,0.0309998741834691));
#1318=CARTESIAN_POINT('',(-0.0153244729208183,-0.0176595743161297,0.0310000652177797));
#1319=CARTESIAN_POINT('',(-0.0156415256830652,-0.0175205082120985,0.0310006295059013));
#1320=CARTESIAN_POINT('',(-0.0157900763021803,-0.017446488127295,0.0310008617892755));
#1321=CARTESIAN_POINT('',(-0.016010306938753,-0.0173267820102668,0.0310010806199997));
#1322=CARTESIAN_POINT('',(-0.0162207683352173,-0.0171909933895789,0.031001072792184));
#1323=CARTESIAN_POINT('',(-0.0164685867965152,-0.0170098625469606,0.031000680768735));
#1324=CARTESIAN_POINT('',(-0.0166687054387467,-0.0168355683129992,0.0310001544606247));
#1325=CARTESIAN_POINT('',(-0.0168876203150988,-0.0166095607485312,0.0310005038405148));
#1326=CARTESIAN_POINT('',(-0.0170638231333344,-0.0163964683249234,0.0310011553571137));
#1327=CARTESIAN_POINT('',(-0.0171848333582234,-0.0162289540925939,0.0310017955991775));
#1328=CARTESIAN_POINT('',(-0.0173155277961456,-0.0160275041912927,0.0310018375602991));
#1329=CARTESIAN_POINT('',(-0.0174515677096129,-0.0157863644547194,0.0310015713372362));
#1330=CARTESIAN_POINT('',(-0.0176002137339144,-0.0154704060862235,0.031000685286595));
#1331=CARTESIAN_POINT('',(-0.0177162355035929,-0.01515931916189,0.0310001599311535));
#1332=CARTESIAN_POINT('',(-0.0177700216541033,-0.014984470480416,0.0310002089464906));
#1333=CARTESIAN_POINT('',(-0.0178009375671675,-0.0148749689258136,0.0310006279299457));
#1334=CARTESIAN_POINT('',(-0.0178098123040989,-0.0148418513636565,0.0310007772524207));
#1335=CARTESIAN_POINT('',(-0.0178247309682403,-0.0147851972506711,0.0310015039854664));
#1336=CARTESIAN_POINT('',(-0.0178514276380351,-0.0146767666769451,0.0310028844028219));
#1337=CARTESIAN_POINT('',(-0.0178694987756118,-0.0145944110281222,0.0310039337485473));
#1338=CARTESIAN_POINT('',(-0.0178818527016524,-0.0145343933714275,0.0310046721849916));
#1339=CARTESIAN_POINT('',(-0.0178834144349839,-0.0145265462819917,0.0310047912509808));
#1340=CARTESIAN_POINT('',(-0.0178934580691576,-0.0144762656477817,0.0310052869708442));
#1341=CARTESIAN_POINT('',(-0.017913481476687,-0.0143665408204004,0.0310060801013525));
#1342=CARTESIAN_POINT('',(-0.0179308654545403,-0.0142569394733885,0.0310064499344969));
#1343=CARTESIAN_POINT('',(-0.0179484236289582,-0.0141272581867056,0.0310064249923416));
#1344=CARTESIAN_POINT('',(-0.0179604966137657,-0.0140240262054326,0.0310060132355866));
#1345=CARTESIAN_POINT('',(-0.0179874026991593,-0.0137539522780673,0.0310042364592645));
#1346=CARTESIAN_POINT('',(-0.0180011287215036,-0.0132930383929734,0.0310005711918468));
#1347=CARTESIAN_POINT('',(-0.018,-0.0130894702202999,0.0309999999364978));
#1348=CARTESIAN_POINT('',(-0.018,-0.0129999999787189,0.0309999999906426));
#1349=CARTESIAN_POINT('',(-0.013,0.018,0.00483947359905375));
#1350=CARTESIAN_POINT('',(-0.013,0.018,0.0311626397634858));
#1351=CARTESIAN_POINT('',(-0.01375,0.018,0.00483947359905375));
#1352=CARTESIAN_POINT('',(-0.01375,0.018,0.0311626397634858));
#1353=CARTESIAN_POINT('',(-0.0145,0.018,0.00483947359905375));
#1354=CARTESIAN_POINT('',(-0.0145,0.018,0.0311626397634858));
#1355=CARTESIAN_POINT('',(-0.0163333333333334,0.0175,0.00483947359905375));
#1356=CARTESIAN_POINT('',(-0.0163333333333334,0.0175,0.0311626397634858));
#1357=CARTESIAN_POINT('',(-0.0175,0.0163333333333334,0.00483947359905375));
#1358=CARTESIAN_POINT('',(-0.0175,0.0163333333333334,0.0311626397634858));
#1359=CARTESIAN_POINT('',(-0.018,0.0145,0.00483947359905375));
#1360=CARTESIAN_POINT('',(-0.018,0.0145,0.0311626397634858));
#1361=CARTESIAN_POINT('',(-0.018,0.01375,0.00483947359905375));
#1362=CARTESIAN_POINT('',(-0.018,0.01375,0.0311626397634858));
#1363=CARTESIAN_POINT('',(-0.018,0.013,0.00483947359905375));
#1364=CARTESIAN_POINT('',(-0.018,0.013,0.0311626397634858));
#1365=CARTESIAN_POINT('',(-0.0129999999477123,0.018,0.00500000001951439));
#1366=CARTESIAN_POINT('',(-0.0130022466756318,0.018,0.00500000002051084));
#1367=CARTESIAN_POINT('',(-0.0130854491871966,0.0179998184314772,0.00499969375855749));
#1368=CARTESIAN_POINT('',(-0.0133510760368774,0.0180000369912453,0.00499867964702958));
#1369=CARTESIAN_POINT('',(-0.0136111306435526,0.017990903540078,0.0049977001776876));
#1370=CARTESIAN_POINT('',(-0.0137253890601797,0.0179850859553291,0.00499727268866597));
#1371=CARTESIAN_POINT('',(-0.0138426537001702,0.0179767930059256,0.00499683689504192));
#1372=CARTESIAN_POINT('',(-0.0139011929035782,0.0179719333669662,0.00499662116626577));
#1373=CARTESIAN_POINT('',(-0.013971078354834,0.0179657110722064,0.00499641082490327));
#1374=CARTESIAN_POINT('',(-0.0140843373166332,0.017953778861601,0.00499618339386225));
#1375=CARTESIAN_POINT('',(-0.0142476567684469,0.0179328728776551,0.00499612990823721));
#1376=CARTESIAN_POINT('',(-0.0144515441024103,0.0178993397683406,0.00499666149326421));
#1377=CARTESIAN_POINT('',(-0.0146222125173839,0.0178641830488522,0.00499782370596554));
#1378=CARTESIAN_POINT('',(-0.0147624261287582,0.0178307599486121,0.00499870388892139));
#1379=CARTESIAN_POINT('',(-0.0148658974573456,0.0178036537999255,0.00499938710479354));
#1380=CARTESIAN_POINT('',(-0.0149705355221064,0.0177736715817209,0.00500015063687098));
#1381=CARTESIAN_POINT('',(-0.0149707103692015,0.0177735348980367,0.00500001037491372));
#1382=CARTESIAN_POINT('',(-0.0150875895846465,0.0177381007242217,0.00500008485787538));
#1383=CARTESIAN_POINT('',(-0.0152563576175546,0.0176823978989603,0.00500001679564399));
#1384=CARTESIAN_POINT('',(-0.0154647360026668,0.0175979676704793,0.00499993816513261));
#1385=CARTESIAN_POINT('',(-0.0155529017890641,0.0175599123525423,0.00499990087942416));
#1386=CARTESIAN_POINT('',(-0.0156450202221586,0.0175172718856112,0.00499985950625374));
#1387=CARTESIAN_POINT('',(-0.0156794554812222,0.0175006823033416,0.0049998435009561));
#1388=CARTESIAN_POINT('',(-0.0157115992132666,0.017485132312944,0.00499983000012729));
#1389=CARTESIAN_POINT('',(-0.0157750340123608,0.0174533981474275,0.00499980539748732));
#1390=CARTESIAN_POINT('',(-0.0158729511559886,0.0174019474758637,0.00499977413286936));
#1391=CARTESIAN_POINT('',(-0.0160068627458246,0.0173265695666956,0.00499974130567771));
#1392=CARTESIAN_POINT('',(-0.0162352206235572,0.0171834727011157,0.00499970574029669));
#1393=CARTESIAN_POINT('',(-0.0166681281315279,0.0168628978577359,0.00499968655139988));
#1394=CARTESIAN_POINT('',(-0.0171889857547601,0.0163031011744037,0.0049997576248179));
#1395=CARTESIAN_POINT('',(-0.017570123985455,0.0155503579003797,0.00499991682546302));
#1396=CARTESIAN_POINT('',(-0.0176882997647619,0.0152347011069826,0.00499997424955185));
#1397=CARTESIAN_POINT('',(-0.0177422311471122,0.0150745964331808,0.00499998156977882));
#1398=CARTESIAN_POINT('',(-0.017784416565249,0.0149344187892162,0.00500003210667992));
#1399=CARTESIAN_POINT('',(-0.0177919776110954,0.0149064783442351,0.00499989002345982));
#1400=CARTESIAN_POINT('',(-0.0178195714577348,0.0148083440958872,0.00499929665720948));
#1401=CARTESIAN_POINT('',(-0.0178621638160025,0.0146300874892558,0.00499757741061506));
#1402=CARTESIAN_POINT('',(-0.017878913633196,0.0145492348013905,0.00499690114582395));
#1403=CARTESIAN_POINT('',(-0.0179030936533567,0.0144278406666272,0.00499608409929149));
#1404=CARTESIAN_POINT('',(-0.0179369811056508,0.0142261632090112,0.00499546335053762));
#1405=CARTESIAN_POINT('',(-0.017963140143817,0.0140049269161065,0.00499578674057992));
#1406=CARTESIAN_POINT('',(-0.0179768000465083,0.0138437909591427,0.00499642500132015));
#1407=CARTESIAN_POINT('',(-0.0179890816179534,0.0136769843022465,0.00499725623158844));
#1408=CARTESIAN_POINT('',(-0.0180017910236071,0.013264125046769,0.00499954296423036));
#1409=CARTESIAN_POINT('',(-0.018,0.0130754340269962,0.00500000001669707));
#1410=CARTESIAN_POINT('',(-0.018,0.0129999999503989,0.0050000000101823));
#1411=CARTESIAN_POINT('',(-0.018,0.0129999999528915,0.0309999999828008));
#1412=CARTESIAN_POINT('',(-0.018,0.013084648130646,0.0309999999507672));
#1413=CARTESIAN_POINT('',(-0.0180001986949264,0.0132289261562995,0.0310004916759837));
#1414=CARTESIAN_POINT('',(-0.0179968500567977,0.0134296952712485,0.0310016303043552));
#1415=CARTESIAN_POINT('',(-0.0179909254978094,0.0136240599702837,0.0310028382157412));
#1416=CARTESIAN_POINT('',(-0.0179811305419216,0.0137882067938421,0.0310038268244498));
#1417=CARTESIAN_POINT('',(-0.0179747200846001,0.0138668973449444,0.0310042862851569));
#1418=CARTESIAN_POINT('',(-0.0179747951541511,0.0138665607968113,0.0310042922276085));
#1419=CARTESIAN_POINT('',(-0.017970004577991,0.0139237740452243,0.0310045691520935));
#1420=CARTESIAN_POINT('',(-0.0179632271362744,0.0139956893430608,0.0310048506765458));
#1421=CARTESIAN_POINT('',(-0.0179508148363559,0.0141093173773331,0.0310051362291329));
#1422=CARTESIAN_POINT('',(-0.0179290465528155,0.0142735074707129,0.0310051796604209));
#1423=CARTESIAN_POINT('',(-0.0178940217768524,0.0144796500811317,0.0310043543331047));
#1424=CARTESIAN_POINT('',(-0.017860325813436,0.0146385139959131,0.0310028698621058));
#1425=CARTESIAN_POINT('',(-0.0178290855430801,0.0147699055763679,0.0310016933925824));
#1426=CARTESIAN_POINT('',(-0.0177983737730885,0.0148844890826568,0.0310005656756117));
#1427=CARTESIAN_POINT('',(-0.0177763900366166,0.0149615441205263,0.0309996406352818));
#1428=CARTESIAN_POINT('',(-0.0177464797551404,0.0150618701595775,0.030999874183468));
#1429=CARTESIAN_POINT('',(-0.0176595743160153,0.0153244729210407,0.0310000652177787));
#1430=CARTESIAN_POINT('',(-0.0175205082122683,0.0156415256827464,0.0310006295058992));
#1431=CARTESIAN_POINT('',(-0.0174464881253623,0.0157900763060814,0.031000861789281));
#1432=CARTESIAN_POINT('',(-0.0173267820071758,0.0160103069439728,0.031001080620008));
#1433=CARTESIAN_POINT('',(-0.01719099338617,0.0162207683401526,0.0310010727921927));
#1434=CARTESIAN_POINT('',(-0.0170098625460815,0.0164685867972064,0.0310006807687351));
#1435=CARTESIAN_POINT('',(-0.0168355683180688,0.0166687054331733,0.0310001544606169));
#1436=CARTESIAN_POINT('',(-0.0166095607536035,0.0168876203106848,0.0310005038405072));
#1437=CARTESIAN_POINT('',(-0.0163964683260855,0.0170638231325748,0.0310011553571126));
#1438=CARTESIAN_POINT('',(-0.0162289540914641,0.017184833359016,0.0310017955991732));
#1439=CARTESIAN_POINT('',(-0.0160275041900005,0.0173155277969233,0.0310018375602923));
#1440=CARTESIAN_POINT('',(-0.0157863644537068,0.0174515677101023,0.0310015713372302));
#1441=CARTESIAN_POINT('',(-0.015470406086499,0.017600213733779,0.0310006852865922));
#1442=CARTESIAN_POINT('',(-0.0151593191619724,0.017716235503573,0.0310001599311507));
#1443=CARTESIAN_POINT('',(-0.0149844704805756,0.0177700216540549,0.031000208946489));
#1444=CARTESIAN_POINT('',(-0.0148749689258835,0.0178009375671488,0.0310006279299455));
#1445=CARTESIAN_POINT('',(-0.0148418513637249,0.0178098123040808,0.0310007772524206));
#1446=CARTESIAN_POINT('',(-0.0147851972505633,0.0178247309682688,0.0310015039854684));
#1447=CARTESIAN_POINT('',(-0.0146767666765158,0.0178514276381371,0.0310028844028276));
#1448=CARTESIAN_POINT('',(-0.0145944110276232,0.0178694987757187,0.031003933748554));
#1449=CARTESIAN_POINT('',(-0.0145343933709059,0.0178818527017575,0.0310046721849976));
#1450=CARTESIAN_POINT('',(-0.0145265462820267,0.0178834144349767,0.0310047912509823));
#1451=CARTESIAN_POINT('',(-0.014476265646988,0.0178934580693161,0.031005286970847));
#1452=CARTESIAN_POINT('',(-0.0143665408182115,0.0179134814770596,0.0310060801013594));
#1453=CARTESIAN_POINT('',(-0.0142569394718214,0.0179308654547756,0.0310064499345044));
#1454=CARTESIAN_POINT('',(-0.0141272581849166,0.0179484236291586,0.031006424992339));
#1455=CARTESIAN_POINT('',(-0.0140240262150049,0.0179604966126517,0.0310060132356012));
#1456=CARTESIAN_POINT('',(-0.0137539522839061,0.0179874026990881,0.0310042364592697));
#1457=CARTESIAN_POINT('',(-0.0132930383834438,0.0180011287216537,0.0310005711918452));
#1458=CARTESIAN_POINT('',(-0.0130894702157671,0.018,0.0309999999364978));
#1459=CARTESIAN_POINT('',(-0.0129999999787189,0.018,0.0309999999906426));
#1460=CARTESIAN_POINT('',(-0.0131606000492972,0.018,0.031));
#1461=CARTESIAN_POINT('',(0.0131596896127044,0.018,0.031));
#1462=CARTESIAN_POINT('',(-0.0131606000492972,0.0180000000000137,0.03175));
#1463=CARTESIAN_POINT('',(0.0131596896127044,0.0180000000000137,0.03175));
#1464=CARTESIAN_POINT('',(-0.0131606000492972,0.0180000000000137,0.0325));
#1465=CARTESIAN_POINT('',(0.0131596896127044,0.0180000000000137,0.0325));
#1466=CARTESIAN_POINT('',(-0.0131606000492903,0.0175000000000274,0.0343333333333333));
#1467=CARTESIAN_POINT('',(0.0131596896127112,0.0175000000000274,0.0343333333333333));
#1468=CARTESIAN_POINT('',(-0.0131606000492835,0.0163333333333607,0.0355));
#1469=CARTESIAN_POINT('',(0.0131596896127181,0.0163333333333607,0.0355));
#1470=CARTESIAN_POINT('',(-0.0131606000492972,0.0145,0.036));
#1471=CARTESIAN_POINT('',(0.0131596896127044,0.0145,0.036));
#1472=CARTESIAN_POINT('',(-0.0131606000492972,0.01375,0.036));
#1473=CARTESIAN_POINT('',(0.0131596896127044,0.01375,0.036));
#1474=CARTESIAN_POINT('',(-0.0131606000492972,0.013,0.036));
#1475=CARTESIAN_POINT('',(0.0131596896127044,0.013,0.036));
#1476=CARTESIAN_POINT('',(0.0129999999752301,0.0129999999766331,0.036));
#1477=CARTESIAN_POINT('',(0.0129999999560371,0.0130461830677448,0.036));
#1478=CARTESIAN_POINT('',(0.013000861103154,0.0131961754102359,0.036000638631962));
#1479=CARTESIAN_POINT('',(0.0130033107240468,0.0134755027141125,0.0359959998410271));
#1480=CARTESIAN_POINT('',(0.013003683971908,0.0135982959126447,0.035991317638969));
#1481=CARTESIAN_POINT('',(0.0130034692360485,0.013764393166237,0.0359831037305584));
#1482=CARTESIAN_POINT('',(0.0129999067065267,0.013953012376557,0.0359686600680844));
#1483=CARTESIAN_POINT('',(0.0129964577284738,0.0141840290203226,0.035942068306369));
#1484=CARTESIAN_POINT('',(0.0129969667263825,0.0143463762572938,0.0359172635126774));
#1485=CARTESIAN_POINT('',(0.0129979632102621,0.0145321868341606,0.0358835152504709));
#1486=CARTESIAN_POINT('',(0.0129996877667343,0.0147968981614899,0.0358238431507471));
#1487=CARTESIAN_POINT('',(0.0129999614333272,0.014892929417676,0.035797303264038));
#1488=CARTESIAN_POINT('',(0.0130002767155176,0.0151098405212469,0.0357310912492584));
#1489=CARTESIAN_POINT('',(0.0130005427693998,0.0152895816238924,0.0356684134771291));
#1490=CARTESIAN_POINT('',(0.0130007531574157,0.0154508769540275,0.0356049940296156));
#1491=CARTESIAN_POINT('',(0.0130009353991727,0.0156037061398478,0.0355366434488615));
#1492=CARTESIAN_POINT('',(0.0130009335721088,0.0156385429764551,0.0355202624700236));
#1493=CARTESIAN_POINT('',(0.0130009022910528,0.0157848075591948,0.0354502978191011));
#1494=CARTESIAN_POINT('',(0.0130007506115954,0.0159765618982048,0.0353455306695048));
#1495=CARTESIAN_POINT('',(0.0130005682433079,0.0161690451696049,0.035224505063349));
#1496=CARTESIAN_POINT('',(0.0130004337874665,0.0162957609249037,0.0351370472153878));
#1497=CARTESIAN_POINT('',(0.0130002973258949,0.0164144892841539,0.0350470814333887));
#1498=CARTESIAN_POINT('',(0.0130001995377798,0.0164946003216336,0.0349826768779651));
#1499=CARTESIAN_POINT('',(0.01300013732776,0.0165799679621981,0.0349107203356042));
#1500=CARTESIAN_POINT('',(0.013000093592222,0.016790031922038,0.0347198128466822));
#1501=CARTESIAN_POINT('',(0.0130006032844519,0.0170833133056477,0.0343858893101083));
#1502=CARTESIAN_POINT('',(0.0130013019072112,0.0173561974972503,0.0339733258862736));
#1503=CARTESIAN_POINT('',(0.0130007349736305,0.0175612850475712,0.0335677398047571));
#1504=CARTESIAN_POINT('',(0.0130002382525939,0.0177062845080272,0.0331887344335619));
#1505=CARTESIAN_POINT('',(0.0130000830794729,0.0177707554180653,0.0329842252951749));
#1506=CARTESIAN_POINT('',(0.0130000240617167,0.017814963002806,0.0328237800342548));
#1507=CARTESIAN_POINT('',(0.0130000136057931,0.0178346509121531,0.0327459858308797));
#1508=CARTESIAN_POINT('',(0.0130000322767669,0.0178577296227561,0.0326485861265344));
#1509=CARTESIAN_POINT('',(0.0130000541488481,0.0178901965594163,0.0324972418507023));
#1510=CARTESIAN_POINT('',(0.0130000635218225,0.0179281015584706,0.0322854552010004));
#1511=CARTESIAN_POINT('',(0.0130000383217674,0.0179597901382035,0.0320431029906954));
#1512=CARTESIAN_POINT('',(0.0129998567656997,0.0179739846892047,0.0318763008990456));
#1513=CARTESIAN_POINT('',(0.0129998250314986,0.017976970891271,0.0318409719896812));
#1514=CARTESIAN_POINT('',(0.0129991717237035,0.0179885449754002,0.0316727428033471));
#1515=CARTESIAN_POINT('',(0.0129971608485984,0.0179993970323603,0.03140473423489));
#1516=CARTESIAN_POINT('',(0.0129965100893786,0.0180000000000026,0.0311447105603231));
#1517=CARTESIAN_POINT('',(0.0129999999528915,0.018,0.0309999999828008));
#1518=CARTESIAN_POINT('',(-0.0129999999787189,0.018,0.0309999999906426));
#1519=CARTESIAN_POINT('',(-0.0129999999465357,0.018000000000001,0.0310531802396127));
#1520=CARTESIAN_POINT('',(-0.0130010048400809,0.0180006130698364,0.0312024364698593));
#1521=CARTESIAN_POINT('',(-0.0130041548546789,0.0179958772077605,0.0314799197317319));
#1522=CARTESIAN_POINT('',(-0.0130045837547363,0.0179911740826385,0.0316011692496418));
#1523=CARTESIAN_POINT('',(-0.0130041622272178,0.0179833244603111,0.0317604086501322));
#1524=CARTESIAN_POINT('',(-0.0129998240313894,0.017968569079534,0.031954508248102));
#1525=CARTESIAN_POINT('',(-0.0129960166762379,0.0179423224093938,0.0321813001121345));
#1526=CARTESIAN_POINT('',(-0.0129965816322661,0.0179181936926917,0.0323413586530895));
#1527=CARTESIAN_POINT('',(-0.0129977561903133,0.0178835466371601,0.0325317212428383));
#1528=CARTESIAN_POINT('',(-0.012999646225965,0.0178263642715754,0.0327868440132298));
#1529=CARTESIAN_POINT('',(-0.0130000458754692,0.0177868477514722,0.032930355779549));
#1530=CARTESIAN_POINT('',(-0.0130004550032761,0.0176958734070473,0.0332198013514491));
#1531=CARTESIAN_POINT('',(-0.0130009776906813,0.0175628111446559,0.0335601536706404));
#1532=CARTESIAN_POINT('',(-0.0130014501946921,0.017357697837964,0.03397353448517));
#1533=CARTESIAN_POINT('',(-0.013000875324584,0.0170782495285156,0.0343899285289265));
#1534=CARTESIAN_POINT('',(-0.0130000191413715,0.0168212923823035,0.0346852651633775));
#1535=CARTESIAN_POINT('',(-0.0130000162639988,0.0165841879162149,0.0349102689038002));
#1536=CARTESIAN_POINT('',(-0.0130001990751439,0.016421383510578,0.0350421462809668));
#1537=CARTESIAN_POINT('',(-0.0130003542631585,0.016332427490714,0.0351092149635271));
#1538=CARTESIAN_POINT('',(-0.0130005850959854,0.0162105844034385,0.0351967157371528));
#1539=CARTESIAN_POINT('',(-0.0130009056137579,0.016022552028752,0.0353190148252942));
#1540=CARTESIAN_POINT('',(-0.0130012310217465,0.0157902956886272,0.03544808315972));
#1541=CARTESIAN_POINT('',(-0.013001361100909,0.0156382576922877,0.0355209910085701));
#1542=CARTESIAN_POINT('',(-0.013001336167238,0.0155630544434528,0.0355547021401313));
#1543=CARTESIAN_POINT('',(-0.0130013141085903,0.0155476333499131,0.0355620321537052));
#1544=CARTESIAN_POINT('',(-0.0130010141500566,0.0153875810495034,0.0356306055977149));
#1545=CARTESIAN_POINT('',(-0.013000777574757,0.0152523369831275,0.0356815494237736));
#1546=CARTESIAN_POINT('',(-0.013000508192658,0.0150901366433724,0.0357373946009396));
#1547=CARTESIAN_POINT('',(-0.013000308511857,0.0149579402223307,0.0357777724936345));
#1548=CARTESIAN_POINT('',(-0.0130001646485312,0.0148464400295911,0.0358088538385723));
#1549=CARTESIAN_POINT('',(-0.0130000769449345,0.0147668292420293,0.0358294643572821));
#1550=CARTESIAN_POINT('',(-0.013000062673139,0.014705918184924,0.0358440509304438));
#1551=CARTESIAN_POINT('',(-0.0130000588689382,0.0147034351393538,0.0358447207672204));
#1552=CARTESIAN_POINT('',(-0.013000090949357,0.0146314174212759,0.0358614881352709));
#1553=CARTESIAN_POINT('',(-0.013000130748065,0.0145223153264901,0.0358848979828918));
#1554=CARTESIAN_POINT('',(-0.0130001798991148,0.0143142383773497,0.0359237325506451));
#1555=CARTESIAN_POINT('',(-0.0130001625378239,0.0140815847741863,0.0359553572224176));
#1556=CARTESIAN_POINT('',(-0.0129999642393444,0.013903647861965,0.0359718206490962));
#1557=CARTESIAN_POINT('',(-0.012999838520617,0.0138402509535989,0.0359770479123647));
#1558=CARTESIAN_POINT('',(-0.0129992544805587,0.0136732719339778,0.0359884936970412));
#1559=CARTESIAN_POINT('',(-0.0129975901567393,0.0134040489954097,0.0359994577872823));
#1560=CARTESIAN_POINT('',(-0.0129971018193106,0.013142409123207,0.036));
#1561=CARTESIAN_POINT('',(-0.012999999976633,0.0129999999752301,0.036));
#1562=CARTESIAN_POINT('',(-0.018,-0.0131606000492986,0.031));
#1563=CARTESIAN_POINT('',(-0.018,0.0131596896127032,0.031));
#1564=CARTESIAN_POINT('',(-0.0180000000000274,-0.0131606000492986,0.03175));
#1565=CARTESIAN_POINT('',(-0.0180000000000274,0.0131596896127032,0.03175));
#1566=CARTESIAN_POINT('',(-0.0180000000000274,-0.0131606000492986,0.0325));
#1567=CARTESIAN_POINT('',(-0.0180000000000274,0.0131596896127032,0.0325));
#1568=CARTESIAN_POINT('',(-0.0175000000000274,-0.0131606000492986,0.0343333333333334));
#1569=CARTESIAN_POINT('',(-0.0175000000000274,0.0131596896127032,0.0343333333333334));
#1570=CARTESIAN_POINT('',(-0.0163333333333607,-0.0131606000492986,0.0355));
#1571=CARTESIAN_POINT('',(-0.0163333333333607,0.0131596896127032,0.0355));
#1572=CARTESIAN_POINT('',(-0.0145,-0.0131606000492986,0.036));
#1573=CARTESIAN_POINT('',(-0.0145,0.0131596896127032,0.036));
#1574=CARTESIAN_POINT('',(-0.01375,-0.0131606000492986,0.036));
#1575=CARTESIAN_POINT('',(-0.01375,0.0131596896127032,0.036));
#1576=CARTESIAN_POINT('',(-0.013,-0.0131606000492986,0.036));
#1577=CARTESIAN_POINT('',(-0.013,0.0131596896127032,0.036));
#1578=CARTESIAN_POINT('',(-0.018,-0.0129999999787189,0.0309999999906426));
#1579=CARTESIAN_POINT('',(-0.0180000000000019,-0.0129999999465358,0.0310531802400297));
#1580=CARTESIAN_POINT('',(-0.018000613069832,-0.0130010048400801,0.0312024364703759));
#1581=CARTESIAN_POINT('',(-0.0179958772077795,-0.0130041548546812,0.0314799197312621));
#1582=CARTESIAN_POINT('',(-0.01799117408265,-0.0130045837547371,0.031601169249596));
#1583=CARTESIAN_POINT('',(-0.0179833244603142,-0.013004162227215,0.031760408650212));
#1584=CARTESIAN_POINT('',(-0.0179685690795533,-0.0129998240313906,0.0319545082480324));
#1585=CARTESIAN_POINT('',(-0.0179423224093689,-0.0129960166762371,0.032181300112367));
#1586=CARTESIAN_POINT('',(-0.0179181936927898,-0.0129965816322681,0.0323413586525297));
#1587=CARTESIAN_POINT('',(-0.0178835466372157,-0.0129977561903131,0.0325317212426753));
#1588=CARTESIAN_POINT('',(-0.0178263642712838,-0.0129996462259671,0.0327868440144791));
#1589=CARTESIAN_POINT('',(-0.0177868477515669,-0.0130000458754687,0.0329303557791577));
#1590=CARTESIAN_POINT('',(-0.017695873407089,-0.0130004550032768,0.0332198013514485));
#1591=CARTESIAN_POINT('',(-0.017562811144355,-0.013000977690682,0.0335601536711769));
#1592=CARTESIAN_POINT('',(-0.0173576978405635,-0.0130014501946836,0.0339735344803574));
#1593=CARTESIAN_POINT('',(-0.0170782495300076,-0.0130008753245811,0.034389928527569));
#1594=CARTESIAN_POINT('',(-0.0168212923793211,-0.013000019141378,0.0346852651665789));
#1595=CARTESIAN_POINT('',(-0.0165841879135775,-0.0130000162640038,0.034910268906079));
#1596=CARTESIAN_POINT('',(-0.0164213835087846,-0.0130001990751468,0.0350421462823211));
#1597=CARTESIAN_POINT('',(-0.0163324274907861,-0.0130003542631578,0.0351092149634711));
#1598=CARTESIAN_POINT('',(-0.0162105844032542,-0.013000585095985,0.0351967157372873));
#1599=CARTESIAN_POINT('',(-0.016022552028396,-0.0130009056137576,0.0353190148255098));
#1600=CARTESIAN_POINT('',(-0.0157902956880947,-0.0130012310217461,0.0354480831599997));
#1601=CARTESIAN_POINT('',(-0.0156382576918503,-0.0130013611009081,0.0355209910087684));
#1602=CARTESIAN_POINT('',(-0.0155630544433252,-0.0130013361672368,0.0355547021401924));
#1603=CARTESIAN_POINT('',(-0.0155476333498507,-0.0130013141085889,0.0355620321537255));
#1604=CARTESIAN_POINT('',(-0.0153875810513321,-0.013001014150055,0.0356306055969514));
#1605=CARTESIAN_POINT('',(-0.0152523369862115,-0.0130007775747554,0.0356815494226409));
#1606=CARTESIAN_POINT('',(-0.0150901366475466,-0.0130005081926565,0.0357373945995779));
#1607=CARTESIAN_POINT('',(-0.0149579402267688,-0.0130003085118557,0.0357777724923357));
#1608=CARTESIAN_POINT('',(-0.0148464400335848,-0.0130001646485304,0.0358088538375066));
#1609=CARTESIAN_POINT('',(-0.0147668292447576,-0.0130000769449343,0.0358294643566082));
#1610=CARTESIAN_POINT('',(-0.0147059181863421,-0.0130000626731394,0.0358440509301069));
#1611=CARTESIAN_POINT('',(-0.0147034351393661,-0.0130000588689392,0.0358447207672181));
#1612=CARTESIAN_POINT('',(-0.0146314174210069,-0.0130000909493578,0.0358614881353327));
#1613=CARTESIAN_POINT('',(-0.0145223153257021,-0.0130001307480658,0.0358848979830553));
#1614=CARTESIAN_POINT('',(-0.0143142383758375,-0.0130001798991152,0.0359237325508971));
#1615=CARTESIAN_POINT('',(-0.0140815847724001,-0.0130001625378244,0.0359553572226219));
#1616=CARTESIAN_POINT('',(-0.0139036478606174,-0.0129999642393434,0.0359718206492057));
#1617=CARTESIAN_POINT('',(-0.0138402509536523,-0.0129998385206181,0.0359770479123592));
#1618=CARTESIAN_POINT('',(-0.0136732719339399,-0.0129992544805495,0.0359884936970443));
#1619=CARTESIAN_POINT('',(-0.0134040489955283,-0.0129975901567356,0.0359994577872799));
#1620=CARTESIAN_POINT('',(-0.0131424091227943,-0.0129971018193184,0.036));
#1621=CARTESIAN_POINT('',(-0.0129999999752301,-0.0129999999766331,0.036));
#1622=CARTESIAN_POINT('',(-0.012999999976633,0.0129999999752301,0.036));
#1623=CARTESIAN_POINT('',(-0.0130461830669581,0.0129999999560371,0.036));
#1624=CARTESIAN_POINT('',(-0.0131961754092464,0.0130008611031547,0.0360006386319766));
#1625=CARTESIAN_POINT('',(-0.0134755027150407,0.0130033107240449,0.0359959998410041));
#1626=CARTESIAN_POINT('',(-0.013598295912802,0.0130036839719072,0.0359913176389581));
#1627=CARTESIAN_POINT('',(-0.013764393165745,0.0130034692360514,0.0359831037305876));
#1628=CARTESIAN_POINT('',(-0.0139530123767034,0.0129999067065257,0.0359686600680821));
#1629=CARTESIAN_POINT('',(-0.0141840290205541,0.0129964577284762,0.035942068306324));
#1630=CARTESIAN_POINT('',(-0.0143463762568305,0.0129969667263803,0.0359172635127693));
#1631=CARTESIAN_POINT('',(-0.0145321868343247,0.0129979632102633,0.0358835152504237));
#1632=CARTESIAN_POINT('',(-0.0147968981607828,0.0129996877667305,0.0358238431509766));
#1633=CARTESIAN_POINT('',(-0.014892929419491,0.0129999614333301,0.035797303263216));
#1634=CARTESIAN_POINT('',(-0.0151098405029622,0.0130002767154937,0.0357310912551202));
#1635=CARTESIAN_POINT('',(-0.0152895816007035,0.013000542769369,0.0356684134857375));
#1636=CARTESIAN_POINT('',(-0.0154508769350018,0.0130007531573896,0.0356049940379278));
#1637=CARTESIAN_POINT('',(-0.015603706142998,0.0130009353991759,0.035536643447499));
#1638=CARTESIAN_POINT('',(-0.0156385429795122,0.0130009335721126,0.0355202624685514));
#1639=CARTESIAN_POINT('',(-0.0157848075669374,0.0130009022910631,0.0354502978151998));
#1640=CARTESIAN_POINT('',(-0.0159765619048393,0.0130007506116045,0.0353455306655767));
#1641=CARTESIAN_POINT('',(-0.0161690451741343,0.0130005682433139,0.0352245050603249));
#1642=CARTESIAN_POINT('',(-0.0162957609275791,0.0130004337874697,0.0351370472134124));
#1643=CARTESIAN_POINT('',(-0.0164144892847258,0.013000297325895,0.0350470814329242));
#1644=CARTESIAN_POINT('',(-0.0164946003211471,0.013000199537777,0.0349826768783593));
#1645=CARTESIAN_POINT('',(-0.0165799679616585,0.0130001373277542,0.0349107203360761));
#1646=CARTESIAN_POINT('',(-0.0167900319207279,0.0130000935922124,0.0347198128479853));
#1647=CARTESIAN_POINT('',(-0.0170833133054888,0.01300060328445,0.0343858893105137));
#1648=CARTESIAN_POINT('',(-0.0173561974981029,0.0130013019072232,0.0339733258849241));
#1649=CARTESIAN_POINT('',(-0.0175612850475315,0.01300073497363,0.0335677398043624));
#1650=CARTESIAN_POINT('',(-0.0177062845061739,0.0130002382525925,0.0331887344387583));
#1651=CARTESIAN_POINT('',(-0.0177707554166892,0.0130000830794712,0.0329842252998991));
#1652=CARTESIAN_POINT('',(-0.0178149630020135,0.0130000240617153,0.0328237800373493));
#1653=CARTESIAN_POINT('',(-0.0178346509119188,0.0130000136057922,0.032745985831924));
#1654=CARTESIAN_POINT('',(-0.017857729622828,0.0130000322767664,0.0326485861262717));
#1655=CARTESIAN_POINT('',(-0.0178901965594683,0.013000054148848,0.0324972418504828));
#1656=CARTESIAN_POINT('',(-0.017928101558592,0.0130000635218228,0.0322854552003405));
#1657=CARTESIAN_POINT('',(-0.0179597901382819,0.0130000383217683,0.0320431029900311));
#1658=CARTESIAN_POINT('',(-0.0179739846892556,0.0129998567657,0.0318763008985243));
#1659=CARTESIAN_POINT('',(-0.0179769708912781,0.0129998250315004,0.0318409719897035));
#1660=CARTESIAN_POINT('',(-0.0179885449754096,0.012999171723699,0.031672742803331));
#1661=CARTESIAN_POINT('',(-0.0179993970323656,0.0129971608485986,0.031404734234958));
#1662=CARTESIAN_POINT('',(-0.0180000000000053,0.0129965100893857,0.0311447105600712));
#1663=CARTESIAN_POINT('',(-0.018,0.0129999999528915,0.0309999999828008));
#1664=CARTESIAN_POINT('',(0.0101805961279041,-0.0154465940841065,0.000254523047732512));
#1665=CARTESIAN_POINT('',(0.0104437271097849,-0.0152756742927859,0.000197985251875301));
#1666=CARTESIAN_POINT('',(0.0109690485862165,-0.0149340928203666,8.73969276703446E-5));
#1667=CARTESIAN_POINT('',(0.0116825957550247,-0.0143592120931789,3.50305133570011E-5));
#1668=CARTESIAN_POINT('',(0.0123682384799702,-0.0137196289558397,-3.91884108433358E-7));
#1669=CARTESIAN_POINT('',(0.0129774509780817,-0.0129777487216419,1.75144751355695E-7));
#1670=CARTESIAN_POINT('',(0.0137180980033633,-0.0123646263431169,-4.16980020341399E-7));
#1671=CARTESIAN_POINT('',(0.0143545119515204,-0.0116775843527145,3.27827448968433E-5));
#1672=CARTESIAN_POINT('',(0.01493063330688,-0.0109599644612474,9.17515195857873E-5));
#1673=CARTESIAN_POINT('',(0.0152733267398245,-0.0104336237979726,0.000201098243295652));
#1674=CARTESIAN_POINT('',(0.0154449160582154,-0.0101700461795851,0.000257582610807518));
#1675=CARTESIAN_POINT('',(0.0102872101352974,-0.0155531393584297,0.00030658351910759));
#1676=CARTESIAN_POINT('',(0.0105516759705279,-0.0153836877975878,0.000250143316609147));
#1677=CARTESIAN_POINT('',(0.011076891574034,-0.0150401513034593,0.000133006762609829));
#1678=CARTESIAN_POINT('',(0.0118000880262576,-0.014477752111343,6.83945104323807E-5));
#1679=CARTESIAN_POINT('',(0.012481576455161,-0.0138278910994924,8.95107455044621E-6));
#1680=CARTESIAN_POINT('',(0.0131041487042978,-0.0131032078176659,-4.64225031690871E-6));
#1681=CARTESIAN_POINT('',(0.013826609681445,-0.0124779587081834,9.03698967161639E-6));
#1682=CARTESIAN_POINT('',(0.0144734382087464,-0.0117957633892219,6.63785591149733E-5));
#1683=CARTESIAN_POINT('',(0.0150373402684515,-0.011068088976161,0.000137209004824475));
#1684=CARTESIAN_POINT('',(0.0153817236926342,-0.0105421513795978,0.000252857279526819));
#1685=CARTESIAN_POINT('',(0.0155519848321426,-0.0102772058371703,0.000309297817991485));
#1686=CARTESIAN_POINT('',(0.0105006768757946,-0.0157662219447818,0.000410811274882131));
#1687=CARTESIAN_POINT('',(0.0107637871963953,-0.0155973939173789,0.000356434589183661));
#1688=CARTESIAN_POINT('',(0.011300342456449,-0.0152548788337427,0.000225707012595165));
#1689=CARTESIAN_POINT('',(0.0120263410784957,-0.0147100579456346,0.000126617559516384));
#1690=CARTESIAN_POINT('',(0.0127203630434451,-0.014056476135945,3.10979080679593E-5));
#1691=CARTESIAN_POINT('',(0.0133606492834074,-0.0133587850173863,-1.52117993947051E-5));
#1692=CARTESIAN_POINT('',(0.0140541612692169,-0.0127169440819633,3.10171261251771E-5));
#1693=CARTESIAN_POINT('',(0.0147080666280652,-0.0120234987179747,0.000125878891276652));
#1694=CARTESIAN_POINT('',(0.0152521167748476,-0.0112916061117367,0.000229654827317293));
#1695=CARTESIAN_POINT('',(0.0155967162789078,-0.0107556952515041,0.000358294785579335));
#1696=CARTESIAN_POINT('',(0.0157660708292852,-0.0104917539384256,0.000412808227941114));
#1697=CARTESIAN_POINT('',(0.0109157647922763,-0.0161807570355759,0.00063963051059886));
#1698=CARTESIAN_POINT('',(0.0111874025312533,-0.0160247204358901,0.000564673498379956));
#1699=CARTESIAN_POINT('',(0.0117255370382213,-0.0156908162262109,0.000454037484461687));
#1700=CARTESIAN_POINT('',(0.0124914614607347,-0.0151630962680954,0.000272911222430195));
#1701=CARTESIAN_POINT('',(0.0132122804210389,-0.0145313056866335,9.02542232412559E-5));
#1702=CARTESIAN_POINT('',(0.0138706912844861,-0.0138680192600113,3.41454710997904E-6));
#1703=CARTESIAN_POINT('',(0.0145312397054429,-0.013210258129656,9.03954182002432E-5));
#1704=CARTESIAN_POINT('',(0.0151630396851382,-0.0124886820127739,0.00027262411849371));
#1705=CARTESIAN_POINT('',(0.0156905836787258,-0.0117213623849277,0.00045352702438277));
#1706=CARTESIAN_POINT('',(0.0160259327438657,-0.0111808335451585,0.000565191283931499));
#1707=CARTESIAN_POINT('',(0.0161824126607184,-0.0109087803257641,0.00064043304785827));
#1708=CARTESIAN_POINT('',(0.0113984472764494,-0.0166303180915625,0.0010215282278665));
#1709=CARTESIAN_POINT('',(0.0116819274843061,-0.0164920415533187,0.000938998594426542));
#1710=CARTESIAN_POINT('',(0.012243939334096,-0.0162117072163771,0.000773853117085615));
#1711=CARTESIAN_POINT('',(0.0130678754225767,-0.0157247429465334,0.000483386091481235));
#1712=CARTESIAN_POINT('',(0.0138225983551061,-0.015134792263708,0.000228847348241304));
#1713=CARTESIAN_POINT('',(0.0144866170883614,-0.0144848347784405,0.000150450201838184));
#1714=CARTESIAN_POINT('',(0.0151371394233847,-0.0138217020303787,0.000229335542245415));
#1715=CARTESIAN_POINT('',(0.0157270549740742,-0.0130652811772624,0.000484757568095937));
#1716=CARTESIAN_POINT('',(0.0162116323702724,-0.0122401308591656,0.000773929997083039));
#1717=CARTESIAN_POINT('',(0.0164943271377843,-0.0116777179911051,0.000940042166191682));
#1718=CARTESIAN_POINT('',(0.0166335171339964,-0.0113941506168962,0.00102280546518734));
#1719=CARTESIAN_POINT('',(0.011898470626917,-0.01711734877739,0.00157366572487376));
#1720=CARTESIAN_POINT('',(0.0121990204997727,-0.0169997820725237,0.00147357960467365));
#1721=CARTESIAN_POINT('',(0.0128137506666118,-0.0168017071441257,0.00125358075036247));
#1722=CARTESIAN_POINT('',(0.0136929496293207,-0.0164160464757304,0.000881241567237106));
#1723=CARTESIAN_POINT('',(0.014460631538115,-0.015885352477526,0.000612909852596389));
#1724=CARTESIAN_POINT('',(0.0152013639418194,-0.0151998567919708,0.000593987038926632));
#1725=CARTESIAN_POINT('',(0.0158888218355745,-0.0144608696333794,0.000614376104974659));
#1726=CARTESIAN_POINT('',(0.0164145731180254,-0.0136907669276377,0.00088084093207621));
#1727=CARTESIAN_POINT('',(0.0168024154538026,-0.0128119668217237,0.00125377452987756));
#1728=CARTESIAN_POINT('',(0.0170018056304053,-0.0121975151535792,0.00147624282276132));
#1729=CARTESIAN_POINT('',(0.0171188697934141,-0.0118956759444209,0.00157710401025238));
#1730=CARTESIAN_POINT('',(0.0122997843923015,-0.0175202948298654,0.00226487511161367));
#1731=CARTESIAN_POINT('',(0.0126207548334275,-0.0174407764957589,0.00215463533273937));
#1732=CARTESIAN_POINT('',(0.0132774878977176,-0.0173344330566863,0.00191708198857557));
#1733=CARTESIAN_POINT('',(0.0141999354884892,-0.0170652363366146,0.00153138169123939));
#1734=CARTESIAN_POINT('',(0.015023973246467,-0.0164818242091429,0.00131999242257861));
#1735=CARTESIAN_POINT('',(0.0157983643005696,-0.0157973727228845,0.00123709904634907));
#1736=CARTESIAN_POINT('',(0.0164839814560691,-0.0150230036015335,0.00131794071121271));
#1737=CARTESIAN_POINT('',(0.0170648115955605,-0.0141975331338564,0.00152880433363104));
#1738=CARTESIAN_POINT('',(0.0173352089622064,-0.0132734999607568,0.00191883403794764));
#1739=CARTESIAN_POINT('',(0.0174414633865511,-0.0126153322763413,0.00215573640638411));
#1740=CARTESIAN_POINT('',(0.0175215972610331,-0.0122939973012331,0.00226673520669382));
#1741=CARTESIAN_POINT('',(0.0125494287780064,-0.0177691752844313,0.00294202155713883));
#1742=CARTESIAN_POINT('',(0.0128818770328947,-0.0177224758950013,0.00283836250698007));
#1743=CARTESIAN_POINT('',(0.013559500156727,-0.0176838779703328,0.00260580009712131));
#1744=CARTESIAN_POINT('',(0.0144921390742616,-0.0173560403992962,0.00229345519688538));
#1745=CARTESIAN_POINT('',(0.0153699926155231,-0.0168577280536207,0.00203326423553383));
#1746=CARTESIAN_POINT('',(0.0161690563933816,-0.0161678944165001,0.00196210459089387));
#1747=CARTESIAN_POINT('',(0.0168577313533247,-0.0153686971299327,0.00203203357249922));
#1748=CARTESIAN_POINT('',(0.0173580954521171,-0.0144894376515833,0.00229048106159346));
#1749=CARTESIAN_POINT('',(0.0176848019368335,-0.0135560022834494,0.00260856898098686));
#1750=CARTESIAN_POINT('',(0.017722771805476,-0.0128774678611596,0.00283962986456651));
#1751=CARTESIAN_POINT('',(0.017769609445799,-0.0125451348422085,0.00294315285288853));
#1752=CARTESIAN_POINT('',(0.0127152215433247,-0.0179030316808775,0.00353511393596625));
#1753=CARTESIAN_POINT('',(0.0130497337470666,-0.0178824687911733,0.00343961923362542));
#1754=CARTESIAN_POINT('',(0.0137120432164149,-0.0178582170572692,0.00323079787095447));
#1755=CARTESIAN_POINT('',(0.0146716074443956,-0.017558987347744,0.00289552604150507));
#1756=CARTESIAN_POINT('',(0.0155799924265758,-0.0170801756467871,0.00266246228498249));
#1757=CARTESIAN_POINT('',(0.0163999172122814,-0.0163989582489087,0.00257412963332627));
#1758=CARTESIAN_POINT('',(0.0170798827767113,-0.015578031183289,0.00266050411638496));
#1759=CARTESIAN_POINT('',(0.0175587898237761,-0.0146693829047909,0.00289365928971631));
#1760=CARTESIAN_POINT('',(0.017858796958146,-0.0137088264261385,0.00323206003504138));
#1761=CARTESIAN_POINT('',(0.0178823933784014,-0.0130458983698967,0.00344002054365412));
#1762=CARTESIAN_POINT('',(0.0179030772425463,-0.0127110290083232,0.00353495018516796));
#1763=CARTESIAN_POINT('',(0.0128214565853257,-0.0179699898061599,0.00400499089211584));
#1764=CARTESIAN_POINT('',(0.0131473023158875,-0.0179591587080594,0.0039144740634898));
#1765=CARTESIAN_POINT('',(0.0138065021855045,-0.0179477043610138,0.00369964418192155));
#1766=CARTESIAN_POINT('',(0.0147798666837166,-0.0176736107666183,0.00337152186853381));
#1767=CARTESIAN_POINT('',(0.0157090422587589,-0.0172168350837828,0.00313993955419764));
#1768=CARTESIAN_POINT('',(0.0165415224990607,-0.0165396969440346,0.00305297775519694));
#1769=CARTESIAN_POINT('',(0.0172153398609673,-0.0157067590833192,0.00313783866609885));
#1770=CARTESIAN_POINT('',(0.0176729462022686,-0.0147777338141906,0.0033691629144852));
#1771=CARTESIAN_POINT('',(0.0179481429905829,-0.0138039044455344,0.00369972196666905));
#1772=CARTESIAN_POINT('',(0.017958989481987,-0.0131442281552906,0.0039138141294756));
#1773=CARTESIAN_POINT('',(0.0179700045644851,-0.0128163898543926,0.00400513823523835));
#1774=CARTESIAN_POINT('',(0.0129058565106551,-0.0179989876452637,0.00448797449639203));
#1775=CARTESIAN_POINT('',(0.0132341336476292,-0.0179960940003646,0.00438712578059183));
#1776=CARTESIAN_POINT('',(0.0138912717067111,-0.017994524923198,0.00417341281796409));
#1777=CARTESIAN_POINT('',(0.0148693158799715,-0.0177479902795514,0.00385180291995151));
#1778=CARTESIAN_POINT('',(0.015813604194624,-0.0173249660975082,0.00362715797731411));
#1779=CARTESIAN_POINT('',(0.0166524237910181,-0.0166490559758302,0.00353706984714331));
#1780=CARTESIAN_POINT('',(0.0173226345557157,-0.015810360878087,0.00362462556517875));
#1781=CARTESIAN_POINT('',(0.0177473955875644,-0.014868589262113,0.00384888389378541));
#1782=CARTESIAN_POINT('',(0.0179942479022342,-0.0138870558334723,0.00417228893738142));
#1783=CARTESIAN_POINT('',(0.017996127040174,-0.0132296495778848,0.0043863534376473));
#1784=CARTESIAN_POINT('',(0.0179990406166789,-0.0129019941673067,0.00448732068134798));
#1785=CARTESIAN_POINT('',(0.0129892960214265,-0.0180005382557756,0.00497047623894384));
#1786=CARTESIAN_POINT('',(0.0133219754601004,-0.0180014265652775,0.00486059719529976));
#1787=CARTESIAN_POINT('',(0.0139761852953326,-0.0179984550145707,0.00464280610728222));
#1788=CARTESIAN_POINT('',(0.0149435205970674,-0.0178095153005767,0.00434008767468943));
#1789=CARTESIAN_POINT('',(0.0159005073939958,-0.0173893409121022,0.00411732470051336));
#1790=CARTESIAN_POINT('',(0.0167337960371664,-0.0167264520001841,0.0040260179310928));
#1791=CARTESIAN_POINT('',(0.0173848294109578,-0.0158961156208143,0.00411453707167066));
#1792=CARTESIAN_POINT('',(0.0178093855957653,-0.0149448504389875,0.00433621972428602));
#1793=CARTESIAN_POINT('',(0.0179993720406739,-0.0139700195152833,0.00464164616795041));
#1794=CARTESIAN_POINT('',(0.0180012691840427,-0.0133168751416068,0.00486002526906124));
#1795=CARTESIAN_POINT('',(0.0180005156129092,-0.0129881375783791,0.0049696291439534));
#1796=CARTESIAN_POINT('',(0.01309718000235,-0.0179991553947945,0.00543577053414078));
#1797=CARTESIAN_POINT('',(0.0134262837986231,-0.0180001769259409,0.00533297615892123));
#1798=CARTESIAN_POINT('',(0.0140812020510567,-0.0179785309307259,0.00511625696449774));
#1799=CARTESIAN_POINT('',(0.015031487215475,-0.0177932318364421,0.0048211224882156));
#1800=CARTESIAN_POINT('',(0.0159584468091332,-0.0174058494144824,0.00461183511626195));
#1801=CARTESIAN_POINT('',(0.016792847825591,-0.0167817906709568,0.00451429273113724));
#1802=CARTESIAN_POINT('',(0.0174071622689587,-0.0159541585720228,0.00460844569223117));
#1803=CARTESIAN_POINT('',(0.0177926829864448,-0.0150346879325394,0.0048172700595338));
#1804=CARTESIAN_POINT('',(0.0179792878377282,-0.0140778405698088,0.0051144820029331));
#1805=CARTESIAN_POINT('',(0.0179999544511223,-0.0134212599484275,0.00533196708661665));
#1806=CARTESIAN_POINT('',(0.0179993281116798,-0.0130948477519494,0.00543499568082147));
#1807=CARTESIAN_POINT('',(0.0131665948480419,-0.0180052440102623,0.00574293055251762));
#1808=CARTESIAN_POINT('',(0.0134974861434076,-0.0180105570935494,0.00564340268145677));
#1809=CARTESIAN_POINT('',(0.0141524854903873,-0.0179738025832613,0.00543565237331716));
#1810=CARTESIAN_POINT('',(0.0150940308115363,-0.0177662724649324,0.00514447263805184));
#1811=CARTESIAN_POINT('',(0.0159964376572726,-0.0173760454808475,0.00494115286293141));
#1812=CARTESIAN_POINT('',(0.0167894225627326,-0.0167757562454887,0.00485090525414163));
#1813=CARTESIAN_POINT('',(0.0173784377262387,-0.0159892844313496,0.00493835928936544));
#1814=CARTESIAN_POINT('',(0.0177642479868893,-0.0150991627370024,0.0051405816536092));
#1815=CARTESIAN_POINT('',(0.0179750295443373,-0.014151366062121,0.00543344039951195));
#1816=CARTESIAN_POINT('',(0.0180096356084122,-0.0134933134547088,0.00564238429302781));
#1817=CARTESIAN_POINT('',(0.0180073837676504,-0.0131658720153505,0.00574263867762177));
#1818=CARTESIAN_POINT('',(0.0132019723209853,-0.0180089301067733,0.00589824090627052));
#1819=CARTESIAN_POINT('',(0.0135318205052783,-0.0180062234613266,0.00579751641684164));
#1820=CARTESIAN_POINT('',(0.0141878866849705,-0.0179805927864514,0.00559414498524615));
#1821=CARTESIAN_POINT('',(0.0151224685145983,-0.0177600243100764,0.00530719025711638));
#1822=CARTESIAN_POINT('',(0.0160200468022204,-0.0173620643803999,0.00510470006928267));
#1823=CARTESIAN_POINT('',(0.0167874222687885,-0.0167729397228793,0.00502378579274694));
#1824=CARTESIAN_POINT('',(0.0173651967683538,-0.0160109482426712,0.00510232509317847));
#1825=CARTESIAN_POINT('',(0.0177581033582285,-0.0151285138682286,0.0053032573463099));
#1826=CARTESIAN_POINT('',(0.0179815183378196,-0.0141866712375583,0.00559177068612065));
#1827=CARTESIAN_POINT('',(0.0180057994320817,-0.0135289200767686,0.00579654879163465));
#1828=CARTESIAN_POINT('',(0.0180109197143731,-0.0132014878983265,0.0058979244760426));
#1829=CARTESIAN_POINT('',(0.0154465940841068,0.0101805961279028,0.000254523047736388));
#1830=CARTESIAN_POINT('',(0.0152756742927863,0.0104437271097836,0.00019798525187886));
#1831=CARTESIAN_POINT('',(0.0149340928203672,0.0109690485862153,8.73969276735448E-5));
#1832=CARTESIAN_POINT('',(0.0143592120931797,0.0116825957550236,3.50305133575931E-5));
#1833=CARTESIAN_POINT('',(0.0137196289558409,0.0123682384799694,-3.91884108164043E-7));
#1834=CARTESIAN_POINT('',(0.0129777487216429,0.0129774509780808,1.75144751207376E-7));
#1835=CARTESIAN_POINT('',(0.0123646263431174,0.0137180980033621,-4.16980020011802E-7));
#1836=CARTESIAN_POINT('',(0.0116775843527144,0.0143545119515188,3.27827448988682E-5));
#1837=CARTESIAN_POINT('',(0.0109599644612464,0.0149306333068772,9.17515195881726E-5));
#1838=CARTESIAN_POINT('',(0.0104336237979709,0.0152733267398206,0.000201098243299398));
#1839=CARTESIAN_POINT('',(0.0101700461795831,0.0154449160582109,0.000257582610811766));
#1840=CARTESIAN_POINT('',(0.0155531393584301,0.0102872101352961,0.000306583519111286));
#1841=CARTESIAN_POINT('',(0.0153836877975882,0.0105516759705267,0.000250143316612483));
#1842=CARTESIAN_POINT('',(0.0150401513034598,0.0110768915740328,0.000133006762612943));
#1843=CARTESIAN_POINT('',(0.0144777521113438,0.0118000880262566,6.83945104329045E-5));
#1844=CARTESIAN_POINT('',(0.0138278910994935,0.0124815764551602,8.95107455092369E-6));
#1845=CARTESIAN_POINT('',(0.0131032078176669,0.0131041487042969,-4.6422503171481E-6));
#1846=CARTESIAN_POINT('',(0.0124779587081839,0.0138266096814438,9.03698967204096E-6));
#1847=CARTESIAN_POINT('',(0.0117957633892219,0.0144734382087448,6.63785591164924E-5));
#1848=CARTESIAN_POINT('',(0.0110680889761601,0.0150373402684487,0.00013720900482698));
#1849=CARTESIAN_POINT('',(0.0105421513795961,0.0153817236926302,0.000252857279530366));
#1850=CARTESIAN_POINT('',(0.0102772058371683,0.0155519848321381,0.000309297817995664));
#1851=CARTESIAN_POINT('',(0.0157662219447821,0.0105006768757934,0.000410811274885467));
#1852=CARTESIAN_POINT('',(0.0155973939173794,0.0107637871963941,0.00035643458918659));
#1853=CARTESIAN_POINT('',(0.0152548788337433,0.0113003424564479,0.000225707012597846));
#1854=CARTESIAN_POINT('',(0.0147100579456354,0.0120263410784948,0.000126617559517379));
#1855=CARTESIAN_POINT('',(0.0140564761359461,0.0127203630434443,3.10979080682277E-5));
#1856=CARTESIAN_POINT('',(0.0133587850173872,0.0133606492834066,-1.52117993949961E-5));
#1857=CARTESIAN_POINT('',(0.012716944081964,0.0140541612692158,3.10171261253314E-5));
#1858=CARTESIAN_POINT('',(0.0120234987179747,0.0147080666280637,0.000125878891277905));
#1859=CARTESIAN_POINT('',(0.0112916061117359,0.015252116774845,0.00022965482731935));
#1860=CARTESIAN_POINT('',(0.0107556952515025,0.0155967162789039,0.000358294785582858));
#1861=CARTESIAN_POINT('',(0.0104917539384236,0.0157660708292808,0.000412808227945073));
#1862=CARTESIAN_POINT('',(0.0161807570355763,0.0109157647922753,0.00063963051060144));
#1863=CARTESIAN_POINT('',(0.0160247204358904,0.0111874025312525,0.000564673498382459));
#1864=CARTESIAN_POINT('',(0.0156908162262116,0.0117255370382204,0.000454037484462845));
#1865=CARTESIAN_POINT('',(0.0151630962680962,0.012491461460734,0.000272911222430777));
#1866=CARTESIAN_POINT('',(0.0145313056866345,0.0132122804210382,9.02542232413413E-5));
#1867=CARTESIAN_POINT('',(0.0138680192600123,0.0138706912844855,3.41454710929079E-6));
#1868=CARTESIAN_POINT('',(0.0132102581296569,0.0145312397054421,9.03954181996486E-5));
#1869=CARTESIAN_POINT('',(0.012488682012774,0.015163039685137,0.00027262411849434));
#1870=CARTESIAN_POINT('',(0.011721362384927,0.0156905836787233,0.000453527024384899));
#1871=CARTESIAN_POINT('',(0.011180833545157,0.016025932743862,0.00056519128393444));
#1872=CARTESIAN_POINT('',(0.0109087803257622,0.016182412660714,0.00064043304786192));
#1873=CARTESIAN_POINT('',(0.0166303180915634,0.0113984472764487,0.00102152822786746));
#1874=CARTESIAN_POINT('',(0.0164920415533198,0.0116819274843054,0.000938998594427173));
#1875=CARTESIAN_POINT('',(0.0162117072163779,0.0122439393340955,0.000773853117086098));
#1876=CARTESIAN_POINT('',(0.0157247429465342,0.0130678754225761,0.00048338609148168));
#1877=CARTESIAN_POINT('',(0.0151347922637091,0.0138225983551056,0.000228847348241067));
#1878=CARTESIAN_POINT('',(0.0144848347784415,0.0144866170883612,0.000150450201837045));
#1879=CARTESIAN_POINT('',(0.01382170203038,0.0151371394233844,0.000229335542243816));
#1880=CARTESIAN_POINT('',(0.0130652811772631,0.0157270549740735,0.000484757568095265));
#1881=CARTESIAN_POINT('',(0.0122401308591651,0.0162116323702703,0.000773929997084469));
#1882=CARTESIAN_POINT('',(0.011677717991104,0.0164943271377806,0.00094004216619456));
#1883=CARTESIAN_POINT('',(0.0113941506168946,0.016633517133992,0.0010228054651907));
#1884=CARTESIAN_POINT('',(0.0171173487773911,0.0118984706269166,0.00157366572487432));
#1885=CARTESIAN_POINT('',(0.0169997820725246,0.0121990204997722,0.00147357960467419));
#1886=CARTESIAN_POINT('',(0.0168017071441264,0.0128137506666114,0.00125358075036312));
#1887=CARTESIAN_POINT('',(0.016416046475731,0.0136929496293201,0.00088124156723772));
#1888=CARTESIAN_POINT('',(0.015885352477527,0.014460631538115,0.000612909852595982));
#1889=CARTESIAN_POINT('',(0.0151998567919721,0.0152013639418198,0.00059398703892526));
#1890=CARTESIAN_POINT('',(0.0144608696333808,0.0158888218355754,0.000614376104972442));
#1891=CARTESIAN_POINT('',(0.0136907669276391,0.0164145731180259,0.000880840932074006));
#1892=CARTESIAN_POINT('',(0.0128119668217239,0.0168024154538017,0.00125377452987729));
#1893=CARTESIAN_POINT('',(0.0121975151535784,0.0170018056304026,0.00147624282276258));
#1894=CARTESIAN_POINT('',(0.0118956759444195,0.0171188697934104,0.00157710401025443));
#1895=CARTESIAN_POINT('',(0.0175202948298658,0.0122997843923011,0.00226487511161452));
#1896=CARTESIAN_POINT('',(0.0174407764957593,0.0126207548334271,0.00215463533274017));
#1897=CARTESIAN_POINT('',(0.0173344330566867,0.0132774878977171,0.00191708198857638));
#1898=CARTESIAN_POINT('',(0.0170652363366148,0.0141999354884889,0.00153138169124021));
#1899=CARTESIAN_POINT('',(0.0164818242091433,0.0150239732464673,0.00131999242257846));
#1900=CARTESIAN_POINT('',(0.0157973727228857,0.0157983643005705,0.00123709904634762));
#1901=CARTESIAN_POINT('',(0.015023003601535,0.0164839814560705,0.00131794071121037));
#1902=CARTESIAN_POINT('',(0.0141975331338581,0.0170648115955627,0.00152880433362809));
#1903=CARTESIAN_POINT('',(0.0132734999607578,0.0173352089622069,0.00191883403794635));
#1904=CARTESIAN_POINT('',(0.012615332276341,0.0174414633865497,0.00215573640638395));
#1905=CARTESIAN_POINT('',(0.0122939973012324,0.0175215972610307,0.00226673520669426));
#1906=CARTESIAN_POINT('',(0.0177691752844312,0.012549428778006,0.0029420215571398));
#1907=CARTESIAN_POINT('',(0.0177224758950015,0.0128818770328943,0.00283836250698091));
#1908=CARTESIAN_POINT('',(0.0176838779703334,0.0135595001567267,0.00260580009712196));
#1909=CARTESIAN_POINT('',(0.0173560403992963,0.0144921390742616,0.00229345519688585));
#1910=CARTESIAN_POINT('',(0.0168577280536213,0.0153699926155233,0.00203326423553357));
#1911=CARTESIAN_POINT('',(0.016167894416501,0.0161690563933824,0.00196210459089273));
#1912=CARTESIAN_POINT('',(0.0153686971299341,0.0168577313533263,0.00203203357249727));
#1913=CARTESIAN_POINT('',(0.0144894376515849,0.0173580954521191,0.00229048106159122));
#1914=CARTESIAN_POINT('',(0.0135560022834504,0.0176848019368348,0.00260856898098544));
#1915=CARTESIAN_POINT('',(0.0128774678611597,0.0177227718054754,0.00283962986456582));
#1916=CARTESIAN_POINT('',(0.0125451348422081,0.0177696094457977,0.00294315285288816));
#1917=CARTESIAN_POINT('',(0.0179030316808773,0.0127152215433244,0.00353511393596719));
#1918=CARTESIAN_POINT('',(0.0178824687911736,0.0130497337470664,0.00343961923362622));
#1919=CARTESIAN_POINT('',(0.01785821705727,0.0137120432164148,0.00323079787095502));
#1920=CARTESIAN_POINT('',(0.0175589873477446,0.0146716074443955,0.00289552604150535));
#1921=CARTESIAN_POINT('',(0.0170801756467876,0.0155799924265761,0.00266246228498233));
#1922=CARTESIAN_POINT('',(0.0163989582489095,0.0163999172122822,0.00257412963332541));
#1923=CARTESIAN_POINT('',(0.01557803118329,0.0170798827767125,0.00266050411638348));
#1924=CARTESIAN_POINT('',(0.0146693829047921,0.0175587898237778,0.0028936592897147));
#1925=CARTESIAN_POINT('',(0.0137088264261393,0.0178587969581474,0.00323206003504017));
#1926=CARTESIAN_POINT('',(0.0130458983698969,0.0178823933784014,0.00344002054365332));
#1927=CARTESIAN_POINT('',(0.0127110290083231,0.0179030772425455,0.00353495018516728));
#1928=CARTESIAN_POINT('',(0.0179699898061597,0.0128214565853255,0.00400499089211673));
#1929=CARTESIAN_POINT('',(0.0179591587080596,0.0131473023158874,0.00391447406349058));
#1930=CARTESIAN_POINT('',(0.0179477043610149,0.0138065021855044,0.00369964418192208));
#1931=CARTESIAN_POINT('',(0.0176736107666187,0.0147798666837166,0.00337152186853409));
#1932=CARTESIAN_POINT('',(0.0172168350837833,0.015709042258759,0.00313993955419755));
#1933=CARTESIAN_POINT('',(0.0165396969440352,0.0165415224990612,0.00305297775519632));
#1934=CARTESIAN_POINT('',(0.0157067590833199,0.0172153398609682,0.00313783866609774));
#1935=CARTESIAN_POINT('',(0.0147777338141914,0.0176729462022698,0.003369162914484));
#1936=CARTESIAN_POINT('',(0.013803904445535,0.0179481429905843,0.00369972196666804));
#1937=CARTESIAN_POINT('',(0.0131442281552908,0.0179589894819871,0.00391381412947482));
#1938=CARTESIAN_POINT('',(0.0128163898543925,0.0179700045644846,0.00400513823523759));
#1939=CARTESIAN_POINT('',(0.0179989876452636,0.012905856510655,0.00448797449639287));
#1940=CARTESIAN_POINT('',(0.0179960940003649,0.0132341336476292,0.00438712578059257));
#1941=CARTESIAN_POINT('',(0.0179945249231991,0.013891271706711,0.00417341281796467));
#1942=CARTESIAN_POINT('',(0.0177479902795515,0.0148693158799715,0.0038518029199518));
#1943=CARTESIAN_POINT('',(0.0173249660975086,0.0158136041946241,0.00362715797731414));
#1944=CARTESIAN_POINT('',(0.0166490559758305,0.0166524237910183,0.00353706984714292));
#1945=CARTESIAN_POINT('',(0.0158103608780875,0.0173226345557162,0.00362462556517799));
#1946=CARTESIAN_POINT('',(0.0148685892621134,0.017747395587565,0.00384888389378457));
#1947=CARTESIAN_POINT('',(0.0138870558334725,0.0179942479022352,0.00417228893738065));
#1948=CARTESIAN_POINT('',(0.0132296495778848,0.0179961270401743,0.00438635343764654));
#1949=CARTESIAN_POINT('',(0.0129019941673066,0.0179990406166788,0.0044873206813472));
#1950=CARTESIAN_POINT('',(0.0180005382557756,0.0129892960214265,0.00497047623894463));
#1951=CARTESIAN_POINT('',(0.0180014265652774,0.0133219754601005,0.00486059719530049));
#1952=CARTESIAN_POINT('',(0.0179984550145705,0.0139761852953326,0.00464280610728283));
#1953=CARTESIAN_POINT('',(0.017809515300577,0.0149435205970674,0.00434008767468981));
#1954=CARTESIAN_POINT('',(0.0173893409121024,0.0159005073939958,0.00411732470051347));
#1955=CARTESIAN_POINT('',(0.0167264520001842,0.0167337960371665,0.00402601793109267));
#1956=CARTESIAN_POINT('',(0.0158961156208145,0.0173848294109579,0.00411453707167014));
#1957=CARTESIAN_POINT('',(0.0149448504389876,0.0178093855957655,0.00433621972428551));
#1958=CARTESIAN_POINT('',(0.0139700195152832,0.0179993720406738,0.00464164616794983));
#1959=CARTESIAN_POINT('',(0.0133168751416067,0.0180012691840426,0.00486002526906053));
#1960=CARTESIAN_POINT('',(0.0129881375783789,0.0180005156129092,0.00496962914395263));
#1961=CARTESIAN_POINT('',(0.0179991553947944,0.0130971800023502,0.00543577053414155));
#1962=CARTESIAN_POINT('',(0.0180001769259411,0.0134262837986233,0.00533297615892195));
#1963=CARTESIAN_POINT('',(0.0179785309307259,0.0140812020510569,0.00511625696449835));
#1964=CARTESIAN_POINT('',(0.017793231836442,0.015031487215475,0.00482112248821607));
#1965=CARTESIAN_POINT('',(0.0174058494144824,0.0159584468091333,0.0046118351162622));
#1966=CARTESIAN_POINT('',(0.0167817906709568,0.0167928478255909,0.00451429273113728));
#1967=CARTESIAN_POINT('',(0.0159541585720227,0.0174071622689587,0.004608445692231));
#1968=CARTESIAN_POINT('',(0.0150346879325393,0.0177926829864447,0.00481727005953347));
#1969=CARTESIAN_POINT('',(0.0140778405698086,0.0179792878377283,0.00511448200293256));
#1970=CARTESIAN_POINT('',(0.0134212599484273,0.0179999544511224,0.00533196708661603));
#1971=CARTESIAN_POINT('',(0.0130948477519492,0.0179993281116797,0.00543499568082081));
#1972=CARTESIAN_POINT('',(0.0180052440102616,0.0131665948480421,0.00574293055251841));
#1973=CARTESIAN_POINT('',(0.018010557093549,0.0134974861434078,0.00564340268145753));
#1974=CARTESIAN_POINT('',(0.0179738025832613,0.0141524854903876,0.00543565237331779));
#1975=CARTESIAN_POINT('',(0.0177662724649324,0.0150940308115365,0.00514447263805233));
#1976=CARTESIAN_POINT('',(0.0173760454808474,0.0159964376572727,0.00494115286293171));
#1977=CARTESIAN_POINT('',(0.0167757562454887,0.0167894225627326,0.00485090525414173));
#1978=CARTESIAN_POINT('',(0.0159892844313495,0.0173784377262388,0.00493835928936533));
#1979=CARTESIAN_POINT('',(0.0150991627370022,0.0177642479868894,0.00514058165360889));
#1980=CARTESIAN_POINT('',(0.0141513660621207,0.0179750295443373,0.00543344039951146));
#1981=CARTESIAN_POINT('',(0.0134933134547084,0.0180096356084117,0.00564238429302726));
#1982=CARTESIAN_POINT('',(0.0131658720153501,0.0180073837676502,0.00574263867762119));
#1983=CARTESIAN_POINT('',(0.0180089301067726,0.0132019723209856,0.00589824090627135));
#1984=CARTESIAN_POINT('',(0.0180062234613261,0.0135318205052786,0.00579751641684241));
#1985=CARTESIAN_POINT('',(0.0179805927864512,0.0141878866849708,0.00559414498524683));
#1986=CARTESIAN_POINT('',(0.0177600243100763,0.0151224685145985,0.00530719025711692));
#1987=CARTESIAN_POINT('',(0.0173620643803999,0.0160200468022205,0.005104700069283));
#1988=CARTESIAN_POINT('',(0.0167729397228792,0.0167874222687886,0.00502378579274709));
#1989=CARTESIAN_POINT('',(0.0160109482426711,0.0173651967683539,0.0051023250931784));
#1990=CARTESIAN_POINT('',(0.0151285138682284,0.0177581033582285,0.00530325734630964));
#1991=CARTESIAN_POINT('',(0.014186671237558,0.0179815183378194,0.00559177068612025));
#1992=CARTESIAN_POINT('',(0.0135289200767682,0.0180057994320811,0.00579654879163414));
#1993=CARTESIAN_POINT('',(0.0132014878983261,0.0180109197143727,0.00589792447604208));
#1994=CARTESIAN_POINT('',(0.0131922095174547,-0.0180181709713923,0.0300818006401821));
#1995=CARTESIAN_POINT('',(0.0135221678143266,-0.018012924711367,0.0301859174007395));
#1996=CARTESIAN_POINT('',(0.0140193534659339,-0.0179816376053171,0.0303454524752221));
#1997=CARTESIAN_POINT('',(0.0146526920720351,-0.0178669467808291,0.0305424116557165));
#1998=CARTESIAN_POINT('',(0.0151140935348463,-0.0177403763893507,0.0306764712869816));
#1999=CARTESIAN_POINT('',(0.0155644054100285,-0.0175642013813911,0.0307916508672996));
#2000=CARTESIAN_POINT('',(0.0161410352832733,-0.0172680534412236,0.0309120061926335));
#2001=CARTESIAN_POINT('',(0.0167830257375191,-0.0167783223850433,0.030977344790481));
#2002=CARTESIAN_POINT('',(0.0172716676164181,-0.0161350718186576,0.0309096015967705));
#2003=CARTESIAN_POINT('',(0.0175645142031626,-0.0155628030864053,0.0307916174325057));
#2004=CARTESIAN_POINT('',(0.0177988813920167,-0.0149645149658471,0.0306392906694231));
#2005=CARTESIAN_POINT('',(0.0179750582634612,-0.0141808432488734,0.0303981049648192));
#2006=CARTESIAN_POINT('',(0.0180105145477904,-0.0135215696774616,0.0301806449047839));
#2007=CARTESIAN_POINT('',(0.0180137885999119,-0.0131921599007606,0.0300754091627868));
#2008=CARTESIAN_POINT('',(0.0131590615152775,-0.0180142247757321,0.0302398321549513));
#2009=CARTESIAN_POINT('',(0.0134891573876477,-0.0180108229587755,0.0303446410096822));
#2010=CARTESIAN_POINT('',(0.0139862583203906,-0.017983402123754,0.0305044703325001));
#2011=CARTESIAN_POINT('',(0.0146229195463515,-0.0178703169025716,0.0307051754172041));
#2012=CARTESIAN_POINT('',(0.0150876506063682,-0.0177444807552629,0.0308411210385711));
#2013=CARTESIAN_POINT('',(0.01554275391165,-0.0175713808036821,0.0309567863235842));
#2014=CARTESIAN_POINT('',(0.0161268090333612,-0.0172777796657178,0.0310778122464814));
#2015=CARTESIAN_POINT('',(0.0167899689890545,-0.0167751047161534,0.0311497133791336));
#2016=CARTESIAN_POINT('',(0.0172810794278823,-0.0161192393393852,0.0310757081631636));
#2017=CARTESIAN_POINT('',(0.0175727375497824,-0.0155413308226696,0.0309560466297069));
#2018=CARTESIAN_POINT('',(0.0178007325654195,-0.0149371754477189,0.0308028957410487));
#2019=CARTESIAN_POINT('',(0.0179753278742043,-0.014148788466889,0.030558618813087));
#2020=CARTESIAN_POINT('',(0.0180104329676071,-0.0134886223595027,0.030339160589509));
#2021=CARTESIAN_POINT('',(0.0180100024129301,-0.0131594151627312,0.0302347144665774));
#2022=CARTESIAN_POINT('',(0.0130932261947024,-0.0179988827895927,0.0305589142370123));
#2023=CARTESIAN_POINT('',(0.0134238189740069,-0.0179994106790171,0.0306583233376878));
#2024=CARTESIAN_POINT('',(0.0139214943598802,-0.0179841518019853,0.0308282318163085));
#2025=CARTESIAN_POINT('',(0.0145605658201191,-0.017884644649669,0.031031768140024));
#2026=CARTESIAN_POINT('',(0.0150311494534238,-0.0177661745817494,0.0311689478454751));
#2027=CARTESIAN_POINT('',(0.0154970768694797,-0.0176007066967436,0.0312876072822692));
#2028=CARTESIAN_POINT('',(0.0160996192379988,-0.017300944169697,0.0314118512365642));
#2029=CARTESIAN_POINT('',(0.0167988348543932,-0.0167744590990834,0.0314865611985513));
#2030=CARTESIAN_POINT('',(0.017308468021015,-0.0160864898622471,0.0314059018812858));
#2031=CARTESIAN_POINT('',(0.0176004235876113,-0.0154924710842296,0.0312841588760722));
#2032=CARTESIAN_POINT('',(0.0178220378513876,-0.0148791711436965,0.0311300517149763));
#2033=CARTESIAN_POINT('',(0.0179783370892926,-0.0140866986647642,0.0308832577292838));
#2034=CARTESIAN_POINT('',(0.0179999972016549,-0.0134242464049065,0.0306587392814483));
#2035=CARTESIAN_POINT('',(0.0179990615798427,-0.0130916833804134,0.0305522622066231));
#2036=CARTESIAN_POINT('',(0.01298960310588,-0.0180006092921616,0.031028089374));
#2037=CARTESIAN_POINT('',(0.0133193782368369,-0.0180018525443792,0.0311389528730682));
#2038=CARTESIAN_POINT('',(0.0138102168699009,-0.0180000850986842,0.0313029283552803));
#2039=CARTESIAN_POINT('',(0.0144659569675417,-0.0179025735814759,0.0315104758713332));
#2040=CARTESIAN_POINT('',(0.0149542434994502,-0.0177818231471785,0.031655840602686));
#2041=CARTESIAN_POINT('',(0.0154285364710601,-0.0175861992319467,0.0317796471225694));
#2042=CARTESIAN_POINT('',(0.0160411476715719,-0.0172629642256427,0.0319073651000624));
#2043=CARTESIAN_POINT('',(0.0167429402055364,-0.0167180544082317,0.031976250226548));
#2044=CARTESIAN_POINT('',(0.0172743373238051,-0.0160244040255486,0.0319013077179441));
#2045=CARTESIAN_POINT('',(0.0176005334927593,-0.0154207236373571,0.0317731737384209));
#2046=CARTESIAN_POINT('',(0.0178403259515803,-0.0147852427661774,0.031605504228398));
#2047=CARTESIAN_POINT('',(0.0179987072441246,-0.0139783696004536,0.0313570592604725));
#2048=CARTESIAN_POINT('',(0.0180016311251712,-0.0133203486676581,0.0311385614286404));
#2049=CARTESIAN_POINT('',(0.0180005729251501,-0.0129898182926087,0.0310272684409738));
#2050=CARTESIAN_POINT('',(0.0129110281343833,-0.0179988174074091,0.0315170574447165));
#2051=CARTESIAN_POINT('',(0.0132443478519962,-0.0179952532470055,0.0316160492311756));
#2052=CARTESIAN_POINT('',(0.0137376858705408,-0.0179931256200891,0.0317828928941898));
#2053=CARTESIAN_POINT('',(0.0143916094909727,-0.0178630295018629,0.0319996709683392));
#2054=CARTESIAN_POINT('',(0.0148737620535005,-0.0177249320414316,0.0321446943207477));
#2055=CARTESIAN_POINT('',(0.0153479854417118,-0.0175305781004367,0.0322717631936489));
#2056=CARTESIAN_POINT('',(0.0159578850392886,-0.0171913380285478,0.0323981745783219));
#2057=CARTESIAN_POINT('',(0.0166576199347232,-0.016634859111652,0.0324663666824264));
#2058=CARTESIAN_POINT('',(0.0172074404766732,-0.0159400343905832,0.0323922067113495));
#2059=CARTESIAN_POINT('',(0.0175390582982305,-0.0153352787461844,0.0322624705089812));
#2060=CARTESIAN_POINT('',(0.0177829133749847,-0.014709335083001,0.0320986277760162));
#2061=CARTESIAN_POINT('',(0.0179933947873341,-0.0139020485092641,0.0318312777309824));
#2062=CARTESIAN_POINT('',(0.0179952722199575,-0.0132420773008794,0.0316142974511372));
#2063=CARTESIAN_POINT('',(0.0179989302824911,-0.0129103360441402,0.0315154138184386));
#2064=CARTESIAN_POINT('',(0.0127926304756235,-0.0179600649737082,0.0321559125690406));
#2065=CARTESIAN_POINT('',(0.0131318253645443,-0.017946785119752,0.0322584291143901));
#2066=CARTESIAN_POINT('',(0.0136353577345892,-0.0179340084373215,0.0324222281666754));
#2067=CARTESIAN_POINT('',(0.0142741467086434,-0.0177720085959179,0.0326398488437707));
#2068=CARTESIAN_POINT('',(0.0147517846404808,-0.0176217024451165,0.0327966590630345));
#2069=CARTESIAN_POINT('',(0.01521624506277,-0.0174026048805038,0.0329180789815183));
#2070=CARTESIAN_POINT('',(0.0158139464299521,-0.0170488788397198,0.0330477176764529));
#2071=CARTESIAN_POINT('',(0.0165034896159574,-0.0164827113969418,0.0331112259628566));
#2072=CARTESIAN_POINT('',(0.0170632499072477,-0.0157971283755933,0.0330405901898104));
#2073=CARTESIAN_POINT('',(0.0174118035502605,-0.015202945413695,0.0329112071718069));
#2074=CARTESIAN_POINT('',(0.0176881876015789,-0.0145866686934174,0.0327426885893575));
#2075=CARTESIAN_POINT('',(0.0179279007374682,-0.0137952294147439,0.0324729382627901));
#2076=CARTESIAN_POINT('',(0.0179475640822747,-0.0131296525338303,0.0322560829158953));
#2077=CARTESIAN_POINT('',(0.0179599164035197,-0.0127937413912205,0.0321556397292206));
#2078=CARTESIAN_POINT('',(0.0126140804941584,-0.0178161699329929,0.0329388005734221));
#2079=CARTESIAN_POINT('',(0.0129402278626424,-0.0177794904817151,0.0330324425645332));
#2080=CARTESIAN_POINT('',(0.0134469097738015,-0.0177523493960296,0.0332039960875324));
#2081=CARTESIAN_POINT('',(0.014083001311835,-0.0175928441052329,0.0334314988888214));
#2082=CARTESIAN_POINT('',(0.0145437289098699,-0.0173935069155506,0.0335749910493268));
#2083=CARTESIAN_POINT('',(0.0149905228019853,-0.0171680754909986,0.0337156082283797));
#2084=CARTESIAN_POINT('',(0.0155663296066387,-0.0167913741820498,0.0338338934024087));
#2085=CARTESIAN_POINT('',(0.0162365352647434,-0.0162196674536968,0.0338992262484813));
#2086=CARTESIAN_POINT('',(0.0168061605653239,-0.01555200095521,0.033828740473962));
#2087=CARTESIAN_POINT('',(0.0171709377583953,-0.0149834909916507,0.0337005083558312));
#2088=CARTESIAN_POINT('',(0.0174677411910928,-0.0143850197893785,0.0335240029627661));
#2089=CARTESIAN_POINT('',(0.0177466703472743,-0.0136137424950305,0.0332682760876157));
#2090=CARTESIAN_POINT('',(0.0177785962925713,-0.0129403515734896,0.0330323795223579));
#2091=CARTESIAN_POINT('',(0.017818072666433,-0.0126095528095577,0.0329301478711365));
#2092=CARTESIAN_POINT('',(0.0123137798143062,-0.0175027058608104,0.0337583059163754));
#2093=CARTESIAN_POINT('',(0.0126256236717906,-0.0174338516157612,0.0338629025448616));
#2094=CARTESIAN_POINT('',(0.0131138047811144,-0.0173583771476639,0.0340242524476491));
#2095=CARTESIAN_POINT('',(0.0137309084343965,-0.0171893623614597,0.0342903387650002));
#2096=CARTESIAN_POINT('',(0.014171454895818,-0.0170075092720921,0.0344699884004272));
#2097=CARTESIAN_POINT('',(0.0145971313865635,-0.0167370971147402,0.0345707082312616));
#2098=CARTESIAN_POINT('',(0.0151400883176948,-0.0163388052440907,0.0346920878472606));
#2099=CARTESIAN_POINT('',(0.0157822582890014,-0.0157706039446804,0.0347399968847232));
#2100=CARTESIAN_POINT('',(0.0163585822538478,-0.0151350201858104,0.0346899903085518));
#2101=CARTESIAN_POINT('',(0.0167614971463313,-0.0145902111935476,0.0345723828499887));
#2102=CARTESIAN_POINT('',(0.0171063970113674,-0.0140414477336173,0.0344048650173575));
#2103=CARTESIAN_POINT('',(0.0173294470545939,-0.0132721077313351,0.0340921910884132));
#2104=CARTESIAN_POINT('',(0.0174359437953471,-0.0126233806750258,0.0338530909879048));
#2105=CARTESIAN_POINT('',(0.0175113469892047,-0.0123132412964107,0.0337475259737228));
#2106=CARTESIAN_POINT('',(0.0119040223894522,-0.0171009854553347,0.0344302624270255));
#2107=CARTESIAN_POINT('',(0.0122047556372682,-0.0169911029364031,0.0345329879349937));
#2108=CARTESIAN_POINT('',(0.012663841942331,-0.0168553578192571,0.0346884496655011));
#2109=CARTESIAN_POINT('',(0.0132516430254876,-0.0166062142173831,0.0349340428815651));
#2110=CARTESIAN_POINT('',(0.0136715917213443,-0.0163871285682303,0.035112352460586));
#2111=CARTESIAN_POINT('',(0.0140636387339575,-0.0161316823174283,0.035256293120332));
#2112=CARTESIAN_POINT('',(0.0145771970680497,-0.0157461193160685,0.0353526664946019));
#2113=CARTESIAN_POINT('',(0.0151888673236763,-0.0151832191372418,0.0354088082170423));
#2114=CARTESIAN_POINT('',(0.0157479806644657,-0.0145770511815524,0.0353460384381306));
#2115=CARTESIAN_POINT('',(0.0161415960892403,-0.0140725913609279,0.0352507768480539));
#2116=CARTESIAN_POINT('',(0.0164793090480749,-0.0135393263492403,0.0350598973392653));
#2117=CARTESIAN_POINT('',(0.0167992382222282,-0.0128124322415722,0.0347471756805313));
#2118=CARTESIAN_POINT('',(0.0170046357195099,-0.0122088573559552,0.0345181253166074));
#2119=CARTESIAN_POINT('',(0.017125042216206,-0.01191569108494,0.0344221562954083));
#2120=CARTESIAN_POINT('',(0.0114182430215606,-0.0166149999292154,0.0349583017146836));
#2121=CARTESIAN_POINT('',(0.0117011206278449,-0.0164856164366291,0.0350494686939428));
#2122=CARTESIAN_POINT('',(0.012114963257942,-0.0162804742146032,0.0351868156009409));
#2123=CARTESIAN_POINT('',(0.012667065330519,-0.0159733566279151,0.0353676201156941));
#2124=CARTESIAN_POINT('',(0.0130665487452758,-0.0157144451770921,0.0355114368029373));
#2125=CARTESIAN_POINT('',(0.0134418483115388,-0.0154249316549715,0.0356473807001833));
#2126=CARTESIAN_POINT('',(0.0139187672486994,-0.0150140766242105,0.0357861957670633));
#2127=CARTESIAN_POINT('',(0.0144922760777059,-0.0145034809396424,0.0358292944440818));
#2128=CARTESIAN_POINT('',(0.0150260170696185,-0.0139275498793946,0.035783518735837));
#2129=CARTESIAN_POINT('',(0.0154300651643936,-0.0134426780746444,0.0356460611435771));
#2130=CARTESIAN_POINT('',(0.0158056160394788,-0.0129346166783039,0.0354683548639178));
#2131=CARTESIAN_POINT('',(0.0162195716634103,-0.0122596587912678,0.0352178699598017));
#2132=CARTESIAN_POINT('',(0.0165285176238596,-0.0117120855903606,0.0350421076821536));
#2133=CARTESIAN_POINT('',(0.0166699727978504,-0.0114309528972243,0.034949247572324));
#2134=CARTESIAN_POINT('',(0.010837412399851,-0.0160661885177441,0.0353788177470863));
#2135=CARTESIAN_POINT('',(0.0111040597207853,-0.0159084567026514,0.035454112252242));
#2136=CARTESIAN_POINT('',(0.0115123000700625,-0.0156900831572756,0.0355817872758765));
#2137=CARTESIAN_POINT('',(0.0120237906425054,-0.0153228995417001,0.0356914237359971));
#2138=CARTESIAN_POINT('',(0.0123935375674116,-0.0150453088308091,0.0357655094281572));
#2139=CARTESIAN_POINT('',(0.0127461031425731,-0.014735350474462,0.0358509714396517));
#2140=CARTESIAN_POINT('',(0.0132006758094642,-0.0142970926030854,0.0359531599443779));
#2141=CARTESIAN_POINT('',(0.0137473045004669,-0.0137531818661937,0.0360280823987112));
#2142=CARTESIAN_POINT('',(0.0142999522913924,-0.0131973423907947,0.0359534464909155));
#2143=CARTESIAN_POINT('',(0.0147312540361747,-0.0127382754685921,0.0358517799391522));
#2144=CARTESIAN_POINT('',(0.0151474990537049,-0.0122702900460547,0.0357375897622949));
#2145=CARTESIAN_POINT('',(0.0156237999600137,-0.0116498704046295,0.0356091340573492));
#2146=CARTESIAN_POINT('',(0.0159692059114647,-0.0111183623615624,0.0354666039775767));
#2147=CARTESIAN_POINT('',(0.0161394899961347,-0.0108567807431208,0.0353926239594459));
#2148=CARTESIAN_POINT('',(0.0104145840703465,-0.0156504743909076,0.0355847893997264));
#2149=CARTESIAN_POINT('',(0.0106786762176306,-0.0154917138617077,0.0356543153493028));
#2150=CARTESIAN_POINT('',(0.0110717934366078,-0.0152438011964841,0.0357517239841642));
#2151=CARTESIAN_POINT('',(0.0115722223220288,-0.0148878832361989,0.0358555209357745));
#2152=CARTESIAN_POINT('',(0.0119286203676443,-0.0145888835297906,0.0359195394112255));
#2153=CARTESIAN_POINT('',(0.0122727793434121,-0.0142751296551593,0.0359428256448372));
#2154=CARTESIAN_POINT('',(0.0127103672706342,-0.0138188155292381,0.0359846473663742));
#2155=CARTESIAN_POINT('',(0.0132314524942473,-0.0132318798500263,0.0360108591118757));
#2156=CARTESIAN_POINT('',(0.0138169096018379,-0.0127010116812651,0.0359845592185061));
#2157=CARTESIAN_POINT('',(0.0142783736128812,-0.012271268119875,0.0359425838025679));
#2158=CARTESIAN_POINT('',(0.0147227275953018,-0.0118350233778206,0.0359045992555472));
#2159=CARTESIAN_POINT('',(0.0151998788806175,-0.0112159921623417,0.0357793878662357));
#2160=CARTESIAN_POINT('',(0.0155548889782075,-0.010701973016251,0.0356571806095981));
#2161=CARTESIAN_POINT('',(0.0157298925154774,-0.0104406381193619,0.0355932081604079));
#2162=CARTESIAN_POINT('',(0.0102010416557264,-0.0154408123211822,0.0356848627647489));
#2163=CARTESIAN_POINT('',(0.0104639545720397,-0.0152790058129802,0.0357524967472956));
#2164=CARTESIAN_POINT('',(0.0108552095809723,-0.0150334443568187,0.0358480834617789));
#2165=CARTESIAN_POINT('',(0.0113481099702517,-0.0146629673798913,0.0359351524144267));
#2166=CARTESIAN_POINT('',(0.0117017562364489,-0.0143641963921623,0.0359772199608643));
#2167=CARTESIAN_POINT('',(0.0120460967167985,-0.0140331010737241,0.0359855810096501));
#2168=CARTESIAN_POINT('',(0.0124803491142048,-0.013593097317541,0.0360007066183666));
#2169=CARTESIAN_POINT('',(0.0129771499034582,-0.0129764163739966,0.0359996054629044));
#2170=CARTESIAN_POINT('',(0.0135849616139579,-0.012467804242165,0.0360006549596986));
#2171=CARTESIAN_POINT('',(0.0140566838153191,-0.0120616601952134,0.0359881898823073));
#2172=CARTESIAN_POINT('',(0.0144995869380214,-0.0116061257455029,0.0359701637520812));
#2173=CARTESIAN_POINT('',(0.0149944418408364,-0.0110087902193039,0.0358764742895239));
#2174=CARTESIAN_POINT('',(0.0153490984170161,-0.0104902190468635,0.0357563141063018));
#2175=CARTESIAN_POINT('',(0.0155253968909382,-0.010231622638256,0.035693155965997));
#2176=CARTESIAN_POINT('',(-0.0154465940841065,-0.010180596127903,0.000254523047738139));
#2177=CARTESIAN_POINT('',(-0.0152756742927861,-0.0104437271097838,0.000197985251880193));
#2178=CARTESIAN_POINT('',(-0.014934092820367,-0.0109690485862156,8.73969276750917E-5));
#2179=CARTESIAN_POINT('',(-0.01435921209318,-0.0116825957550241,3.50305133546176E-5));
#2180=CARTESIAN_POINT('',(-0.0137196289558407,-0.0123682384799696,-3.91884108396495E-7));
#2181=CARTESIAN_POINT('',(-0.0129777487216427,-0.012977450978081,1.75144751298016E-7));
#2182=CARTESIAN_POINT('',(-0.0123646263431171,-0.0137180980033623,-4.16980020154049E-7));
#2183=CARTESIAN_POINT('',(-0.0116775843527143,-0.0143545119515191,3.27827449005231E-5));
#2184=CARTESIAN_POINT('',(-0.0109599644612469,-0.0149306333068775,9.17515195853953E-5));
#2185=CARTESIAN_POINT('',(-0.0104336237979713,-0.0152733267398206,0.000201098243297116));
#2186=CARTESIAN_POINT('',(-0.0101700461795834,-0.0154449160582107,0.000257582610809258));
#2187=CARTESIAN_POINT('',(-0.0155531393584298,-0.0102872101352963,0.000306583519112919));
#2188=CARTESIAN_POINT('',(-0.015383687797588,-0.0105516759705269,0.000250143316613893));
#2189=CARTESIAN_POINT('',(-0.0150401513034597,-0.0110768915740331,0.000133006762614071));
#2190=CARTESIAN_POINT('',(-0.014477752111344,-0.011800088026257,6.83945104307886E-5));
#2191=CARTESIAN_POINT('',(-0.0138278910994933,-0.0124815764551604,8.95107455057241E-6));
#2192=CARTESIAN_POINT('',(-0.0131032078176666,-0.013104148704297,-4.64225031700325E-6));
#2193=CARTESIAN_POINT('',(-0.0124779587081837,-0.0138266096814441,9.03698967185881E-6));
#2194=CARTESIAN_POINT('',(-0.0117957633892218,-0.0144734382087451,6.63785591175775E-5));
#2195=CARTESIAN_POINT('',(-0.0110680889761605,-0.0150373402684491,0.000137209004824539));
#2196=CARTESIAN_POINT('',(-0.0105421513795964,-0.0153817236926302,0.000252857279528178));
#2197=CARTESIAN_POINT('',(-0.0102772058371686,-0.0155519848321379,0.000309297817993341));
#2198=CARTESIAN_POINT('',(-0.0157662219447819,-0.0105006768757937,0.000410811274886978));
#2199=CARTESIAN_POINT('',(-0.0155973939173793,-0.0107637871963944,0.000356434589187584));
#2200=CARTESIAN_POINT('',(-0.0152548788337431,-0.0113003424564481,0.00022570701259911));
#2201=CARTESIAN_POINT('',(-0.0147100579456356,-0.0120263410784953,0.000126617559516201));
#2202=CARTESIAN_POINT('',(-0.0140564761359459,-0.0127203630434446,3.10979080679497E-5));
#2203=CARTESIAN_POINT('',(-0.013358785017387,-0.0133606492834068,-1.52117993948235E-5));
#2204=CARTESIAN_POINT('',(-0.0127169440819638,-0.0140541612692161,3.10171261253506E-5));
#2205=CARTESIAN_POINT('',(-0.0120234987179745,-0.014708066628064,0.000125878891277931));
#2206=CARTESIAN_POINT('',(-0.0112916061117363,-0.0152521167748453,0.000229654827317191));
#2207=CARTESIAN_POINT('',(-0.0107556952515027,-0.0155967162789038,0.000358294785581096));
#2208=CARTESIAN_POINT('',(-0.0104917539384239,-0.0157660708292805,0.000412808227943083));
#2209=CARTESIAN_POINT('',(-0.016180757035576,-0.0109157647922755,0.00063963051060262));
#2210=CARTESIAN_POINT('',(-0.0160247204358902,-0.0111874025312527,0.000564673498383477));
#2211=CARTESIAN_POINT('',(-0.015690816226212,-0.0117255370382208,0.000454037484462151));
#2212=CARTESIAN_POINT('',(-0.0151630962680962,-0.0124914614607344,0.000272911222430007));
#2213=CARTESIAN_POINT('',(-0.0145313056866342,-0.0132122804210383,9.02542232416393E-5));
#2214=CARTESIAN_POINT('',(-0.013868019260012,-0.0138706912844857,3.41454710969498E-6));
#2215=CARTESIAN_POINT('',(-0.0132102581296568,-0.0145312397054423,9.03954181996091E-5));
#2216=CARTESIAN_POINT('',(-0.0124886820127739,-0.0151630396851372,0.000272624118494611));
#2217=CARTESIAN_POINT('',(-0.011721362384927,-0.0156905836787234,0.000453527024384521));
#2218=CARTESIAN_POINT('',(-0.0111808335451571,-0.0160259327438617,0.000565191283933384));
#2219=CARTESIAN_POINT('',(-0.0109087803257623,-0.0161824126607137,0.00064043304786069));
#2220=CARTESIAN_POINT('',(-0.0166303180915634,-0.011398447276449,0.00102152822786768));
#2221=CARTESIAN_POINT('',(-0.0164920415533198,-0.0116819274843057,0.000938998594427198));
#2222=CARTESIAN_POINT('',(-0.0162117072163779,-0.0122439393340958,0.000773853117085422));
#2223=CARTESIAN_POINT('',(-0.015724742946534,-0.0130678754225762,0.000483386091481722));
#2224=CARTESIAN_POINT('',(-0.0151347922637086,-0.0138225983551055,0.00022884734824187));
#2225=CARTESIAN_POINT('',(-0.014484834778441,-0.0144866170883615,0.000150450201837709));
#2226=CARTESIAN_POINT('',(-0.0138217020303799,-0.0151371394233846,0.000229335542243779));
#2227=CARTESIAN_POINT('',(-0.0130652811772629,-0.0157270549740737,0.000484757568095299));
#2228=CARTESIAN_POINT('',(-0.012240130859165,-0.0162116323702705,0.000773929997084733));
#2229=CARTESIAN_POINT('',(-0.011677717991104,-0.0164943271377807,0.000940042166194165));
#2230=CARTESIAN_POINT('',(-0.0113941506168946,-0.0166335171339919,0.0010228054651902));
#2231=CARTESIAN_POINT('',(-0.0171173487773909,-0.0118984706269167,0.00157366572487443));
#2232=CARTESIAN_POINT('',(-0.0169997820725245,-0.0121990204997724,0.00147357960467389));
#2233=CARTESIAN_POINT('',(-0.0168017071441263,-0.0128137506666115,0.0012535807503629));
#2234=CARTESIAN_POINT('',(-0.0164160464757306,-0.01369294962932,0.000881241567237935));
#2235=CARTESIAN_POINT('',(-0.0158853524775264,-0.0144606315381151,0.000612909852595876));
#2236=CARTESIAN_POINT('',(-0.0151998567919716,-0.0152013639418197,0.000593987038925867));
#2237=CARTESIAN_POINT('',(-0.0144608696333805,-0.0158888218355756,0.000614376104973284));
#2238=CARTESIAN_POINT('',(-0.013690766927639,-0.016414573118026,0.000880840932073969));
#2239=CARTESIAN_POINT('',(-0.0128119668217237,-0.0168024154538018,0.00125377452987743));
#2240=CARTESIAN_POINT('',(-0.0121975151535783,-0.0170018056304027,0.00147624282276271));
#2241=CARTESIAN_POINT('',(-0.0118956759444196,-0.0171188697934106,0.00157710401025437));
#2242=CARTESIAN_POINT('',(-0.0175202948298657,-0.0122997843923012,0.0022648751116143));
#2243=CARTESIAN_POINT('',(-0.0174407764957593,-0.0126207548334273,0.00215463533273994));
#2244=CARTESIAN_POINT('',(-0.0173344330566866,-0.0132774878977171,0.00191708198857628));
#2245=CARTESIAN_POINT('',(-0.0170652363366146,-0.0141999354884889,0.00153138169123996));
#2246=CARTESIAN_POINT('',(-0.0164818242091427,-0.0150239732464674,0.0013199924225787));
#2247=CARTESIAN_POINT('',(-0.0157973727228852,-0.0157983643005705,0.00123709904634809));
#2248=CARTESIAN_POINT('',(-0.0150230036015344,-0.0164839814560697,0.00131794071121161));
#2249=CARTESIAN_POINT('',(-0.0141975331338579,-0.0170648115955628,0.00152880433362838));
#2250=CARTESIAN_POINT('',(-0.0132734999607576,-0.017335208962207,0.00191883403794642));
#2251=CARTESIAN_POINT('',(-0.0126153322763409,-0.0174414633865497,0.00215573640638411));
#2252=CARTESIAN_POINT('',(-0.0122939973012323,-0.0175215972610308,0.0022667352066944));
#2253=CARTESIAN_POINT('',(-0.0177691752844312,-0.0125494287780062,0.00294202155713959));
#2254=CARTESIAN_POINT('',(-0.0177224758950014,-0.0128818770328945,0.00283836250698072));
#2255=CARTESIAN_POINT('',(-0.0176838779703333,-0.0135595001567267,0.00260580009712179));
#2256=CARTESIAN_POINT('',(-0.0173560403992961,-0.0144921390742619,0.0022934551968859));
#2257=CARTESIAN_POINT('',(-0.016857728053621,-0.0153699926155234,0.0020332642355337));
#2258=CARTESIAN_POINT('',(-0.0161678944165005,-0.0161690563933823,0.00196210459089325));
#2259=CARTESIAN_POINT('',(-0.0153686971299336,-0.0168577313533262,0.00203203357249782));
#2260=CARTESIAN_POINT('',(-0.0144894376515844,-0.0173580954521185,0.00229048106159136));
#2261=CARTESIAN_POINT('',(-0.0135560022834505,-0.017684801936835,0.00260856898098558));
#2262=CARTESIAN_POINT('',(-0.0128774678611597,-0.0177227718054754,0.00283962986456598));
#2263=CARTESIAN_POINT('',(-0.0125451348422081,-0.0177696094457977,0.00294315285288833));
#2264=CARTESIAN_POINT('',(-0.0179030316808773,-0.0127152215433245,0.00353511393596698));
#2265=CARTESIAN_POINT('',(-0.0178824687911735,-0.0130497337470665,0.00343961923362602));
#2266=CARTESIAN_POINT('',(-0.0178582170572699,-0.0137120432164148,0.00323079787095488));
#2267=CARTESIAN_POINT('',(-0.0175589873477444,-0.0146716074443958,0.00289552604150531));
#2268=CARTESIAN_POINT('',(-0.0170801756467873,-0.0155799924265761,0.00266246228498252));
#2269=CARTESIAN_POINT('',(-0.0163989582489091,-0.0163999172122821,0.00257412963332575));
#2270=CARTESIAN_POINT('',(-0.0155780311832896,-0.0170798827767123,0.0026605041163839));
#2271=CARTESIAN_POINT('',(-0.0146693829047917,-0.0175587898237777,0.00289365928971479));
#2272=CARTESIAN_POINT('',(-0.0137088264261393,-0.0178587969581474,0.0032320600350403));
#2273=CARTESIAN_POINT('',(-0.0130458983698968,-0.0178823933784014,0.00344002054365345));
#2274=CARTESIAN_POINT('',(-0.012711029008323,-0.0179030772425455,0.00353495018516743));
#2275=CARTESIAN_POINT('',(-0.0179699898061597,-0.0128214565853256,0.00400499089211652));
#2276=CARTESIAN_POINT('',(-0.0179591587080596,-0.0131473023158875,0.00391447406349038));
#2277=CARTESIAN_POINT('',(-0.0179477043610148,-0.0138065021855045,0.0036996441819219));
#2278=CARTESIAN_POINT('',(-0.0176736107666186,-0.0147798666837168,0.00337152186853407));
#2279=CARTESIAN_POINT('',(-0.017216835083783,-0.0157090422587591,0.0031399395541977));
#2280=CARTESIAN_POINT('',(-0.0165396969440348,-0.0165415224990611,0.00305297775519659));
#2281=CARTESIAN_POINT('',(-0.0157067590833197,-0.0172153398609681,0.00313783866609804));
#2282=CARTESIAN_POINT('',(-0.0147777338141912,-0.0176729462022697,0.00336916291448412));
#2283=CARTESIAN_POINT('',(-0.013803904445535,-0.0179481429905843,0.00369972196666816));
#2284=CARTESIAN_POINT('',(-0.0131442281552908,-0.0179589894819871,0.00391381412947495));
#2285=CARTESIAN_POINT('',(-0.0128163898543925,-0.0179700045644847,0.00400513823523773));
#2286=CARTESIAN_POINT('',(-0.0179989876452636,-0.0129058565106551,0.0044879744963927));
#2287=CARTESIAN_POINT('',(-0.0179960940003649,-0.0132341336476292,0.00438712578059239));
#2288=CARTESIAN_POINT('',(-0.0179945249231991,-0.0138912717067111,0.00417341281796446));
#2289=CARTESIAN_POINT('',(-0.0177479902795516,-0.0148693158799716,0.0038518029199518));
#2290=CARTESIAN_POINT('',(-0.0173249660975084,-0.0158136041946241,0.00362715797731423));
#2291=CARTESIAN_POINT('',(-0.0166490559758303,-0.0166524237910183,0.0035370698471431));
#2292=CARTESIAN_POINT('',(-0.0158103608780873,-0.0173226345557162,0.00362462556517821));
#2293=CARTESIAN_POINT('',(-0.0148685892621133,-0.0177473955875651,0.00384888389378471));
#2294=CARTESIAN_POINT('',(-0.0138870558334725,-0.0179942479022352,0.00417228893738072));
#2295=CARTESIAN_POINT('',(-0.0132296495778849,-0.0179961270401743,0.00438635343764667));
#2296=CARTESIAN_POINT('',(-0.0129019941673066,-0.0179990406166788,0.00448732068134736));
#2297=CARTESIAN_POINT('',(-0.0180005382557756,-0.0129892960214266,0.00497047623894447));
#2298=CARTESIAN_POINT('',(-0.0180014265652774,-0.0133219754601005,0.00486059719530032));
#2299=CARTESIAN_POINT('',(-0.0179984550145705,-0.0139761852953326,0.00464280610728268));
#2300=CARTESIAN_POINT('',(-0.017809515300577,-0.0149435205970675,0.00434008767468971));
#2301=CARTESIAN_POINT('',(-0.0173893409121023,-0.0159005073939958,0.0041173247005136));
#2302=CARTESIAN_POINT('',(-0.0167264520001841,-0.0167337960371665,0.00402601793109267));
#2303=CARTESIAN_POINT('',(-0.0158961156208144,-0.017384829410958,0.00411453707167038));
#2304=CARTESIAN_POINT('',(-0.0149448504389876,-0.0178093855957654,0.00433621972428558));
#2305=CARTESIAN_POINT('',(-0.0139700195152833,-0.0179993720406738,0.00464164616794995));
#2306=CARTESIAN_POINT('',(-0.0133168751416067,-0.0180012691840426,0.00486002526906066));
#2307=CARTESIAN_POINT('',(-0.012988137578379,-0.0180005156129092,0.00496962914395279));
#2308=CARTESIAN_POINT('',(-0.0179991553947944,-0.0130971800023501,0.00543577053414111));
#2309=CARTESIAN_POINT('',(-0.0180001769259411,-0.0134262837986232,0.00533297615892149));
#2310=CARTESIAN_POINT('',(-0.0179785309307259,-0.0140812020510568,0.00511625696449794));
#2311=CARTESIAN_POINT('',(-0.0177932318364419,-0.015031487215475,0.00482112248821565));
#2312=CARTESIAN_POINT('',(-0.0174058494144824,-0.0159584468091333,0.00461183511626181));
#2313=CARTESIAN_POINT('',(-0.0167817906709568,-0.0167928478255909,0.00451429273113698));
#2314=CARTESIAN_POINT('',(-0.0159541585720227,-0.0174071622689587,0.00460844569223068));
#2315=CARTESIAN_POINT('',(-0.0150346879325392,-0.0177926829864447,0.00481727005953325));
#2316=CARTESIAN_POINT('',(-0.0140778405698085,-0.0179792878377283,0.00511448200293236));
#2317=CARTESIAN_POINT('',(-0.0134212599484273,-0.0179999544511224,0.00533196708661584));
#2318=CARTESIAN_POINT('',(-0.0130948477519492,-0.0179993281116797,0.00543499568082066));
#2319=CARTESIAN_POINT('',(-0.0180052440102616,-0.013166594848042,0.00574293055251773));
#2320=CARTESIAN_POINT('',(-0.018010557093549,-0.0134974861434077,0.0056434026814568));
#2321=CARTESIAN_POINT('',(-0.0179738025832613,-0.0141524854903874,0.00543565237331706));
#2322=CARTESIAN_POINT('',(-0.0177662724649325,-0.0150940308115364,0.00514447263805163));
#2323=CARTESIAN_POINT('',(-0.0173760454808475,-0.0159964376572726,0.00494115286293103));
#2324=CARTESIAN_POINT('',(-0.0167757562454887,-0.0167894225627326,0.0048509052541411));
#2325=CARTESIAN_POINT('',(-0.0159892844313494,-0.0173784377262388,0.00493835928936475));
#2326=CARTESIAN_POINT('',(-0.0150991627370021,-0.0177642479868894,0.00514058165360835));
#2327=CARTESIAN_POINT('',(-0.0141513660621206,-0.0179750295443373,0.00543344039951096));
#2328=CARTESIAN_POINT('',(-0.0134933134547084,-0.0180096356084117,0.00564238429302681));
#2329=CARTESIAN_POINT('',(-0.0131658720153501,-0.0180073837676501,0.0057426386776208));
#2330=CARTESIAN_POINT('',(-0.0180089301067725,-0.0132019723209854,0.00589824090627038));
#2331=CARTESIAN_POINT('',(-0.0180062234613261,-0.0135318205052784,0.00579751641684142));
#2332=CARTESIAN_POINT('',(-0.0179805927864512,-0.0141878866849706,0.00559414498524579));
#2333=CARTESIAN_POINT('',(-0.0177600243100763,-0.0151224685145983,0.00530719025711588));
#2334=CARTESIAN_POINT('',(-0.0173620643804,-0.0160200468022204,0.00510470006928203));
#2335=CARTESIAN_POINT('',(-0.0167729397228793,-0.0167874222687886,0.00502378579274612));
#2336=CARTESIAN_POINT('',(-0.016010948242671,-0.0173651967683539,0.00510232509317751));
#2337=CARTESIAN_POINT('',(-0.0151285138682282,-0.0177581033582286,0.00530325734630877));
#2338=CARTESIAN_POINT('',(-0.0141866712375579,-0.0179815183378194,0.00559177068611945));
#2339=CARTESIAN_POINT('',(-0.0135289200767681,-0.0180057994320812,0.00579654879163341));
#2340=CARTESIAN_POINT('',(-0.013201487898326,-0.0180109197143726,0.0058979244760414));
#2341=CARTESIAN_POINT('',(-0.0101805961279045,0.0154465940841082,0.000254523047736307));
#2342=CARTESIAN_POINT('',(-0.010443727109785,0.0152756742927875,0.000197985251878756));
#2343=CARTESIAN_POINT('',(-0.0109690485862163,0.014934092820368,8.73969276740491E-5));
#2344=CARTESIAN_POINT('',(-0.0116825957550238,0.0143592120931804,3.50305133556433E-5));
#2345=CARTESIAN_POINT('',(-0.0123682384799693,0.0137196289558411,-3.91884108309325E-7));
#2346=CARTESIAN_POINT('',(-0.0129774509780806,0.012977748721643,1.75144751264622E-7));
#2347=CARTESIAN_POINT('',(-0.0137180980033618,0.0123646263431174,-4.16980020099405E-7));
#2348=CARTESIAN_POINT('',(-0.0143545119515187,0.0116775843527145,3.27827448997971E-5));
#2349=CARTESIAN_POINT('',(-0.0149306333068772,0.0109599644612469,9.17515195865198E-5));
#2350=CARTESIAN_POINT('',(-0.0152733267398203,0.0104336237979713,0.000201098243298124));
#2351=CARTESIAN_POINT('',(-0.0154449160582104,0.0101700461795834,0.000257582610810398));
#2352=CARTESIAN_POINT('',(-0.0102872101352978,0.0155531393584314,0.000306583519111091));
#2353=CARTESIAN_POINT('',(-0.0105516759705281,0.0153836877975894,0.000250143316612401));
#2354=CARTESIAN_POINT('',(-0.0110768915740338,0.0150401513034606,0.000133006762613154));
#2355=CARTESIAN_POINT('',(-0.0118000880262568,0.0144777521113444,6.83945104314986E-5));
#2356=CARTESIAN_POINT('',(-0.0124815764551601,0.0138278910994938,8.95107455071249E-6));
#2357=CARTESIAN_POINT('',(-0.0131041487042967,0.013103207817667,-4.64225031705312E-6));
#2358=CARTESIAN_POINT('',(-0.0138266096814436,0.012477958708184,9.03698967191953E-6));
#2359=CARTESIAN_POINT('',(-0.0144734382087447,0.011795763389222,6.63785591170666E-5));
#2360=CARTESIAN_POINT('',(-0.0150373402684487,0.0110680889761605,0.000137209004825519));
#2361=CARTESIAN_POINT('',(-0.0153817236926299,0.0105421513795964,0.000252857279529131));
#2362=CARTESIAN_POINT('',(-0.0155519848321376,0.0102772058371686,0.000309297817994396));
#2363=CARTESIAN_POINT('',(-0.0105006768757951,0.0157662219447836,0.000410811274885138));
#2364=CARTESIAN_POINT('',(-0.0107637871963955,0.0155973939173806,0.000356434589186109));
#2365=CARTESIAN_POINT('',(-0.0113003424564487,0.0152548788337441,0.000225707012598155));
#2366=CARTESIAN_POINT('',(-0.0120263410784951,0.014710057945636,0.000126617559516548));
#2367=CARTESIAN_POINT('',(-0.0127203630434442,0.0140564761359463,3.10979080680855E-5));
#2368=CARTESIAN_POINT('',(-0.0133606492834064,0.0133587850173874,-1.52117993948838E-5));
#2369=CARTESIAN_POINT('',(-0.0140541612692157,0.0127169440819641,3.10171261253094E-5));
#2370=CARTESIAN_POINT('',(-0.0147080666280636,0.0120234987179748,0.000125878891277873));
#2371=CARTESIAN_POINT('',(-0.0152521167748449,0.0112916061117363,0.000229654827317996));
#2372=CARTESIAN_POINT('',(-0.0155967162789035,0.0107556952515027,0.000358294785581859));
#2373=CARTESIAN_POINT('',(-0.0157660708292803,0.0104917539384238,0.00041280822794398));
#2374=CARTESIAN_POINT('',(-0.0109157647922768,0.0161807570355779,0.000639630510600744));
#2375=CARTESIAN_POINT('',(-0.0111874025312537,0.0160247204358916,0.000564673498382076));
#2376=CARTESIAN_POINT('',(-0.0117255370382211,0.0156908162262128,0.000454037484461578));
#2377=CARTESIAN_POINT('',(-0.0124914614607342,0.0151630962680966,0.000272911222430157));
#2378=CARTESIAN_POINT('',(-0.0132122804210379,0.0145313056866346,9.02542232416692E-5));
#2379=CARTESIAN_POINT('',(-0.0138706912844854,0.0138680192600123,3.41454710957355E-6));
#2380=CARTESIAN_POINT('',(-0.014531239705442,0.0132102581296571,9.03954181995623E-5));
#2381=CARTESIAN_POINT('',(-0.0151630396851368,0.0124886820127742,0.000272624118494404));
#2382=CARTESIAN_POINT('',(-0.0156905836787232,0.0117213623849272,0.000453527024384558));
#2383=CARTESIAN_POINT('',(-0.0160259327438615,0.0111808335451571,0.000565191283933849));
#2384=CARTESIAN_POINT('',(-0.0161824126607135,0.0109087803257623,0.000640433047861237));
#2385=CARTESIAN_POINT('',(-0.01139844727645,0.0166303180915658,0.00102152822786555));
#2386=CARTESIAN_POINT('',(-0.0116819274843064,0.0164920415533218,0.000938998594425356));
#2387=CARTESIAN_POINT('',(-0.0122439393340959,0.0162117072163788,0.000773853117084825));
#2388=CARTESIAN_POINT('',(-0.0130678754225759,0.0157247429465343,0.000483386091481936));
#2389=CARTESIAN_POINT('',(-0.0138225983551052,0.0151347922637089,0.000228847348242052));
#2390=CARTESIAN_POINT('',(-0.0144866170883609,0.0144848347784413,0.000150450201837258));
#2391=CARTESIAN_POINT('',(-0.0151371394233844,0.0138217020303802,0.000229335542243753));
#2392=CARTESIAN_POINT('',(-0.0157270549740733,0.0130652811772632,0.000484757568095146));
#2393=CARTESIAN_POINT('',(-0.0162116323702702,0.0122401308591652,0.000773929997084458));
#2394=CARTESIAN_POINT('',(-0.0164943271377805,0.0116777179911041,0.00094004216619416));
#2395=CARTESIAN_POINT('',(-0.0166335171339918,0.0113941506168947,0.00102280546519026));
#2396=CARTESIAN_POINT('',(-0.0118984706269176,0.0171173487773931,0.00157366572487294));
#2397=CARTESIAN_POINT('',(-0.0121990204997729,0.0169997820725261,0.00147357960467299));
#2398=CARTESIAN_POINT('',(-0.0128137506666115,0.0168017071441268,0.00125358075036297));
#2399=CARTESIAN_POINT('',(-0.0136929496293195,0.0164160464757303,0.000881241567239));
#2400=CARTESIAN_POINT('',(-0.0144606315381142,0.0158853524775262,0.000612909852596804));
#2401=CARTESIAN_POINT('',(-0.0152013639418189,0.0151998567919716,0.000593987038926133));
#2402=CARTESIAN_POINT('',(-0.0158888218355752,0.0144608696333807,0.000614376104972802));
#2403=CARTESIAN_POINT('',(-0.0164145731180258,0.0136907669276392,0.000880840932073843));
#2404=CARTESIAN_POINT('',(-0.0168024154538015,0.0128119668217239,0.00125377452987717));
#2405=CARTESIAN_POINT('',(-0.0170018056304025,0.0121975151535784,0.00147624282276244));
#2406=CARTESIAN_POINT('',(-0.0171188697934104,0.0118956759444196,0.00157710401025422));
#2407=CARTESIAN_POINT('',(-0.0122997843923017,0.0175202948298671,0.00226487511161386));
#2408=CARTESIAN_POINT('',(-0.0126207548334274,0.0174407764957601,0.00215463533273989));
#2409=CARTESIAN_POINT('',(-0.0132774878977166,0.0173344330566862,0.00191708198857698));
#2410=CARTESIAN_POINT('',(-0.0141999354884879,0.0170652363366131,0.00153138169124177));
#2411=CARTESIAN_POINT('',(-0.0150239732464663,0.0164818242091417,0.00131999242258023));
#2412=CARTESIAN_POINT('',(-0.0157983643005697,0.0157973727228848,0.00123709904634858));
#2413=CARTESIAN_POINT('',(-0.0164839814560689,0.0150230036015347,0.00131794071121153));
#2414=CARTESIAN_POINT('',(-0.0170648115955625,0.0141975331338581,0.00152880433362808));
#2415=CARTESIAN_POINT('',(-0.0173352089622069,0.0132734999607578,0.00191883403794617));
#2416=CARTESIAN_POINT('',(-0.0174414633865495,0.0126153322763411,0.00215573640638381));
#2417=CARTESIAN_POINT('',(-0.0175215972610307,0.0122939973012324,0.00226673520669409));
#2418=CARTESIAN_POINT('',(-0.0125494287780064,0.017769175284432,0.00294202155713963));
#2419=CARTESIAN_POINT('',(-0.0128818770328944,0.0177224758950018,0.00283836250698099));
#2420=CARTESIAN_POINT('',(-0.013559500156726,0.0176838779703323,0.00260580009712263));
#2421=CARTESIAN_POINT('',(-0.0144921390742611,0.0173560403992947,0.00229345519688704));
#2422=CARTESIAN_POINT('',(-0.0153699926155225,0.01685772805362,0.00203326423553477));
#2423=CARTESIAN_POINT('',(-0.0161690563933815,0.0161678944165001,0.00196210459089378));
#2424=CARTESIAN_POINT('',(-0.0168577313533256,0.0153686971299337,0.00203203357249782));
#2425=CARTESIAN_POINT('',(-0.017358095452118,0.0144894376515851,0.00229048106159128));
#2426=CARTESIAN_POINT('',(-0.017684801936835,0.0135560022834505,0.0026085689809853));
#2427=CARTESIAN_POINT('',(-0.0177227718054753,0.0128774678611598,0.00283962986456568));
#2428=CARTESIAN_POINT('',(-0.0177696094457976,0.0125451348422082,0.002943152852888));
#2429=CARTESIAN_POINT('',(-0.0127152215433245,0.0179030316808778,0.00353511393596723));
#2430=CARTESIAN_POINT('',(-0.0130497337470663,0.0178824687911735,0.00343961923362639));
#2431=CARTESIAN_POINT('',(-0.0137120432164143,0.0178582170572688,0.00323079787095557));
#2432=CARTESIAN_POINT('',(-0.0146716074443951,0.0175589873477432,0.00289552604150614));
#2433=CARTESIAN_POINT('',(-0.0155799924265755,0.0170801756467864,0.00266246228498326));
#2434=CARTESIAN_POINT('',(-0.0163999172122814,0.0163989582489087,0.00257412963332612));
#2435=CARTESIAN_POINT('',(-0.0170798827767118,0.0155780311832897,0.00266050411638394));
#2436=CARTESIAN_POINT('',(-0.0175587898237772,0.0146693829047921,0.00289365928971465));
#2437=CARTESIAN_POINT('',(-0.0178587969581474,0.0137088264261394,0.00323206003504006));
#2438=CARTESIAN_POINT('',(-0.0178823933784014,0.0130458983698969,0.00344002054365315));
#2439=CARTESIAN_POINT('',(-0.0179030772425455,0.0127110290083231,0.0035349501851671));
#2440=CARTESIAN_POINT('',(-0.0128214565853255,0.0179699898061601,0.00400499089211684));
#2441=CARTESIAN_POINT('',(-0.0131473023158873,0.0179591587080594,0.00391447406349073));
#2442=CARTESIAN_POINT('',(-0.0138065021855041,0.0179477043610136,0.00369964418192249));
#2443=CARTESIAN_POINT('',(-0.0147798666837163,0.0176736107666178,0.00337152186853463));
#2444=CARTESIAN_POINT('',(-0.0157090422587586,0.0172168350837823,0.00313993955419816));
#2445=CARTESIAN_POINT('',(-0.0165415224990607,0.0165396969440346,0.00305297775519685));
#2446=CARTESIAN_POINT('',(-0.0172153398609677,0.0157067590833198,0.00313783866609802));
#2447=CARTESIAN_POINT('',(-0.0176729462022694,0.0147777338141914,0.00336916291448397));
#2448=CARTESIAN_POINT('',(-0.0179481429905843,0.013803904445535,0.00369972196666791));
#2449=CARTESIAN_POINT('',(-0.0179589894819871,0.0131442281552908,0.00391381412947467));
#2450=CARTESIAN_POINT('',(-0.0179700045644846,0.0128163898543925,0.00400513823523739));
#2451=CARTESIAN_POINT('',(-0.012905856510655,0.0179989876452637,0.00448797449639303));
#2452=CARTESIAN_POINT('',(-0.0132341336476291,0.0179960940003646,0.00438712578059273));
#2453=CARTESIAN_POINT('',(-0.0138912717067109,0.0179945249231981,0.00417341281796486));
#2454=CARTESIAN_POINT('',(-0.0148693158799713,0.0177479902795513,0.00385180291995214));
#2455=CARTESIAN_POINT('',(-0.0158136041946238,0.0173249660975078,0.00362715797731448));
#2456=CARTESIAN_POINT('',(-0.016652423791018,0.0166490559758302,0.00353706984714323));
#2457=CARTESIAN_POINT('',(-0.0173226345557159,0.0158103608780874,0.00362462556517817));
#2458=CARTESIAN_POINT('',(-0.0177473955875649,0.0148685892621134,0.00384888389378453));
#2459=CARTESIAN_POINT('',(-0.0179942479022352,0.0138870558334725,0.0041722889373805));
#2460=CARTESIAN_POINT('',(-0.0179961270401742,0.0132296495778849,0.00438635343764639));
#2461=CARTESIAN_POINT('',(-0.0179990406166788,0.0129019941673066,0.00448732068134705));
#2462=CARTESIAN_POINT('',(-0.0129892960214266,0.0180005382557756,0.00497047623894479));
#2463=CARTESIAN_POINT('',(-0.0133219754601005,0.0180014265652775,0.00486059719530062));
#2464=CARTESIAN_POINT('',(-0.0139761852953326,0.0179984550145707,0.00464280610728293));
#2465=CARTESIAN_POINT('',(-0.0149435205970674,0.0178095153005767,0.00434008767468995));
#2466=CARTESIAN_POINT('',(-0.0159005073939957,0.017389340912102,0.00411732470051358));
#2467=CARTESIAN_POINT('',(-0.0167337960371664,0.0167264520001841,0.00402601793109281));
#2468=CARTESIAN_POINT('',(-0.0173848294109578,0.0158961156208144,0.00411453707167022));
#2469=CARTESIAN_POINT('',(-0.0178093855957654,0.0149448504389876,0.00433621972428543));
#2470=CARTESIAN_POINT('',(-0.0179993720406738,0.0139700195152832,0.00464164616794973));
#2471=CARTESIAN_POINT('',(-0.0180012691840426,0.0133168751416066,0.00486002526906039));
#2472=CARTESIAN_POINT('',(-0.0180005156129092,0.0129881375783789,0.00496962914395249));
#2473=CARTESIAN_POINT('',(-0.0130971800023502,0.0179991553947945,0.00543577053414145));
#2474=CARTESIAN_POINT('',(-0.0134262837986233,0.018000176925941,0.00533297615892184));
#2475=CARTESIAN_POINT('',(-0.0140812020510569,0.0179785309307258,0.00511625696449822));
#2476=CARTESIAN_POINT('',(-0.015031487215475,0.017793231836442,0.00482112248821585));
#2477=CARTESIAN_POINT('',(-0.0159584468091333,0.0174058494144825,0.00461183511626199));
#2478=CARTESIAN_POINT('',(-0.0167928478255909,0.0167817906709568,0.00451429273113702));
#2479=CARTESIAN_POINT('',(-0.0174071622689587,0.0159541585720227,0.00460844569223067));
#2480=CARTESIAN_POINT('',(-0.0177926829864448,0.0150346879325392,0.00481727005953314));
#2481=CARTESIAN_POINT('',(-0.0179792878377283,0.0140778405698085,0.00511448200293219));
#2482=CARTESIAN_POINT('',(-0.0179999544511224,0.0134212599484272,0.00533196708661562));
#2483=CARTESIAN_POINT('',(-0.0179993281116797,0.0130948477519491,0.00543499568082042));
#2484=CARTESIAN_POINT('',(-0.0131665948480421,0.0180052440102619,0.00574293055251805));
#2485=CARTESIAN_POINT('',(-0.0134974861434078,0.0180105570935494,0.00564340268145714));
#2486=CARTESIAN_POINT('',(-0.0141524854903875,0.0179738025832613,0.00543565237331741));
#2487=CARTESIAN_POINT('',(-0.0150940308115365,0.0177662724649324,0.00514447263805186));
#2488=CARTESIAN_POINT('',(-0.0159964376572726,0.0173760454808475,0.00494115286293118));
#2489=CARTESIAN_POINT('',(-0.0167894225627326,0.0167757562454886,0.00485090525414118));
#2490=CARTESIAN_POINT('',(-0.0173784377262388,0.0159892844313494,0.00493835928936475));
#2491=CARTESIAN_POINT('',(-0.0177642479868894,0.0150991627370021,0.00514058165360828));
#2492=CARTESIAN_POINT('',(-0.0179750295443373,0.0141513660621206,0.00543344039951083));
#2493=CARTESIAN_POINT('',(-0.0180096356084117,0.0134933134547082,0.00564238429302666));
#2494=CARTESIAN_POINT('',(-0.0180073837676501,0.0131658720153499,0.00574263867762062));
#2495=CARTESIAN_POINT('',(-0.0132019723209855,0.018008930106773,0.00589824090627072));
#2496=CARTESIAN_POINT('',(-0.0135318205052785,0.0180062234613265,0.00579751641684179));
#2497=CARTESIAN_POINT('',(-0.0141878866849707,0.0179805927864514,0.00559414498524617));
#2498=CARTESIAN_POINT('',(-0.0151224685145984,0.0177600243100763,0.00530719025711619));
#2499=CARTESIAN_POINT('',(-0.0160200468022205,0.0173620643803999,0.00510470006928222));
#2500=CARTESIAN_POINT('',(-0.0167874222687886,0.0167729397228792,0.00502378579274624));
#2501=CARTESIAN_POINT('',(-0.0173651967683539,0.016010948242671,0.00510232509317756));
#2502=CARTESIAN_POINT('',(-0.0177581033582286,0.0151285138682282,0.00530325734630877));
#2503=CARTESIAN_POINT('',(-0.0179815183378194,0.0141866712375578,0.00559177068611939));
#2504=CARTESIAN_POINT('',(-0.0180057994320812,0.013528920076768,0.0057965487916333));
#2505=CARTESIAN_POINT('',(-0.0180109197143726,0.0132014878983258,0.00589792447604127));
#2506=CARTESIAN_POINT('',(0.0180181709713924,0.0131922095174544,0.0300818006401791));
#2507=CARTESIAN_POINT('',(0.018012924711367,0.0135221678143263,0.0301859174007363));
#2508=CARTESIAN_POINT('',(0.017981637605317,0.0140193534659338,0.0303454524752187));
#2509=CARTESIAN_POINT('',(0.0178669467808293,0.0146526920720352,0.0305424116557124));
#2510=CARTESIAN_POINT('',(0.0177403763893508,0.0151140935348464,0.0306764712869771));
#2511=CARTESIAN_POINT('',(0.0175642013813911,0.0155644054100285,0.0307916508672947));
#2512=CARTESIAN_POINT('',(0.0172680534412236,0.0161410352832731,0.0309120061926279));
#2513=CARTESIAN_POINT('',(0.016778322385044,0.0167830257375184,0.0309773447904744));
#2514=CARTESIAN_POINT('',(0.0161350718186588,0.0172716676164173,0.0309096015967635));
#2515=CARTESIAN_POINT('',(0.015562803086407,0.017564514203162,0.0307916174324981));
#2516=CARTESIAN_POINT('',(0.0149645149658491,0.0177988813920163,0.030639290669415));
#2517=CARTESIAN_POINT('',(0.0141808432488758,0.017975058263461,0.0303981049648105));
#2518=CARTESIAN_POINT('',(0.0135215696774643,0.01801051454779,0.0301806449047749));
#2519=CARTESIAN_POINT('',(0.0131921599007634,0.0180137885999111,0.0300754091627777));
#2520=CARTESIAN_POINT('',(0.0180142247757323,0.0131590615152769,0.0302398321549504));
#2521=CARTESIAN_POINT('',(0.0180108229587755,0.0134891573876471,0.0303446410096811));
#2522=CARTESIAN_POINT('',(0.0179834021237541,0.0139862583203902,0.0305044703324987));
#2523=CARTESIAN_POINT('',(0.0178703169025716,0.0146229195463513,0.0307051754172021));
#2524=CARTESIAN_POINT('',(0.017744480755263,0.0150876506063681,0.0308411210385686));
#2525=CARTESIAN_POINT('',(0.0175713808036821,0.0155427539116498,0.0309567863235814));
#2526=CARTESIAN_POINT('',(0.0172777796657179,0.0161268090333611,0.0310778122464779));
#2527=CARTESIAN_POINT('',(0.0167751047161538,0.016789968989054,0.0311497133791294));
#2528=CARTESIAN_POINT('',(0.0161192393393862,0.0172810794278816,0.0310757081631587));
#2529=CARTESIAN_POINT('',(0.0155413308226708,0.0175727375497817,0.0309560466297015));
#2530=CARTESIAN_POINT('',(0.0149371754477205,0.0178007325654189,0.0308028957410427));
#2531=CARTESIAN_POINT('',(0.0141487884668909,0.0179753278742042,0.0305586188130804));
#2532=CARTESIAN_POINT('',(0.0134886223595049,0.0180104329676069,0.030339160589502));
#2533=CARTESIAN_POINT('',(0.0131594151627335,0.0180100024129295,0.0302347144665703));
#2534=CARTESIAN_POINT('',(0.0179988827895927,0.0130932261947016,0.0305589142370136));
#2535=CARTESIAN_POINT('',(0.0179994106790171,0.0134238189740061,0.0306583233376889));
#2536=CARTESIAN_POINT('',(0.0179841518019854,0.0139214943598796,0.0308282318163092));
#2537=CARTESIAN_POINT('',(0.0178846446496691,0.0145605658201187,0.0310317681400242));
#2538=CARTESIAN_POINT('',(0.0177661745817496,0.0150311494534234,0.0311689478454748));
#2539=CARTESIAN_POINT('',(0.0176007066967439,0.0154970768694796,0.0312876072822685));
#2540=CARTESIAN_POINT('',(0.0173009441696972,0.0160996192379989,0.0314118512365629));
#2541=CARTESIAN_POINT('',(0.0167744590990838,0.0167988348543932,0.0314865611985493));
#2542=CARTESIAN_POINT('',(0.0160864898622476,0.017308468021015,0.031405901881283));
#2543=CARTESIAN_POINT('',(0.0154924710842303,0.017600423587611,0.0312841588760688));
#2544=CARTESIAN_POINT('',(0.0148791711436977,0.0178220378513873,0.0311300517149724));
#2545=CARTESIAN_POINT('',(0.0140866986647656,0.0179783370892924,0.0308832577292792));
#2546=CARTESIAN_POINT('',(0.013424246404908,0.0179999972016551,0.0306587392814432));
#2547=CARTESIAN_POINT('',(0.013091683380415,0.0179990615798427,0.0305522622066178));
#2548=CARTESIAN_POINT('',(0.0180006092921617,0.0129896031058793,0.0310280893740035));
#2549=CARTESIAN_POINT('',(0.0180018525443792,0.0133193782368364,0.0311389528730715));
#2550=CARTESIAN_POINT('',(0.0180000850986842,0.0138102168699004,0.0313029283552832));
#2551=CARTESIAN_POINT('',(0.0179025735814759,0.0144659569675416,0.0315104758713356));
#2552=CARTESIAN_POINT('',(0.0177818231471784,0.0149542434994502,0.0316558406026879));
#2553=CARTESIAN_POINT('',(0.0175861992319465,0.0154285364710602,0.031779647122571));
#2554=CARTESIAN_POINT('',(0.0172629642256424,0.0160411476715721,0.0319073651000632));
#2555=CARTESIAN_POINT('',(0.0167180544082316,0.0167429402055367,0.031976250226548));
#2556=CARTESIAN_POINT('',(0.0160244040255486,0.0172743373238053,0.0319013077179434));
#2557=CARTESIAN_POINT('',(0.0154207236373572,0.0176005334927598,0.0317731737384196));
#2558=CARTESIAN_POINT('',(0.0147852427661776,0.0178403259515806,0.0316055042283961));
#2559=CARTESIAN_POINT('',(0.0139783696004541,0.0179987072441244,0.0313570592604699));
#2560=CARTESIAN_POINT('',(0.0133203486676587,0.0180016311251711,0.0311385614286372));
#2561=CARTESIAN_POINT('',(0.0129898182926094,0.0180005729251502,0.0310272684409703));
#2562=CARTESIAN_POINT('',(0.017998817407409,0.0129110281343832,0.0315170574447202));
#2563=CARTESIAN_POINT('',(0.0179952532470054,0.0132443478519962,0.031616049231179));
#2564=CARTESIAN_POINT('',(0.0179931256200889,0.0137376858705409,0.0317828928941928));
#2565=CARTESIAN_POINT('',(0.0178630295018624,0.014391609490973,0.0319996709683417));
#2566=CARTESIAN_POINT('',(0.0177249320414312,0.014873762053501,0.0321446943207498));
#2567=CARTESIAN_POINT('',(0.0175305781004363,0.0153479854417124,0.0322717631936505));
#2568=CARTESIAN_POINT('',(0.0171913380285474,0.0159578850392893,0.0323981745783229));
#2569=CARTESIAN_POINT('',(0.0166348591116516,0.0166576199347239,0.0324663666824265));
#2570=CARTESIAN_POINT('',(0.015940034390583,0.0172074404766739,0.0323922067113488));
#2571=CARTESIAN_POINT('',(0.0153352787461841,0.0175390582982312,0.0322624705089798));
#2572=CARTESIAN_POINT('',(0.014709335083001,0.0177829133749846,0.0320986277760143));
#2573=CARTESIAN_POINT('',(0.0139020485092641,0.0179933947873354,0.0318312777309797));
#2574=CARTESIAN_POINT('',(0.0132420773008795,0.0179952722199579,0.0316142974511339));
#2575=CARTESIAN_POINT('',(0.0129103360441403,0.0179989302824911,0.0315154138184349));
#2576=CARTESIAN_POINT('',(0.0179600649737077,0.0127926304756238,0.0321559125690444));
#2577=CARTESIAN_POINT('',(0.0179467851197515,0.0131318253645448,0.0322584291143937));
#2578=CARTESIAN_POINT('',(0.0179340084373212,0.0136353577345897,0.0324222281666788));
#2579=CARTESIAN_POINT('',(0.0177720085959171,0.0142741467086444,0.0326398488437734));
#2580=CARTESIAN_POINT('',(0.0176217024451159,0.0147517846404818,0.0327966590630368));
#2581=CARTESIAN_POINT('',(0.0174026048805031,0.0152162450627711,0.0329180789815201));
#2582=CARTESIAN_POINT('',(0.0170488788397191,0.0158139464299533,0.0330477176764541));
#2583=CARTESIAN_POINT('',(0.0164827113969411,0.0165034896159587,0.0331112259628569));
#2584=CARTESIAN_POINT('',(0.0157971283755927,0.017063249907249,0.0330405901898098));
#2585=CARTESIAN_POINT('',(0.0152029454136944,0.0174118035502618,0.0329112071718057));
#2586=CARTESIAN_POINT('',(0.0145866686934167,0.01768818760158,0.0327426885893553));
#2587=CARTESIAN_POINT('',(0.0137952294147436,0.0179279007374699,0.0324729382627873));
#2588=CARTESIAN_POINT('',(0.01312965253383,0.0179475640822753,0.0322560829158918));
#2589=CARTESIAN_POINT('',(0.0127937413912201,0.0179599164035199,0.0321556397292167));
#2590=CARTESIAN_POINT('',(0.0178161699329916,0.0126140804941592,0.0329388005734257));
#2591=CARTESIAN_POINT('',(0.017779490481714,0.0129402278626434,0.0330324425645368));
#2592=CARTESIAN_POINT('',(0.0177523493960285,0.0134469097738027,0.033203996087536));
#2593=CARTESIAN_POINT('',(0.0175928441052326,0.0140830013118364,0.0334314988888244));
#2594=CARTESIAN_POINT('',(0.0173935069155498,0.0145437289098715,0.0335749910493294));
#2595=CARTESIAN_POINT('',(0.0171680754909978,0.0149905228019869,0.0337156082283817));
#2596=CARTESIAN_POINT('',(0.0167913741820488,0.0155663296066405,0.0338338934024102));
#2597=CARTESIAN_POINT('',(0.0162196674536957,0.0162365352647454,0.0338992262484817));
#2598=CARTESIAN_POINT('',(0.0155520009552089,0.016806160565326,0.0338287404739616));
#2599=CARTESIAN_POINT('',(0.0149834909916496,0.0171709377583973,0.0337005083558297));
#2600=CARTESIAN_POINT('',(0.0143850197893775,0.0174677411910951,0.033524002962764));
#2601=CARTESIAN_POINT('',(0.0136137424950297,0.017746670347276,0.0332682760876127));
#2602=CARTESIAN_POINT('',(0.0129403515734886,0.0177785962925723,0.0330323795223542));
#2603=CARTESIAN_POINT('',(0.0126095528095567,0.0178180726664336,0.0329301478711326));
#2604=CARTESIAN_POINT('',(0.017502705860808,0.0123137798143073,0.0337583059163789));
#2605=CARTESIAN_POINT('',(0.0174338516157592,0.0126256236717921,0.0338629025448649));
#2606=CARTESIAN_POINT('',(0.0173583771476621,0.013113804781116,0.0340242524476525));
#2607=CARTESIAN_POINT('',(0.0171893623614579,0.0137309084343982,0.0342903387650035));
#2608=CARTESIAN_POINT('',(0.0170075092720908,0.0141714548958197,0.03446998840043));
#2609=CARTESIAN_POINT('',(0.0167370971147387,0.0145971313865654,0.0345707082312639));
#2610=CARTESIAN_POINT('',(0.016338805244089,0.0151400883176969,0.034692087847262));
#2611=CARTESIAN_POINT('',(0.0157706039446788,0.0157822582890038,0.0347399968847237));
#2612=CARTESIAN_POINT('',(0.0151350201858088,0.0163585822538507,0.0346899903085513));
#2613=CARTESIAN_POINT('',(0.0145902111935459,0.0167614971463345,0.0345723828499878));
#2614=CARTESIAN_POINT('',(0.0140414477336158,0.0171063970113697,0.0344048650173548));
#2615=CARTESIAN_POINT('',(0.0132721077313336,0.0173294470545959,0.0340921910884101));
#2616=CARTESIAN_POINT('',(0.0126233806750242,0.0174359437953487,0.0338530909879012));
#2617=CARTESIAN_POINT('',(0.0123132412964091,0.0175113469892061,0.0337475259737189));
#2618=CARTESIAN_POINT('',(0.0171009854553312,0.0119040223894536,0.0344302624270284));
#2619=CARTESIAN_POINT('',(0.0169911029363999,0.0122047556372698,0.0345329879349964));
#2620=CARTESIAN_POINT('',(0.0168553578192543,0.0126638419423329,0.0346884496655039));
#2621=CARTESIAN_POINT('',(0.0166062142173801,0.0132516430254896,0.0349340428815679));
#2622=CARTESIAN_POINT('',(0.0163871285682273,0.0136715917213463,0.0351123524605884));
#2623=CARTESIAN_POINT('',(0.0161316823174257,0.0140636387339597,0.0352562931203338));
#2624=CARTESIAN_POINT('',(0.0157461193160663,0.0145771970680521,0.0353526664946032));
#2625=CARTESIAN_POINT('',(0.0151832191372395,0.0151888673236791,0.0354088082170425));
#2626=CARTESIAN_POINT('',(0.0145770511815501,0.0157479806644685,0.03534603843813));
#2627=CARTESIAN_POINT('',(0.0140725913609258,0.0161415960892433,0.0352507768480522));
#2628=CARTESIAN_POINT('',(0.0135393263492384,0.016479309048078,0.0350598973392629));
#2629=CARTESIAN_POINT('',(0.0128124322415702,0.0167992382222309,0.0347471756805283));
#2630=CARTESIAN_POINT('',(0.0122088573559532,0.0170046357195126,0.0345181253166039));
#2631=CARTESIAN_POINT('',(0.0119156910849381,0.017125042216209,0.0344221562954048));
#2632=CARTESIAN_POINT('',(0.0166149999292111,0.0114182430215623,0.0349583017146865));
#2633=CARTESIAN_POINT('',(0.0164856164366248,0.0117011206278467,0.0350494686939456));
#2634=CARTESIAN_POINT('',(0.0162804742145992,0.0121149632579442,0.035186815600943));
#2635=CARTESIAN_POINT('',(0.0159733566279113,0.0126670653305213,0.0353676201156961));
#2636=CARTESIAN_POINT('',(0.0157144451770883,0.0130665487452781,0.0355114368029393));
#2637=CARTESIAN_POINT('',(0.0154249316549677,0.0134418483115412,0.035647380700185));
#2638=CARTESIAN_POINT('',(0.0150140766242069,0.0139187672487018,0.0357861957670643));
#2639=CARTESIAN_POINT('',(0.0145034809396398,0.0144922760777087,0.0358292944440821));
#2640=CARTESIAN_POINT('',(0.0139275498793921,0.0150260170696222,0.0357835187358361));
#2641=CARTESIAN_POINT('',(0.0134426780746419,0.0154300651643974,0.0356460611435754));
#2642=CARTESIAN_POINT('',(0.0129346166783015,0.0158056160394826,0.0354683548639158));
#2643=CARTESIAN_POINT('',(0.0122596587912656,0.0162195716634141,0.0352178699597992));
#2644=CARTESIAN_POINT('',(0.0117120855903582,0.0165285176238635,0.0350421076821508));
#2645=CARTESIAN_POINT('',(0.011430952897222,0.0166699727978543,0.0349492475723211));
#2646=CARTESIAN_POINT('',(0.0160661885177392,0.010837412399853,0.0353788177470892));
#2647=CARTESIAN_POINT('',(0.0159084567026466,0.0111040597207875,0.0354541122522445));
#2648=CARTESIAN_POINT('',(0.015690083157271,0.0115123000700648,0.0355817872758791));
#2649=CARTESIAN_POINT('',(0.0153228995416952,0.0120237906425081,0.0356914237359985));
#2650=CARTESIAN_POINT('',(0.0150453088308044,0.0123935375674144,0.0357655094281584));
#2651=CARTESIAN_POINT('',(0.0147353504744575,0.012746103142576,0.0358509714396529));
#2652=CARTESIAN_POINT('',(0.0142970926030812,0.0132006758094673,0.0359531599443786));
#2653=CARTESIAN_POINT('',(0.0137531818661903,0.0137473045004706,0.0360280823987111));
#2654=CARTESIAN_POINT('',(0.0131973423907915,0.0142999522913966,0.0359534464909147));
#2655=CARTESIAN_POINT('',(0.0127382754685892,0.0147312540361792,0.035851779939151));
#2656=CARTESIAN_POINT('',(0.0122702900460521,0.0151474990537095,0.0357375897622935));
#2657=CARTESIAN_POINT('',(0.0116498704046267,0.0156237999600186,0.0356091340573475));
#2658=CARTESIAN_POINT('',(0.0111183623615598,0.01596920591147,0.035466603977575));
#2659=CARTESIAN_POINT('',(0.0108567807431181,0.0161394899961401,0.0353926239594441));
#2660=CARTESIAN_POINT('',(0.0156504743909023,0.0104145840703488,0.0355847893997291));
#2661=CARTESIAN_POINT('',(0.0154917138617024,0.010678676217633,0.0356543153493053));
#2662=CARTESIAN_POINT('',(0.0152438011964789,0.0110717934366105,0.035751723984166));
#2663=CARTESIAN_POINT('',(0.0148878832361938,0.0115722223220317,0.0358555209357762));
#2664=CARTESIAN_POINT('',(0.0145888835297855,0.0119286203676475,0.0359195394112262));
#2665=CARTESIAN_POINT('',(0.0142751296551541,0.0122727793434152,0.0359428256448377));
#2666=CARTESIAN_POINT('',(0.0138188155292333,0.0127103672706375,0.0359846473663745));
#2667=CARTESIAN_POINT('',(0.0132318798500224,0.0132314524942513,0.0360108591118757));
#2668=CARTESIAN_POINT('',(0.0127010116812618,0.0138169096018427,0.0359845592185058));
#2669=CARTESIAN_POINT('',(0.0122712681198719,0.0142783736128862,0.0359425838025674));
#2670=CARTESIAN_POINT('',(0.0118350233778173,0.0147227275953071,0.0359045992555466));
#2671=CARTESIAN_POINT('',(0.0112159921623388,0.0151998788806232,0.0357793878662346));
#2672=CARTESIAN_POINT('',(0.010701973016248,0.0155548889782134,0.0356571806095969));
#2673=CARTESIAN_POINT('',(0.0104406381193589,0.0157298925154836,0.0355932081604067));
#2674=CARTESIAN_POINT('',(0.0154408123211766,0.0102010416557287,0.0356848627647514));
#2675=CARTESIAN_POINT('',(0.0152790058129747,0.0104639545720422,0.0357524967472979));
#2676=CARTESIAN_POINT('',(0.0150334443568132,0.0108552095809751,0.0358480834617808));
#2677=CARTESIAN_POINT('',(0.0146629673798859,0.0113481099702547,0.035935152414428));
#2678=CARTESIAN_POINT('',(0.0143641963921569,0.0117017562364521,0.035977219960865));
#2679=CARTESIAN_POINT('',(0.0140331010737186,0.0120460967168016,0.0359855810096506));
#2680=CARTESIAN_POINT('',(0.0135930973175356,0.012480349114208,0.0360007066183666));
#2681=CARTESIAN_POINT('',(0.0129764163739925,0.0129771499034625,0.0359996054629044));
#2682=CARTESIAN_POINT('',(0.0124678042421618,0.0135849616139631,0.0360006549596986));
#2683=CARTESIAN_POINT('',(0.0120616601952099,0.0140566838153244,0.0359881898823068));
#2684=CARTESIAN_POINT('',(0.0116061257454996,0.014499586938027,0.0359701637520808));
#2685=CARTESIAN_POINT('',(0.0110087902193007,0.0149944418408424,0.0358764742895232));
#2686=CARTESIAN_POINT('',(0.0104902190468604,0.0153490984170224,0.035756314106301));
#2687=CARTESIAN_POINT('',(0.0102316226382528,0.0155253968909446,0.035693155965996));
#2688=CARTESIAN_POINT('',(-0.0180181709713925,-0.0131922095174549,0.0300818006401782));
#2689=CARTESIAN_POINT('',(-0.018012924711367,-0.0135221678143267,0.0301859174007356));
#2690=CARTESIAN_POINT('',(-0.017981637605317,-0.0140193534659342,0.030345452475218));
#2691=CARTESIAN_POINT('',(-0.0178669467808292,-0.0146526920720355,0.0305424116557118));
#2692=CARTESIAN_POINT('',(-0.0177403763893507,-0.0151140935348467,0.0306764712869766));
#2693=CARTESIAN_POINT('',(-0.0175642013813911,-0.0155644054100287,0.0307916508672943));
#2694=CARTESIAN_POINT('',(-0.0172680534412235,-0.0161410352832733,0.0309120061926277));
#2695=CARTESIAN_POINT('',(-0.0167783223850438,-0.0167830257375185,0.0309773447904744));
#2696=CARTESIAN_POINT('',(-0.0161350718186586,-0.0172716676164175,0.0309096015967637));
#2697=CARTESIAN_POINT('',(-0.0155628030864067,-0.0175645142031621,0.0307916174324986));
#2698=CARTESIAN_POINT('',(-0.0149645149658489,-0.0177988813920164,0.0306392906694156));
#2699=CARTESIAN_POINT('',(-0.0141808432488755,-0.017975058263461,0.0303981049648113));
#2700=CARTESIAN_POINT('',(-0.0135215696774639,-0.0180105145477899,0.0301806449047758));
#2701=CARTESIAN_POINT('',(-0.013192159900763,-0.0180137885999111,0.0300754091627786));
#2702=CARTESIAN_POINT('',(-0.0180142247757323,-0.0131590615152773,0.0302398321549495));
#2703=CARTESIAN_POINT('',(-0.0180108229587756,-0.0134891573876475,0.0303446410096803));
#2704=CARTESIAN_POINT('',(-0.017983402123754,-0.0139862583203906,0.030504470332498));
#2705=CARTESIAN_POINT('',(-0.0178703169025716,-0.0146229195463516,0.0307051754172015));
#2706=CARTESIAN_POINT('',(-0.0177444807552629,-0.0150876506063683,0.0308411210385681));
#2707=CARTESIAN_POINT('',(-0.017571380803682,-0.01554275391165,0.030956786323581));
#2708=CARTESIAN_POINT('',(-0.0172777796657178,-0.0161268090333612,0.0310778122464777));
#2709=CARTESIAN_POINT('',(-0.0167751047161537,-0.0167899689890541,0.0311497133791294));
#2710=CARTESIAN_POINT('',(-0.016119239339386,-0.0172810794278817,0.0310757081631589));
#2711=CARTESIAN_POINT('',(-0.0155413308226706,-0.0175727375497819,0.0309560466297019));
#2712=CARTESIAN_POINT('',(-0.0149371754477202,-0.017800732565419,0.0308028957410432));
#2713=CARTESIAN_POINT('',(-0.0141487884668906,-0.0179753278742042,0.0305586188130811));
#2714=CARTESIAN_POINT('',(-0.0134886223595045,-0.0180104329676069,0.0303391605895029));
#2715=CARTESIAN_POINT('',(-0.0131594151627331,-0.0180100024129295,0.0302347144665712));
#2716=CARTESIAN_POINT('',(-0.0179988827895927,-0.0130932261947019,0.0305589142370126));
#2717=CARTESIAN_POINT('',(-0.0179994106790171,-0.0134238189740065,0.030658323337688));
#2718=CARTESIAN_POINT('',(-0.0179841518019854,-0.0139214943598799,0.0308282318163084));
#2719=CARTESIAN_POINT('',(-0.017884644649669,-0.0145605658201189,0.0310317681400236));
#2720=CARTESIAN_POINT('',(-0.0177661745817495,-0.0150311494534236,0.0311689478454743));
#2721=CARTESIAN_POINT('',(-0.0176007066967438,-0.0154970768694798,0.0312876072822681));
#2722=CARTESIAN_POINT('',(-0.0173009441696972,-0.016099619237999,0.0314118512365626));
#2723=CARTESIAN_POINT('',(-0.0167744590990837,-0.0167988348543933,0.0314865611985492));
#2724=CARTESIAN_POINT('',(-0.0160864898622475,-0.0173084680210151,0.0314059018812832));
#2725=CARTESIAN_POINT('',(-0.0154924710842302,-0.0176004235876111,0.0312841588760691));
#2726=CARTESIAN_POINT('',(-0.0148791711436974,-0.0178220378513873,0.031130051714973));
#2727=CARTESIAN_POINT('',(-0.0140866986647653,-0.0179783370892925,0.0308832577292799));
#2728=CARTESIAN_POINT('',(-0.0134242464049077,-0.0179999972016551,0.0306587392814441));
#2729=CARTESIAN_POINT('',(-0.0130916833804147,-0.0179990615798427,0.0305522622066187));
#2730=CARTESIAN_POINT('',(-0.0180006092921617,-0.0129896031058795,0.0310280893740025));
#2731=CARTESIAN_POINT('',(-0.0180018525443792,-0.0133193782368366,0.0311389528730705));
#2732=CARTESIAN_POINT('',(-0.0180000850986842,-0.0138102168699006,0.0313029283552823));
#2733=CARTESIAN_POINT('',(-0.0179025735814759,-0.0144659569675417,0.0315104758713349));
#2734=CARTESIAN_POINT('',(-0.0177818231471784,-0.0149542434994503,0.0316558406026873));
#2735=CARTESIAN_POINT('',(-0.0175861992319466,-0.0154285364710602,0.0317796471225705));
#2736=CARTESIAN_POINT('',(-0.0172629642256425,-0.0160411476715721,0.031907365100063));
#2737=CARTESIAN_POINT('',(-0.0167180544082316,-0.0167429402055367,0.031976250226548));
#2738=CARTESIAN_POINT('',(-0.0160244040255485,-0.0172743373238053,0.0319013077179436));
#2739=CARTESIAN_POINT('',(-0.0154207236373572,-0.0176005334927597,0.0317731737384201));
#2740=CARTESIAN_POINT('',(-0.0147852427661776,-0.0178403259515806,0.0316055042283967));
#2741=CARTESIAN_POINT('',(-0.0139783696004539,-0.0179987072441245,0.0313570592604707));
#2742=CARTESIAN_POINT('',(-0.0133203486676585,-0.0180016311251711,0.0311385614286381));
#2743=CARTESIAN_POINT('',(-0.0129898182926092,-0.0180005729251502,0.0310272684409713));
#2744=CARTESIAN_POINT('',(-0.017998817407409,-0.0129110281343832,0.0315170574447192));
#2745=CARTESIAN_POINT('',(-0.0179952532470054,-0.0132443478519962,0.031616049231178));
#2746=CARTESIAN_POINT('',(-0.017993125620089,-0.0137376858705409,0.0317828928941919));
#2747=CARTESIAN_POINT('',(-0.0178630295018625,-0.014391609490973,0.031999670968341));
#2748=CARTESIAN_POINT('',(-0.0177249320414312,-0.0148737620535009,0.0321446943207492));
#2749=CARTESIAN_POINT('',(-0.0175305781004363,-0.0153479854417123,0.0322717631936501));
#2750=CARTESIAN_POINT('',(-0.0171913380285474,-0.0159578850392891,0.0323981745783226));
#2751=CARTESIAN_POINT('',(-0.0166348591116517,-0.0166576199347238,0.0324663666824265));
#2752=CARTESIAN_POINT('',(-0.015940034390583,-0.0172074404766738,0.032392206711349));
#2753=CARTESIAN_POINT('',(-0.0153352787461842,-0.0175390582982311,0.0322624705089802));
#2754=CARTESIAN_POINT('',(-0.014709335083001,-0.0177829133749846,0.0320986277760149));
#2755=CARTESIAN_POINT('',(-0.013902048509264,-0.0179933947873353,0.0318312777309804));
#2756=CARTESIAN_POINT('',(-0.0132420773008795,-0.0179952722199578,0.0316142974511349));
#2757=CARTESIAN_POINT('',(-0.0129103360441403,-0.0179989302824911,0.031515413818436));
#2758=CARTESIAN_POINT('',(-0.0179600649737078,-0.0127926304756237,0.0321559125690433));
#2759=CARTESIAN_POINT('',(-0.0179467851197516,-0.0131318253645447,0.0322584291143927));
#2760=CARTESIAN_POINT('',(-0.0179340084373213,-0.0136353577345897,0.0324222281666777));
#2761=CARTESIAN_POINT('',(-0.0177720085959171,-0.0142741467086441,0.0326398488437727));
#2762=CARTESIAN_POINT('',(-0.0176217024451159,-0.0147517846404816,0.0327966590630363));
#2763=CARTESIAN_POINT('',(-0.0174026048805031,-0.0152162450627709,0.0329180789815197));
#2764=CARTESIAN_POINT('',(-0.0170488788397192,-0.0158139464299531,0.0330477176764539));
#2765=CARTESIAN_POINT('',(-0.0164827113969412,-0.0165034896159585,0.0331112259628569));
#2766=CARTESIAN_POINT('',(-0.0157971283755928,-0.0170632499072488,0.0330405901898101));
#2767=CARTESIAN_POINT('',(-0.0152029454136945,-0.0174118035502616,0.0329112071718062));
#2768=CARTESIAN_POINT('',(-0.0145866686934169,-0.0176881876015798,0.032742688589356));
#2769=CARTESIAN_POINT('',(-0.0137952294147438,-0.0179279007374698,0.0324729382627882));
#2770=CARTESIAN_POINT('',(-0.0131296525338301,-0.0179475640822752,0.0322560829158928));
#2771=CARTESIAN_POINT('',(-0.0127937413912202,-0.0179599164035198,0.0321556397292178));
#2772=CARTESIAN_POINT('',(-0.017816169932992,-0.0126140804941589,0.0329388005734246));
#2773=CARTESIAN_POINT('',(-0.0177794904817143,-0.0129402278626431,0.0330324425645356));
#2774=CARTESIAN_POINT('',(-0.017752349396029,-0.0134469097738024,0.033203996087535));
#2775=CARTESIAN_POINT('',(-0.0175928441052326,-0.0140830013118362,0.0334314988888237));
#2776=CARTESIAN_POINT('',(-0.0173935069155499,-0.0145437289098712,0.0335749910493288));
#2777=CARTESIAN_POINT('',(-0.0171680754909979,-0.0149905228019866,0.0337156082283814));
#2778=CARTESIAN_POINT('',(-0.016791374182049,-0.0155663296066401,0.0338338934024101));
#2779=CARTESIAN_POINT('',(-0.0162196674536958,-0.016236535264745,0.0338992262484818));
#2780=CARTESIAN_POINT('',(-0.0155520009552092,-0.0168061605653255,0.0338287404739619));
#2781=CARTESIAN_POINT('',(-0.0149834909916499,-0.0171709377583969,0.0337005083558302));
#2782=CARTESIAN_POINT('',(-0.0143850197893779,-0.0174677411910947,0.0335240029627648));
#2783=CARTESIAN_POINT('',(-0.0136137424950299,-0.0177466703472756,0.0332682760876137));
#2784=CARTESIAN_POINT('',(-0.0129403515734889,-0.017778596292572,0.0330323795223552));
#2785=CARTESIAN_POINT('',(-0.012609552809557,-0.0178180726664333,0.0329301478711337));
#2786=CARTESIAN_POINT('',(-0.0175027058608086,-0.0123137798143068,0.0337583059163778));
#2787=CARTESIAN_POINT('',(-0.0174338516157596,-0.0126256236717916,0.0338629025448639));
#2788=CARTESIAN_POINT('',(-0.0173583771476626,-0.0131138047811155,0.0340242524476515));
#2789=CARTESIAN_POINT('',(-0.0171893623614585,-0.0137309084343979,0.0342903387650027));
#2790=CARTESIAN_POINT('',(-0.0170075092720912,-0.0141714548958193,0.0344699884004297));
#2791=CARTESIAN_POINT('',(-0.0167370971147391,-0.014597131386565,0.0345707082312637));
#2792=CARTESIAN_POINT('',(-0.0163388052440894,-0.0151400883176964,0.034692087847262));
#2793=CARTESIAN_POINT('',(-0.0157706039446792,-0.0157822582890032,0.0347399968847239));
#2794=CARTESIAN_POINT('',(-0.0151350201858092,-0.01635858225385,0.0346899903085517));
#2795=CARTESIAN_POINT('',(-0.0145902111935463,-0.0167614971463337,0.0345723828499882));
#2796=CARTESIAN_POINT('',(-0.0140414477336162,-0.0171063970113691,0.0344048650173556));
#2797=CARTESIAN_POINT('',(-0.013272107731334,-0.0173294470545954,0.034092191088411));
#2798=CARTESIAN_POINT('',(-0.0126233806750246,-0.0174359437953481,0.0338530909879022));
#2799=CARTESIAN_POINT('',(-0.0123132412964095,-0.0175113469892056,0.03374752597372));
#2800=CARTESIAN_POINT('',(-0.0171009854553322,-0.0119040223894529,0.0344302624270273));
#2801=CARTESIAN_POINT('',(-0.0169911029364007,-0.0122047556372692,0.0345329879349955));
#2802=CARTESIAN_POINT('',(-0.0168553578192551,-0.0126638419423323,0.034688449665503));
#2803=CARTESIAN_POINT('',(-0.016606214217381,-0.0132516430254891,0.0349340428815671));
#2804=CARTESIAN_POINT('',(-0.0163871285682282,-0.0136715917213458,0.0351123524605877));
#2805=CARTESIAN_POINT('',(-0.0161316823174264,-0.0140636387339591,0.0352562931203335));
#2806=CARTESIAN_POINT('',(-0.0157461193160668,-0.0145771970680515,0.0353526664946032));
#2807=CARTESIAN_POINT('',(-0.0151832191372401,-0.0151888673236783,0.0354088082170427));
#2808=CARTESIAN_POINT('',(-0.0145770511815507,-0.0157479806644676,0.0353460384381302));
#2809=CARTESIAN_POINT('',(-0.0140725913609263,-0.0161415960892424,0.0352507768480527));
#2810=CARTESIAN_POINT('',(-0.0135393263492389,-0.0164793090480772,0.0350598973392636));
#2811=CARTESIAN_POINT('',(-0.0128124322415708,-0.0167992382222301,0.0347471756805292));
#2812=CARTESIAN_POINT('',(-0.0122088573559538,-0.0170046357195117,0.0345181253166049));
#2813=CARTESIAN_POINT('',(-0.0119156910849387,-0.0171250422162081,0.0344221562954058));
#2814=CARTESIAN_POINT('',(-0.0166149999292124,-0.0114182430215615,0.0349583017146853));
#2815=CARTESIAN_POINT('',(-0.0164856164366261,-0.0117011206278459,0.0350494686939444));
#2816=CARTESIAN_POINT('',(-0.0162804742146004,-0.0121149632579434,0.0351868156009423));
#2817=CARTESIAN_POINT('',(-0.0159733566279124,-0.0126670653305207,0.0353676201156955));
#2818=CARTESIAN_POINT('',(-0.0157144451770894,-0.0130665487452775,0.0355114368029388));
#2819=CARTESIAN_POINT('',(-0.0154249316549687,-0.0134418483115406,0.0356473807001845));
#2820=CARTESIAN_POINT('',(-0.0150140766242078,-0.0139187672487012,0.0357861957670641));
#2821=CARTESIAN_POINT('',(-0.0145034809396404,-0.014492276077708,0.0358292944440821));
#2822=CARTESIAN_POINT('',(-0.0139275498793927,-0.0150260170696211,0.0357835187358363));
#2823=CARTESIAN_POINT('',(-0.0134426780746425,-0.0154300651643964,0.0356460611435759));
#2824=CARTESIAN_POINT('',(-0.0129346166783022,-0.0158056160394815,0.0354683548639163));
#2825=CARTESIAN_POINT('',(-0.0122596587912662,-0.016219571663413,0.0352178699597999));
#2826=CARTESIAN_POINT('',(-0.0117120855903591,-0.0165285176238624,0.0350421076821516));
#2827=CARTESIAN_POINT('',(-0.0114309528972228,-0.0166699727978533,0.0349492475723219));
#2828=CARTESIAN_POINT('',(-0.0160661885177408,-0.010837412399852,0.0353788177470878));
#2829=CARTESIAN_POINT('',(-0.0159084567026481,-0.0111040597207866,0.0354541122522433));
#2830=CARTESIAN_POINT('',(-0.0156900831572725,-0.0115123000700639,0.0355817872758779));
#2831=CARTESIAN_POINT('',(-0.0153228995416967,-0.0120237906425072,0.0356914237359979));
#2832=CARTESIAN_POINT('',(-0.0150453088308058,-0.0123935375674135,0.0357655094281581));
#2833=CARTESIAN_POINT('',(-0.0147353504744588,-0.0127461031425751,0.0358509714396525));
#2834=CARTESIAN_POINT('',(-0.0142970926030823,-0.0132006758094664,0.0359531599443784));
#2835=CARTESIAN_POINT('',(-0.0137531818661912,-0.0137473045004695,0.0360280823987111));
#2836=CARTESIAN_POINT('',(-0.0131973423907924,-0.0142999522913954,0.0359534464909149));
#2837=CARTESIAN_POINT('',(-0.0127382754685901,-0.0147312540361779,0.0358517799391513));
#2838=CARTESIAN_POINT('',(-0.0122702900460529,-0.0151474990537081,0.0357375897622939));
#2839=CARTESIAN_POINT('',(-0.0116498704046277,-0.0156237999600173,0.0356091340573481));
#2840=CARTESIAN_POINT('',(-0.0111183623615608,-0.0159692059114687,0.0354666039775756));
#2841=CARTESIAN_POINT('',(-0.0108567807431191,-0.0161394899961387,0.0353926239594448));
#2842=CARTESIAN_POINT('',(-0.015650474390904,-0.0104145840703477,0.0355847893997275));
#2843=CARTESIAN_POINT('',(-0.0154917138617041,-0.0106786762176319,0.0356543153493039));
#2844=CARTESIAN_POINT('',(-0.0152438011964805,-0.0110717934366095,0.035751723984165));
#2845=CARTESIAN_POINT('',(-0.0148878832361955,-0.0115722223220307,0.0358555209357753));
#2846=CARTESIAN_POINT('',(-0.0145888835297871,-0.0119286203676465,0.0359195394112257));
#2847=CARTESIAN_POINT('',(-0.0142751296551557,-0.0122727793434142,0.0359428256448375));
#2848=CARTESIAN_POINT('',(-0.0138188155292347,-0.0127103672706365,0.0359846473663744));
#2849=CARTESIAN_POINT('',(-0.0132318798500234,-0.0132314524942502,0.0360108591118757));
#2850=CARTESIAN_POINT('',(-0.0127010116812628,-0.0138169096018413,0.0359845592185059));
#2851=CARTESIAN_POINT('',(-0.0122712681198729,-0.0142783736128848,0.0359425838025675));
#2852=CARTESIAN_POINT('',(-0.0118350233778184,-0.0147227275953056,0.0359045992555468));
#2853=CARTESIAN_POINT('',(-0.0112159921623399,-0.0151998788806217,0.0357793878662351));
#2854=CARTESIAN_POINT('',(-0.0107019730162492,-0.0155548889782119,0.0356571806095974));
#2855=CARTESIAN_POINT('',(-0.0104406381193601,-0.015729892515482,0.0355932081604072));
#2856=CARTESIAN_POINT('',(-0.0154408123211785,-0.0102010416557276,0.0356848627647499));
#2857=CARTESIAN_POINT('',(-0.0152790058129765,-0.0104639545720411,0.0357524967472965));
#2858=CARTESIAN_POINT('',(-0.015033444356815,-0.010855209580974,0.0358480834617797));
#2859=CARTESIAN_POINT('',(-0.0146629673798877,-0.0113481099702536,0.0359351524144272));
#2860=CARTESIAN_POINT('',(-0.0143641963921586,-0.011701756236451,0.0359772199608645));
#2861=CARTESIAN_POINT('',(-0.0140331010737203,-0.0120460967168006,0.0359855810096504));
#2862=CARTESIAN_POINT('',(-0.0135930973175373,-0.0124803491142071,0.0360007066183666));
#2863=CARTESIAN_POINT('',(-0.0129764163739937,-0.0129771499034613,0.0359996054629044));
#2864=CARTESIAN_POINT('',(-0.0124678042421628,-0.0135849616139616,0.0360006549596986));
#2865=CARTESIAN_POINT('',(-0.0120616601952112,-0.0140566838153229,0.0359881898823069));
#2866=CARTESIAN_POINT('',(-0.0116061257455008,-0.0144995869380255,0.0359701637520809));
#2867=CARTESIAN_POINT('',(-0.011008790219302,-0.0149944418408408,0.0358764742895235));
#2868=CARTESIAN_POINT('',(-0.0104902190468616,-0.0153490984170208,0.0357563141063014));
#2869=CARTESIAN_POINT('',(-0.0102316226382541,-0.015525396890943,0.0356931559659965));
#2870=CARTESIAN_POINT('',(-0.0131922095174557,0.0180181709713924,0.0300818006401772));
#2871=CARTESIAN_POINT('',(-0.0135221678143275,0.0180129247113671,0.0301859174007348));
#2872=CARTESIAN_POINT('',(-0.0140193534659348,0.017981637605317,0.0303454524752174));
#2873=CARTESIAN_POINT('',(-0.014652692072036,0.017866946780829,0.0305424116557117));
#2874=CARTESIAN_POINT('',(-0.0151140935348472,0.0177403763893505,0.0306764712869767));
#2875=CARTESIAN_POINT('',(-0.0155644054100291,0.0175642013813909,0.0307916508672947));
#2876=CARTESIAN_POINT('',(-0.0161410352832736,0.0172680534412232,0.0309120061926285));
#2877=CARTESIAN_POINT('',(-0.0167830257375189,0.0167783223850435,0.0309773447904756));
#2878=CARTESIAN_POINT('',(-0.0172716676164177,0.0161350718186581,0.0309096015967653));
#2879=CARTESIAN_POINT('',(-0.0175645142031623,0.0155628030864061,0.0307916174325006));
#2880=CARTESIAN_POINT('',(-0.0177988813920166,0.014964514965848,0.030639290669418));
#2881=CARTESIAN_POINT('',(-0.0179750582634611,0.0141808432488745,0.0303981049648141));
#2882=CARTESIAN_POINT('',(-0.0180105145477905,0.0135215696774626,0.0301806449047789));
#2883=CARTESIAN_POINT('',(-0.018013788599912,0.0131921599007616,0.0300754091627818));
#2884=CARTESIAN_POINT('',(-0.0131590615152781,0.0180142247757322,0.0302398321549481));
#2885=CARTESIAN_POINT('',(-0.0134891573876483,0.0180108229587756,0.0303446410096791));
#2886=CARTESIAN_POINT('',(-0.0139862583203912,0.017983402123754,0.030504470332497));
#2887=CARTESIAN_POINT('',(-0.0146229195463521,0.0178703169025714,0.0307051754172009));
#2888=CARTESIAN_POINT('',(-0.0150876506063687,0.0177444807552627,0.0308411210385678));
#2889=CARTESIAN_POINT('',(-0.0155427539116504,0.0175713808036818,0.0309567863235809));
#2890=CARTESIAN_POINT('',(-0.0161268090333615,0.0172777796657176,0.031077812246478));
#2891=CARTESIAN_POINT('',(-0.0167899689890544,0.0167751047161535,0.0311497133791302));
#2892=CARTESIAN_POINT('',(-0.0172810794278819,0.0161192393393856,0.0310757081631602));
#2893=CARTESIAN_POINT('',(-0.0175727375497821,0.0155413308226701,0.0309560466297036));
#2894=CARTESIAN_POINT('',(-0.0178007325654192,0.0149371754477195,0.0308028957410453));
#2895=CARTESIAN_POINT('',(-0.0179753278742042,0.0141487884668897,0.0305586188130836));
#2896=CARTESIAN_POINT('',(-0.0180104329676072,0.0134886223595034,0.0303391605895056));
#2897=CARTESIAN_POINT('',(-0.0180100024129302,0.0131594151627319,0.030234714466574));
#2898=CARTESIAN_POINT('',(-0.0130932261947027,0.0179988827895927,0.0305589142370109));
#2899=CARTESIAN_POINT('',(-0.0134238189740072,0.0179994106790171,0.0306583233376863));
#2900=CARTESIAN_POINT('',(-0.0139214943598805,0.0179841518019853,0.030828231816307));
#2901=CARTESIAN_POINT('',(-0.0145605658201194,0.0178846446496689,0.0310317681400225));
#2902=CARTESIAN_POINT('',(-0.015031149453424,0.0177661745817494,0.0311689478454736));
#2903=CARTESIAN_POINT('',(-0.01549707686948,0.0176007066967436,0.0312876072822677));
#2904=CARTESIAN_POINT('',(-0.016099619237999,0.0173009441696971,0.0314118512365626));
#2905=CARTESIAN_POINT('',(-0.0167988348543934,0.0167744590990835,0.0314865611985496));
#2906=CARTESIAN_POINT('',(-0.0173084680210151,0.0160864898622473,0.0314059018812841));
#2907=CARTESIAN_POINT('',(-0.0176004235876112,0.0154924710842299,0.0312841588760704));
#2908=CARTESIAN_POINT('',(-0.0178220378513876,0.0148791711436969,0.0311300517149746));
#2909=CARTESIAN_POINT('',(-0.0179783370892926,0.0140866986647647,0.0308832577292821));
#2910=CARTESIAN_POINT('',(-0.0179999972016549,0.0134242464049069,0.0306587392814466));
#2911=CARTESIAN_POINT('',(-0.0179990615798427,0.0130916833804138,0.0305522622066213));
#2912=CARTESIAN_POINT('',(-0.0129896031058799,0.0180006092921616,0.0310280893740001));
#2913=CARTESIAN_POINT('',(-0.0133193782368369,0.0180018525443792,0.0311389528730683));
#2914=CARTESIAN_POINT('',(-0.0138102168699009,0.0180000850986842,0.0313029283552805));
#2915=CARTESIAN_POINT('',(-0.0144659569675418,0.0179025735814759,0.0315104758713333));
#2916=CARTESIAN_POINT('',(-0.0149542434994502,0.0177818231471785,0.0316558406026859));
#2917=CARTESIAN_POINT('',(-0.0154285364710601,0.0175861992319468,0.0317796471225695));
#2918=CARTESIAN_POINT('',(-0.016041147671572,0.0172629642256427,0.0319073651000624));
#2919=CARTESIAN_POINT('',(-0.0167429402055364,0.0167180544082317,0.031976250226548));
#2920=CARTESIAN_POINT('',(-0.0172743373238052,0.0160244040255485,0.031901307717944));
#2921=CARTESIAN_POINT('',(-0.0176005334927593,0.0154207236373571,0.031773173738421));
#2922=CARTESIAN_POINT('',(-0.0178403259515803,0.0147852427661775,0.031605504228398));
#2923=CARTESIAN_POINT('',(-0.0179987072441246,0.0139783696004536,0.0313570592604724));
#2924=CARTESIAN_POINT('',(-0.0180016311251712,0.0133203486676582,0.0311385614286403));
#2925=CARTESIAN_POINT('',(-0.0180005729251501,0.0129898182926088,0.0310272684409736));
#2926=CARTESIAN_POINT('',(-0.0129110281343833,0.0179988174074091,0.0315170574447168));
#2927=CARTESIAN_POINT('',(-0.0132443478519963,0.0179952532470055,0.0316160492311758));
#2928=CARTESIAN_POINT('',(-0.0137376858705408,0.0179931256200891,0.0317828928941899));
#2929=CARTESIAN_POINT('',(-0.0143916094909727,0.0178630295018631,0.0319996709683392));
#2930=CARTESIAN_POINT('',(-0.0148737620535006,0.0177249320414317,0.0321446943207478));
#2931=CARTESIAN_POINT('',(-0.0153479854417119,0.0175305781004368,0.0322717631936489));
#2932=CARTESIAN_POINT('',(-0.0159578850392887,0.0171913380285478,0.0323981745783219));
#2933=CARTESIAN_POINT('',(-0.0166576199347232,0.0166348591116519,0.0324663666824263));
#2934=CARTESIAN_POINT('',(-0.0172074404766732,0.0159400343905832,0.0323922067113494));
#2935=CARTESIAN_POINT('',(-0.0175390582982306,0.0153352787461845,0.0322624705089812));
#2936=CARTESIAN_POINT('',(-0.0177829133749852,0.014709335083001,0.0320986277760162));
#2937=CARTESIAN_POINT('',(-0.017993394787334,0.0139020485092641,0.0318312777309823));
#2938=CARTESIAN_POINT('',(-0.0179952722199575,0.0132420773008794,0.0316142974511371));
#2939=CARTESIAN_POINT('',(-0.0179989302824911,0.0129103360441403,0.0315154138184385));
#2940=CARTESIAN_POINT('',(-0.0127926304756235,0.0179600649737081,0.0321559125690408));
#2941=CARTESIAN_POINT('',(-0.0131318253645443,0.017946785119752,0.0322584291143903));
#2942=CARTESIAN_POINT('',(-0.0136353577345893,0.0179340084373216,0.0324222281666756));
#2943=CARTESIAN_POINT('',(-0.0142741467086436,0.0177720085959182,0.032639848843771));
#2944=CARTESIAN_POINT('',(-0.014751784640481,0.0176217024451167,0.0327966590630345));
#2945=CARTESIAN_POINT('',(-0.0152162450627702,0.0174026048805039,0.0329180789815183));
#2946=CARTESIAN_POINT('',(-0.0158139464299523,0.0170488788397199,0.0330477176764527));
#2947=CARTESIAN_POINT('',(-0.0165034896159575,0.0164827113969419,0.0331112259628562));
#2948=CARTESIAN_POINT('',(-0.0170632499072478,0.0157971283755933,0.0330405901898102));
#2949=CARTESIAN_POINT('',(-0.0174118035502608,0.015202945413695,0.0329112071718067));
#2950=CARTESIAN_POINT('',(-0.0176881876015795,0.0145866686934174,0.0327426885893577));
#2951=CARTESIAN_POINT('',(-0.0179279007374682,0.013795229414744,0.0324729382627899));
#2952=CARTESIAN_POINT('',(-0.0179475640822747,0.0131296525338303,0.0322560829158951));
#2953=CARTESIAN_POINT('',(-0.0179599164035197,0.0127937413912205,0.0321556397292204));
#2954=CARTESIAN_POINT('',(-0.0126140804941583,0.0178161699329927,0.0329388005734222));
#2955=CARTESIAN_POINT('',(-0.0129402278626424,0.017779490481715,0.0330324425645333));
#2956=CARTESIAN_POINT('',(-0.0134469097738016,0.0177523493960298,0.0332039960875328));
#2957=CARTESIAN_POINT('',(-0.0140830013118355,0.0175928441052331,0.0334314988888214));
#2958=CARTESIAN_POINT('',(-0.0145437289098703,0.0173935069155509,0.033574991049327));
#2959=CARTESIAN_POINT('',(-0.0149905228019857,0.0171680754909987,0.0337156082283795));
#2960=CARTESIAN_POINT('',(-0.0155663296066389,0.0167913741820499,0.0338338934024084));
#2961=CARTESIAN_POINT('',(-0.0162365352647435,0.0162196674536968,0.0338992262484807));
#2962=CARTESIAN_POINT('',(-0.0168061605653238,0.0155520009552102,0.0338287404739612));
#2963=CARTESIAN_POINT('',(-0.0171709377583956,0.0149834909916508,0.033700508355831));
#2964=CARTESIAN_POINT('',(-0.0174677411910929,0.0143850197893788,0.0335240029627656));
#2965=CARTESIAN_POINT('',(-0.0177466703472744,0.0136137424950305,0.0332682760876155));
#2966=CARTESIAN_POINT('',(-0.0177785962925713,0.0129403515734896,0.0330323795223577));
#2967=CARTESIAN_POINT('',(-0.0178180726664331,0.0126095528095577,0.0329301478711364));
#2968=CARTESIAN_POINT('',(-0.0123137798143059,0.0175027058608099,0.0337583059163755));
#2969=CARTESIAN_POINT('',(-0.0126256236717906,0.0174338516157608,0.0338629025448616));
#2970=CARTESIAN_POINT('',(-0.0131138047811144,0.0173583771476639,0.0340242524476494));
#2971=CARTESIAN_POINT('',(-0.0137309084343967,0.0171893623614599,0.0342903387650007));
#2972=CARTESIAN_POINT('',(-0.0141714548958184,0.0170075092720917,0.0344699884004268));
#2973=CARTESIAN_POINT('',(-0.0145971313865639,0.01673709711474,0.0345707082312613));
#2974=CARTESIAN_POINT('',(-0.015140088317695,0.0163388052440905,0.0346920878472601));
#2975=CARTESIAN_POINT('',(-0.0157822582890014,0.0157706039446805,0.0347399968847223));
#2976=CARTESIAN_POINT('',(-0.0163585822538476,0.0151350201858106,0.0346899903085508));
#2977=CARTESIAN_POINT('',(-0.0167614971463305,0.014590211193548,0.0345723828499872));
#2978=CARTESIAN_POINT('',(-0.0171063970113675,0.0140414477336173,0.0344048650173572));
#2979=CARTESIAN_POINT('',(-0.0173294470545939,0.0132721077313351,0.034092191088413));
#2980=CARTESIAN_POINT('',(-0.0174359437953472,0.0126233806750257,0.0338530909879046));
#2981=CARTESIAN_POINT('',(-0.0175113469892047,0.0123132412964106,0.0337475259737228));
#2982=CARTESIAN_POINT('',(-0.0119040223894518,0.0171009854553341,0.0344302624270253));
#2983=CARTESIAN_POINT('',(-0.012204755637268,0.0169911029364025,0.0345329879349935));
#2984=CARTESIAN_POINT('',(-0.012663841942331,0.0168553578192567,0.034688449665501));
#2985=CARTESIAN_POINT('',(-0.0132516430254877,0.0166062142173829,0.0349340428815654));
#2986=CARTESIAN_POINT('',(-0.0136715917213445,0.0163871285682303,0.0351123524605863));
#2987=CARTESIAN_POINT('',(-0.0140636387339577,0.0161316823174281,0.035256293120332));
#2988=CARTESIAN_POINT('',(-0.0145771970680499,0.0157461193160683,0.0353526664946015));
#2989=CARTESIAN_POINT('',(-0.0151888673236764,0.0151832191372417,0.0354088082170418));
#2990=CARTESIAN_POINT('',(-0.0157479806644657,0.0145770511815525,0.0353460384381298));
#2991=CARTESIAN_POINT('',(-0.0161415960892404,0.0140725913609278,0.0352507768480537));
#2992=CARTESIAN_POINT('',(-0.0164793090480751,0.0135393263492403,0.0350598973392653));
#2993=CARTESIAN_POINT('',(-0.0167992382222282,0.0128124322415721,0.0347471756805311));
#2994=CARTESIAN_POINT('',(-0.01700463571951,0.012208857355955,0.0345181253166074));
#2995=CARTESIAN_POINT('',(-0.0171250422162059,0.0119156910849398,0.0344221562954083));
#2996=CARTESIAN_POINT('',(-0.0114182430215601,0.0166149999292153,0.0349583017146836));
#2997=CARTESIAN_POINT('',(-0.0117011206278445,0.0164856164366291,0.0350494686939428));
#2998=CARTESIAN_POINT('',(-0.0121149632579419,0.0162804742146028,0.0351868156009408));
#2999=CARTESIAN_POINT('',(-0.0126670653305191,0.0159733566279147,0.035367620115694));
#3000=CARTESIAN_POINT('',(-0.0130665487452758,0.0157144451770919,0.0355114368029374));
#3001=CARTESIAN_POINT('',(-0.013441848311539,0.0154249316549714,0.0356473807001835));
#3002=CARTESIAN_POINT('',(-0.0139187672486996,0.0150140766242103,0.0357861957670635));
#3003=CARTESIAN_POINT('',(-0.0144922760777063,0.0145034809396425,0.0358292944440817));
#3004=CARTESIAN_POINT('',(-0.0150260170696187,0.0139275498793945,0.0357835187358369));
#3005=CARTESIAN_POINT('',(-0.0154300651643938,0.0134426780746443,0.035646061143577));
#3006=CARTESIAN_POINT('',(-0.0158056160394789,0.0129346166783038,0.0354683548639177));
#3007=CARTESIAN_POINT('',(-0.0162195716634105,0.0122596587912677,0.0352178699598016));
#3008=CARTESIAN_POINT('',(-0.0165285176238596,0.0117120855903604,0.0350421076821539));
#3009=CARTESIAN_POINT('',(-0.0166699727978502,0.0114309528972241,0.0349492475723241));
#3010=CARTESIAN_POINT('',(-0.0108374123998502,0.016066188517744,0.0353788177470862));
#3011=CARTESIAN_POINT('',(-0.0111040597207847,0.0159084567026511,0.0354541122522419));
#3012=CARTESIAN_POINT('',(-0.0115123000700619,0.0156900831572755,0.0355817872758764));
#3013=CARTESIAN_POINT('',(-0.0120237906425054,0.0153228995416999,0.0356914237359972));
#3014=CARTESIAN_POINT('',(-0.0123935375674117,0.0150453088308088,0.0357655094281571));
#3015=CARTESIAN_POINT('',(-0.0127461031425732,0.0147353504744617,0.0358509714396517));
#3016=CARTESIAN_POINT('',(-0.0132006758094644,0.0142970926030853,0.035953159944378));
#3017=CARTESIAN_POINT('',(-0.0137473045004672,0.0137531818661936,0.0360280823987112));
#3018=CARTESIAN_POINT('',(-0.0142999522913927,0.0131973423907947,0.0359534464909155));
#3019=CARTESIAN_POINT('',(-0.0147312540361749,0.0127382754685918,0.0358517799391521));
#3020=CARTESIAN_POINT('',(-0.0151474990537051,0.0122702900460546,0.0357375897622949));
#3021=CARTESIAN_POINT('',(-0.0156237999600139,0.0116498704046292,0.0356091340573495));
#3022=CARTESIAN_POINT('',(-0.0159692059114633,0.0111183623615621,0.0354666039775755));
#3023=CARTESIAN_POINT('',(-0.0161394899961332,0.0108567807431205,0.0353926239594448));
#3024=CARTESIAN_POINT('',(-0.0104145840703457,0.0156504743909075,0.0355847893997263));
#3025=CARTESIAN_POINT('',(-0.0106786762176299,0.0154917138617076,0.0356543153493027));
#3026=CARTESIAN_POINT('',(-0.0110717934366074,0.0152438011964838,0.0357517239841642));
#3027=CARTESIAN_POINT('',(-0.0115722223220286,0.0148878832361987,0.0358555209357745));
#3028=CARTESIAN_POINT('',(-0.0119286203676443,0.0145888835297903,0.0359195394112257));
#3029=CARTESIAN_POINT('',(-0.0122727793434122,0.0142751296551592,0.0359428256448371));
#3030=CARTESIAN_POINT('',(-0.0127103672706342,0.0138188155292377,0.0359846473663742));
#3031=CARTESIAN_POINT('',(-0.0132314524942475,0.0132318798500262,0.0360108591118757));
#3032=CARTESIAN_POINT('',(-0.013816909601838,0.0127010116812648,0.0359845592185061));
#3033=CARTESIAN_POINT('',(-0.0142783736128814,0.0122712681198748,0.0359425838025679));
#3034=CARTESIAN_POINT('',(-0.0147227275953018,0.0118350233778205,0.0359045992555476));
#3035=CARTESIAN_POINT('',(-0.015199878880617,0.0112159921623414,0.0357793878662354));
#3036=CARTESIAN_POINT('',(-0.0155548889782065,0.0107019730162507,0.0356571806095976));
#3037=CARTESIAN_POINT('',(-0.015729892515476,0.0104406381193616,0.035593208160407));
#3038=CARTESIAN_POINT('',(-0.0102010416557256,0.015440812321182,0.0356848627647487));
#3039=CARTESIAN_POINT('',(-0.010463954572039,0.01527900581298,0.0357524967472955));
#3040=CARTESIAN_POINT('',(-0.0108552095809719,0.0150334443568185,0.0358480834617789));
#3041=CARTESIAN_POINT('',(-0.0113481099702515,0.0146629673798911,0.0359351524144267));
#3042=CARTESIAN_POINT('',(-0.0117017562364489,0.0143641963921621,0.0359772199608644));
#3043=CARTESIAN_POINT('',(-0.0120460967167985,0.014033101073724,0.0359855810096503));
#3044=CARTESIAN_POINT('',(-0.0124803491142048,0.0135930973175408,0.0360007066183665));
#3045=CARTESIAN_POINT('',(-0.0129771499034585,0.0129764163739964,0.0359996054629045));
#3046=CARTESIAN_POINT('',(-0.013584961613958,0.0124678042421647,0.0360006549596986));
#3047=CARTESIAN_POINT('',(-0.0140566838153193,0.0120616601952132,0.0359881898823075));
#3048=CARTESIAN_POINT('',(-0.0144995869380213,0.0116061257455028,0.0359701637520814));
#3049=CARTESIAN_POINT('',(-0.0149944418408359,0.0110087902193037,0.0358764742895238));
#3050=CARTESIAN_POINT('',(-0.015349098417015,0.0104902190468632,0.0357563141063012));
#3051=CARTESIAN_POINT('',(-0.0155253968909367,0.0102316226382557,0.0356931559659961));
#3052=MECHANICAL_DESIGN_GEOMETRIC_PRESENTATION_REPRESENTATION('',(#333),
#3053);
#3053=(
GEOMETRIC_REPRESENTATION_CONTEXT(3)
GLOBAL_UNCERTAINTY_ASSIGNED_CONTEXT((#3054))
GLOBAL_UNIT_ASSIGNED_CONTEXT((#3057,#3056,#3055))
REPRESENTATION_CONTEXT('cube','TOP_LEVEL_ASSEMBLY_PART')
);
#3054=UNCERTAINTY_MEASURE_WITH_UNIT(LENGTH_MEASURE(2.E-5),#3057,
'DISTANCE_ACCURACY_VALUE','Maximum Tolerance applied to model');
#3055=(
NAMED_UNIT(*)
SI_UNIT($,.STERADIAN.)
SOLID_ANGLE_UNIT()
);
#3056=(
NAMED_UNIT(*)
PLANE_ANGLE_UNIT()
SI_UNIT($,.RADIAN.)
);
#3057=(
LENGTH_UNIT()
NAMED_UNIT(*)
SI_UNIT($,.METRE.)
);
#3058=PRODUCT_DEFINITION_SHAPE('','',#3059);
#3059=PRODUCT_DEFINITION('','',#3061,#3060);
#3060=PRODUCT_DEFINITION_CONTEXT('',#3067,'design');
#3061=PRODUCT_DEFINITION_FORMATION_WITH_SPECIFIED_SOURCE('','',#3063,
 .NOT_KNOWN.);
#3062=PRODUCT_RELATED_PRODUCT_CATEGORY('','',(#3063));
#3063=PRODUCT('cube','cube','cube',(#3065));
#3064=PRODUCT_CATEGORY('','');
#3065=PRODUCT_CONTEXT('',#3067,'mechanical');
#3066=APPLICATION_PROTOCOL_DEFINITION('international standard',
'ap242_managed_model_based_3d_engineering',2020,#3067);
#3067=APPLICATION_CONTEXT('managed model based 3d engineering');
ENDSEC;
END-ISO-10303-21;
