ISO-10303-21;
HEADER;
/* Generated by software containing ST-Developer
 * from STEP Tools, Inc. (www.steptools.com) 
 */
/* OPTION: using custom renumber hook */

FILE_DESCRIPTION(
/* description */ ('STEP AP242 Edition 2',
'CAx-IF Rec.Pracs.---Representation and Presentation of Product Manufa
cturing Information (PMI)---4.0---2014-10-13',
'CAx-IF Rec.Pracs.---3D Tessellated Geometry---0.4---2014-09-14','2;1',
'CAx-IF Rec.Pracs.---User Defined Attributes---1.5---2016-08-15'),
/* implementation_level */ '2;1');

FILE_NAME(
/* name */ 'Assembly 1 - dc_motor_holder',
/* time_stamp */ '2026-08-18T11:49:10Z',
/* author */ (''),
/* organization */ (''),
/* preprocessor_version */ 'ST-DEVELOPER v20',
/* originating_system */ 'ONSHAPE BY PTC INC, 1.219',
/* authorisation */ '  ');

FILE_SCHEMA (('AP242_MANAGED_MODEL_BASED_3D_ENGINEERING_MIM_LF { 1 0 10303 442 3 1 4 }'));
ENDSEC;

DATA;
#10=SHAPE_REPRESENTATION_RELATIONSHIP('','',#1531,#11);
#11=ADVANCED_BREP_SHAPE_REPRESENTATION('',(#1529),#3075);
#12=B_SPLINE_SURFACE_WITH_KNOTS('',3,1,((#2540,#2541),(#2542,#2543),(#2544,
#2545),(#2546,#2547),(#2548,#2549),(#2550,#2551),(#2552,#2553),(#2554,#2555),
(#2556,#2557),(#2558,#2559),(#2560,#2561)),.SURF_OF_LINEAR_EXTRUSION.,.F.,
 .F.,.F.,(4,1,1,1,1,1,1,1,4),(2,2),(-1.0654171918386E-16,0.114237733819965,
0.22847546763993,0.342713201459895,0.45695093527986,0.571188669099825,0.68542640291979,
0.799664136739755,0.91390187055972),(0.,1.),.UNSPECIFIED.);
#13=B_SPLINE_SURFACE_WITH_KNOTS('',3,1,((#2566,#2567),(#2568,#2569),(#2570,
#2571),(#2572,#2573),(#2574,#2575),(#2576,#2577),(#2578,#2579),(#2580,#2581),
(#2582,#2583),(#2584,#2585),(#2586,#2587)),.SURF_OF_LINEAR_EXTRUSION.,.F.,
 .F.,.F.,(4,1,1,1,1,1,1,1,4),(2,2),(-1.38777878078145E-17,0.114237733762205,
0.228475467524409,0.342713201286614,0.456950935048819,0.571188668811023,
0.685426402573228,0.799664136335432,0.913901870097637),(0.,1.),
 .UNSPECIFIED.);
#14=B_SPLINE_SURFACE_WITH_KNOTS('',3,1,((#2588,#2589),(#2590,#2591),(#2592,
#2593),(#2594,#2595),(#2596,#2597),(#2598,#2599),(#2600,#2601),(#2602,#2603),
(#2604,#2605),(#2606,#2607),(#2608,#2609)),.SURF_OF_LINEAR_EXTRUSION.,.F.,
 .F.,.F.,(4,1,1,1,1,1,1,1,4),(2,2),(0.0860981294402759,0.200335863260241,
0.314573597080207,0.428811330900172,0.543049064720138,0.657286798540103,
0.771524532360069,0.885762266180035,1.),(0.,1.),.UNSPECIFIED.);
#15=B_SPLINE_SURFACE_WITH_KNOTS('',3,1,((#2614,#2615),(#2616,#2617),(#2618,
#2619),(#2620,#2621),(#2622,#2623),(#2624,#2625),(#2626,#2627),(#2628,#2629),
(#2630,#2631),(#2632,#2633),(#2634,#2635)),.SURF_OF_LINEAR_EXTRUSION.,.F.,
 .F.,.F.,(4,1,1,1,1,1,1,1,4),(2,2),(0.0860981299023631,0.200335863664568,
0.314573597426772,0.428811331188977,0.543049064951182,0.657286798713386,
0.771524532475591,0.885762266237795,1.),(0.,1.),.UNSPECIFIED.);
#16=B_SPLINE_SURFACE_WITH_KNOTS('',5,1,((#2752,#2753),(#2754,#2755),(#2756,
#2757),(#2758,#2759),(#2760,#2761),(#2762,#2763),(#2764,#2765),(#2766,#2767)),
 .SURF_OF_LINEAR_EXTRUSION.,.F.,.F.,.F.,(6,2,6),(2,2),(0.,0.5,1.),(0.,1.),
 .UNSPECIFIED.);
#17=B_SPLINE_SURFACE_WITH_KNOTS('',5,1,((#2779,#2780),(#2781,#2782),(#2783,
#2784),(#2785,#2786),(#2787,#2788),(#2789,#2790),(#2791,#2792),(#2793,#2794)),
 .SURF_OF_LINEAR_EXTRUSION.,.F.,.F.,.F.,(6,2,6),(2,2),(0.,0.5,1.),(0.,1.),
 .UNSPECIFIED.);
#18=B_SPLINE_SURFACE_WITH_KNOTS('',5,1,((#2806,#2807),(#2808,#2809),(#2810,
#2811),(#2812,#2813),(#2814,#2815),(#2816,#2817),(#2818,#2819),(#2820,#2821)),
 .SURF_OF_LINEAR_EXTRUSION.,.F.,.F.,.F.,(6,2,6),(2,2),(0.,0.5,1.),(0.,1.),
 .UNSPECIFIED.);
#19=B_SPLINE_SURFACE_WITH_KNOTS('',5,1,((#2822,#2823),(#2824,#2825),(#2826,
#2827),(#2828,#2829),(#2830,#2831),(#2832,#2833),(#2834,#2835),(#2836,#2837)),
 .SURF_OF_LINEAR_EXTRUSION.,.F.,.F.,.F.,(6,2,6),(2,2),(0.,0.5,1.),(0.,1.),
 .UNSPECIFIED.);
#20=B_SPLINE_SURFACE_WITH_KNOTS('',5,1,((#2849,#2850),(#2851,#2852),(#2853,
#2854),(#2855,#2856),(#2857,#2858),(#2859,#2860),(#2861,#2862),(#2863,#2864)),
 .SURF_OF_LINEAR_EXTRUSION.,.F.,.F.,.F.,(6,2,6),(2,2),(0.,0.5,1.),(0.,1.),
 .UNSPECIFIED.);
#21=B_SPLINE_SURFACE_WITH_KNOTS('',5,1,((#2876,#2877),(#2878,#2879),(#2880,
#2881),(#2882,#2883),(#2884,#2885),(#2886,#2887),(#2888,#2889),(#2890,#2891)),
 .SURF_OF_LINEAR_EXTRUSION.,.F.,.F.,.F.,(6,2,6),(2,2),(0.,0.5,1.),(0.,1.),
 .UNSPECIFIED.);
#22=B_SPLINE_SURFACE_WITH_KNOTS('',5,1,((#2892,#2893),(#2894,#2895),(#2896,
#2897),(#2898,#2899),(#2900,#2901),(#2902,#2903),(#2904,#2905),(#2906,#2907)),
 .SURF_OF_LINEAR_EXTRUSION.,.F.,.F.,.F.,(6,2,6),(2,2),(0.,0.5,1.),(0.,1.),
 .UNSPECIFIED.);
#23=B_SPLINE_SURFACE_WITH_KNOTS('',5,1,((#2919,#2920),(#2921,#2922),(#2923,
#2924),(#2925,#2926),(#2927,#2928),(#2929,#2930),(#2931,#2932),(#2933,#2934)),
 .SURF_OF_LINEAR_EXTRUSION.,.F.,.F.,.F.,(6,2,6),(2,2),(0.,0.5,1.),(0.,1.),
 .UNSPECIFIED.);
#24=B_SPLINE_SURFACE_WITH_KNOTS('',5,1,((#2946,#2947),(#2948,#2949),(#2950,
#2951),(#2952,#2953),(#2954,#2955),(#2956,#2957),(#2958,#2959),(#2960,#2961)),
 .SURF_OF_LINEAR_EXTRUSION.,.F.,.F.,.F.,(6,2,6),(2,2),(0.,0.5,1.),(0.,1.),
 .UNSPECIFIED.);
#25=B_SPLINE_SURFACE_WITH_KNOTS('',5,1,((#2962,#2963),(#2964,#2965),(#2966,
#2967),(#2968,#2969),(#2970,#2971),(#2972,#2973),(#2974,#2975),(#2976,#2977)),
 .SURF_OF_LINEAR_EXTRUSION.,.F.,.F.,.F.,(6,2,6),(2,2),(0.,0.5,1.),(0.,1.),
 .UNSPECIFIED.);
#26=B_SPLINE_SURFACE_WITH_KNOTS('',5,1,((#2989,#2990),(#2991,#2992),(#2993,
#2994),(#2995,#2996),(#2997,#2998),(#2999,#3000),(#3001,#3002),(#3003,#3004)),
 .SURF_OF_LINEAR_EXTRUSION.,.F.,.F.,.F.,(6,2,6),(2,2),(0.,0.5,1.),(0.,1.),
 .UNSPECIFIED.);
#27=B_SPLINE_SURFACE_WITH_KNOTS('',5,1,((#3016,#3017),(#3018,#3019),(#3020,
#3021),(#3022,#3023),(#3024,#3025),(#3026,#3027),(#3028,#3029),(#3030,#3031)),
 .SURF_OF_LINEAR_EXTRUSION.,.F.,.F.,.F.,(6,2,6),(2,2),(0.,0.5,1.),(0.,1.),
 .UNSPECIFIED.);
#28=CYLINDRICAL_SURFACE('',#1540,0.0121);
#29=CYLINDRICAL_SURFACE('',#1554,0.00375);
#30=CYLINDRICAL_SURFACE('',#1557,0.0101);
#31=CYLINDRICAL_SURFACE('',#1587,0.001);
#32=CYLINDRICAL_SURFACE('',#1590,0.001);
#33=CIRCLE('',#1535,0.001);
#34=CIRCLE('',#1536,0.00375);
#35=CIRCLE('',#1537,0.001);
#36=CIRCLE('',#1541,0.0121);
#37=CIRCLE('',#1542,0.0121);
#38=CIRCLE('',#1543,0.0121);
#39=CIRCLE('',#1544,0.0121);
#40=CIRCLE('',#1545,0.0121);
#41=CIRCLE('',#1546,0.0121);
#42=CIRCLE('',#1548,0.0101);
#43=CIRCLE('',#1550,0.00375);
#44=CIRCLE('',#1551,0.0101);
#45=CIRCLE('',#1558,0.0101);
#46=CIRCLE('',#1559,0.0101);
#47=CIRCLE('',#1588,0.001);
#48=CIRCLE('',#1591,0.001);
#49=B_SPLINE_CURVE_WITH_KNOTS('',3,(#1932,#1933,#1934,#1935),
 .UNSPECIFIED.,.F.,.F.,(4,4),(0.,1.),.UNSPECIFIED.);
#50=B_SPLINE_CURVE_WITH_KNOTS('',3,(#1937,#1938,#1939,#1940),
 .UNSPECIFIED.,.F.,.F.,(4,4),(0.,1.),.UNSPECIFIED.);
#51=B_SPLINE_CURVE_WITH_KNOTS('',3,(#1942,#1943,#1944,#1945),
 .UNSPECIFIED.,.F.,.F.,(4,4),(0.,1.),.UNSPECIFIED.);
#52=B_SPLINE_CURVE_WITH_KNOTS('',3,(#1981,#1982,#1983,#1984),
 .UNSPECIFIED.,.F.,.F.,(4,4),(0.,1.),.UNSPECIFIED.);
#53=B_SPLINE_CURVE_WITH_KNOTS('',3,(#1986,#1987,#1988,#1989),
 .UNSPECIFIED.,.F.,.F.,(4,4),(0.,1.),.UNSPECIFIED.);
#54=B_SPLINE_CURVE_WITH_KNOTS('',3,(#1991,#1992,#1993,#1994),
 .UNSPECIFIED.,.F.,.F.,(4,4),(0.,1.),.UNSPECIFIED.);
#55=B_SPLINE_CURVE_WITH_KNOTS('',3,(#2011,#2012,#2013,#2014,#2015,#2016,
#2017,#2018,#2019,#2020,#2021,#2022,#2023,#2024,#2025,#2026,#2027,#2028,
#2029,#2030,#2031,#2032,#2033,#2034,#2035,#2036,#2037,#2038,#2039,#2040,
#2041),.UNSPECIFIED.,.F.,.F.,(4,1,1,1,1,1,1,1,1,1,1,1,1,1,1,1,1,1,1,1,1,
1,1,1,1,1,1,1,4),(0.,0.0287821407374518,0.0431732111061777,0.0575642814749036,
0.0647598166592666,0.0719553518436296,0.0791508870279925,0.0863464222123555,
0.100737492581081,0.115128562949807,0.143910703687259,0.172692844424711,
0.230257125899615,0.259039266637066,0.287821407374518,0.31660354811197,
0.345385688849422,0.402949970324326,0.460514251799229,0.575642814749036,
0.63320709622394,0.690771377698844,0.748335659173747,0.777117799911199,
0.805899940648651,0.834682081386103,0.863464222123555,0.892246362861006,
0.921028503598458),.UNSPECIFIED.);
#56=B_SPLINE_CURVE_WITH_KNOTS('',3,(#2043,#2044,#2045,#2046,#2047,#2048,
#2049,#2050,#2051,#2052,#2053,#2054,#2055,#2056,#2057,#2058,#2059,#2060,
#2061,#2062,#2063,#2064,#2065,#2066,#2067,#2068,#2069,#2070,#2071,#2072,
#2073),.UNSPECIFIED.,.F.,.F.,(4,1,1,1,1,1,1,1,1,1,1,1,1,1,1,1,1,1,1,1,1,
1,1,1,1,1,1,1,4),(0.0795150785805225,0.108280232374881,0.13704538616924,
0.194575693757957,0.252106001346675,0.280871155141033,0.309636308935392,
0.367166616524109,0.424696924112827,0.539757539290261,0.597287846878979,
0.654818154467696,0.683583308262055,0.712348462056413,0.769878769645131,
0.798643923439489,0.827409077233848,0.856174231028207,0.884939384822565,
0.899321961719745,0.913704538616924,0.928087115514103,0.935278403962693,
0.942469692411283,0.946065336635578,0.949660980859872,0.956852269308462,
0.971234846205641,1.),.UNSPECIFIED.);
#57=B_SPLINE_CURVE_WITH_KNOTS('',3,(#2143,#2144,#2145,#2146),
 .UNSPECIFIED.,.F.,.F.,(4,4),(0.,1.),.UNSPECIFIED.);
#58=B_SPLINE_CURVE_WITH_KNOTS('',3,(#2162,#2163,#2164,#2165),
 .UNSPECIFIED.,.F.,.F.,(4,4),(0.,1.),.UNSPECIFIED.);
#59=B_SPLINE_CURVE_WITH_KNOTS('',3,(#2169,#2170,#2171,#2172,#2173,#2174,
#2175),.UNSPECIFIED.,.F.,.F.,(4,1,1,1,4),(0.,0.000404344897929865,0.000808689795859729,
0.00121303469378959,0.00161737959171946),.UNSPECIFIED.);
#60=B_SPLINE_CURVE_WITH_KNOTS('',3,(#2179,#2180,#2181,#2182,#2183,#2184,
#2185),.UNSPECIFIED.,.F.,.F.,(4,1,1,1,4),(0.,0.000404344897929863,0.000808689795859727,
0.00121303469378959,0.00161737959171945),.UNSPECIFIED.);
#61=B_SPLINE_CURVE_WITH_KNOTS('',3,(#2189,#2190,#2191,#2192),
 .UNSPECIFIED.,.F.,.F.,(4,4),(0.,1.),.UNSPECIFIED.);
#62=B_SPLINE_CURVE_WITH_KNOTS('',3,(#2200,#2201,#2202,#2203,#2204,#2205,
#2206,#2207,#2208,#2209,#2210,#2211,#2212,#2213,#2214,#2215,#2216,#2217,
#2218,#2219,#2220,#2221,#2222,#2223,#2224,#2225,#2226,#2227,#2228,#2229,
#2230),.UNSPECIFIED.,.F.,.F.,(4,1,1,1,1,1,1,1,1,1,1,1,1,1,1,1,1,1,1,1,1,
1,1,1,1,1,1,1,4),(0.,0.0287821429504703,0.0431732144257054,0.0575642859009405,
0.0647598216385581,0.0719553573761756,0.0791508931137932,0.0863464288514108,
0.100737500326646,0.115128571801881,0.143910714752351,0.172692857702822,
0.230257143603762,0.259039286554232,0.287821429504703,0.316603572455173,
0.345385715405643,0.402950001306584,0.460514287207524,0.575642859009405,
0.633207144910346,0.690771430811286,0.748335716712227,0.777117859662697,
0.805900002613167,0.834682145563637,0.863464288514108,0.892246431464578,
0.921028574415048),.UNSPECIFIED.);
#63=B_SPLINE_CURVE_WITH_KNOTS('',3,(#2232,#2233,#2234,#2235,#2236,#2237,
#2238,#2239,#2240,#2241,#2242,#2243,#2244,#2245,#2246,#2247,#2248,#2249,
#2250,#2251,#2252,#2253,#2254,#2255,#2256,#2257,#2258,#2259,#2260,#2261,
#2262),.UNSPECIFIED.,.F.,.F.,(4,1,1,1,1,1,1,1,1,1,1,1,1,1,1,1,1,1,1,1,1,
1,1,1,1,1,1,1,4),(0.0795153012285502,0.108280448065158,0.137045594901766,
0.194575888574981,0.252106182248197,0.280871329084805,0.309636475921413,
0.367166769594628,0.424697063267844,0.539757650614275,0.597287944287491,
0.654818237960706,0.683583384797314,0.712348531633922,0.769878825307138,
0.798643972143745,0.827409118980353,0.856174265816961,0.884939412653569,
0.899321986071873,0.913704559490177,0.928087132908481,0.935278419617632,
0.942469706326784,0.94606534968136,0.949660993035936,0.956852279745088,
0.971234853163392,1.),.UNSPECIFIED.);
#64=B_SPLINE_CURVE_WITH_KNOTS('',3,(#2270,#2271,#2272,#2273),
 .UNSPECIFIED.,.F.,.F.,(4,4),(0.,1.),.UNSPECIFIED.);
#65=B_SPLINE_CURVE_WITH_KNOTS('',3,(#2277,#2278,#2279,#2280,#2281,#2282,
#2283),.UNSPECIFIED.,.F.,.F.,(4,1,1,1,4),(0.,0.000404344897929856,0.000808689795859711,
0.00121303469378957,0.00161737959171942),.UNSPECIFIED.);
#66=B_SPLINE_CURVE_WITH_KNOTS('',3,(#2287,#2288,#2289,#2290,#2291,#2292,
#2293),.UNSPECIFIED.,.F.,.F.,(4,1,1,1,4),(0.,0.000404344897929863,0.000808689795859725,
0.00121303469378959,0.00161737959171945),.UNSPECIFIED.);
#67=B_SPLINE_CURVE_WITH_KNOTS('',3,(#2303,#2304,#2305,#2306),
 .UNSPECIFIED.,.F.,.F.,(4,4),(0.,1.),.UNSPECIFIED.);
#68=B_SPLINE_CURVE_WITH_KNOTS('',3,(#2309,#2310,#2311,#2312),
 .UNSPECIFIED.,.F.,.F.,(4,4),(0.,1.),.UNSPECIFIED.);
#69=B_SPLINE_CURVE_WITH_KNOTS('',3,(#2317,#2318,#2319,#2320),
 .UNSPECIFIED.,.F.,.F.,(4,4),(0.,1.),.UNSPECIFIED.);
#70=B_SPLINE_CURVE_WITH_KNOTS('',3,(#2323,#2324,#2325,#2326),
 .UNSPECIFIED.,.F.,.F.,(4,4),(0.,1.),.UNSPECIFIED.);
#71=B_SPLINE_CURVE_WITH_KNOTS('',3,(#2333,#2334,#2335,#2336,#2337,#2338,
#2339,#2340,#2341,#2342,#2343,#2344,#2345,#2346,#2347,#2348,#2349,#2350,
#2351,#2352,#2353,#2354,#2355,#2356,#2357,#2358,#2359,#2360,#2361,#2362,
#2363),.UNSPECIFIED.,.F.,.F.,(4,1,1,1,1,1,1,1,1,1,1,1,1,1,1,1,1,1,1,1,1,
1,1,1,1,1,1,1,4),(0.,0.0287821407373693,0.0431732111060539,0.0575642814747386,
0.0647598166590809,0.0719553518434232,0.0791508870277656,0.0863464222121079,
0.100737492580793,0.115128562949477,0.143910703686846,0.172692844424216,
0.230257125898954,0.259039266636324,0.287821407373693,0.316603548111062,
0.345385688848432,0.40294997032317,0.460514251797909,0.575642814747386,
0.633207096222125,0.690771377696863,0.748335659171602,0.777117799908971,
0.80589994064634,0.83468208138371,0.863464222121079,0.892246362858448,0.921028503595817),
 .UNSPECIFIED.);
#72=B_SPLINE_CURVE_WITH_KNOTS('',3,(#2365,#2366,#2367,#2368,#2369,#2370,
#2371,#2372,#2373,#2374,#2375,#2376,#2377,#2378,#2379,#2380,#2381,#2382,
#2383,#2384,#2385,#2386,#2387,#2388,#2389,#2390,#2391,#2392,#2393,#2394,
#2395),.UNSPECIFIED.,.F.,.F.,(4,1,1,1,1,1,1,1,1,1,1,1,1,1,1,1,1,1,1,1,1,
1,1,1,1,1,1,1,4),(0.0795150785816692,0.108280232375992,0.137045386170315,
0.194575693758961,0.252106001347606,0.280871155141929,0.309636308936252,
0.367166616524898,0.424696924113543,0.539757539290835,0.59728784687948,
0.654818154468126,0.683583308262449,0.712348462056772,0.769878769645417,
0.79864392343974,0.827409077234063,0.856174231028386,0.884939384822709,
0.89932196171987,0.913704538617031,0.928087115514193,0.935278403962774,
0.942469692411354,0.946065336635645,0.949660980859935,0.956852269308516,
0.971234846205677,1.),.UNSPECIFIED.);
#73=B_SPLINE_CURVE_WITH_KNOTS('',3,(#2449,#2450,#2451,#2452,#2453,#2454,
#2455,#2456,#2457,#2458,#2459,#2460,#2461,#2462,#2463,#2464,#2465,#2466,
#2467,#2468,#2469,#2470,#2471,#2472,#2473,#2474,#2475,#2476,#2477,#2478,
#2479),.UNSPECIFIED.,.F.,.F.,(4,1,1,1,1,1,1,1,1,1,1,1,1,1,1,1,1,1,1,1,1,
1,1,1,1,1,1,1,4),(0.,0.0287821429506465,0.0431732144259697,0.0575642859012929,
0.0647598216389545,0.0719553573766161,0.0791508931142778,0.0863464288519394,
0.100737500327263,0.115128571802586,0.143910714753232,0.172692857703879,
0.230257143605172,0.259039286555818,0.287821429506465,0.316603572457111,
0.345385715407757,0.40295000130905,0.460514287210343,0.575642859012929,
0.633207144914222,0.690771430815515,0.748335716716808,0.777117859667454,
0.805900002618101,0.834682145568747,0.863464288519394,0.89224643147004,
0.921028574420687),.UNSPECIFIED.);
#74=B_SPLINE_CURVE_WITH_KNOTS('',3,(#2481,#2482,#2483,#2484,#2485,#2486,
#2487,#2488,#2489,#2490,#2491,#2492,#2493,#2494,#2495,#2496,#2497,#2498,
#2499,#2500,#2501,#2502,#2503,#2504,#2505,#2506,#2507,#2508,#2509,#2510,
#2511),.UNSPECIFIED.,.F.,.F.,(4,1,1,1,1,1,1,1,1,1,1,1,1,1,1,1,1,1,1,1,1,
1,1,1,1,1,1,1,4),(0.0795153012274386,0.108280448064081,0.137045594900724,
0.194575888574009,0.252106182247294,0.280871329083936,0.309636475920579,
0.367166769593864,0.424697063267149,0.539757650613719,0.597287944287004,
0.654818237960289,0.683583384796932,0.712348531633574,0.76987882530686,
0.798643972143502,0.827409118980145,0.856174265816787,0.88493941265343,
0.899321986071751,0.913704559490072,0.928087132908394,0.935278419617554,
0.942469706326715,0.946065349681295,0.949660993035875,0.956852279745036,
0.971234853163357,1.),.UNSPECIFIED.);
#75=B_SPLINE_CURVE_WITH_KNOTS('',3,(#2562,#2563,#2564,#2565),
 .UNSPECIFIED.,.F.,.F.,(4,4),(0.,1.),.UNSPECIFIED.);
#76=B_SPLINE_CURVE_WITH_KNOTS('',3,(#2610,#2611,#2612,#2613),
 .UNSPECIFIED.,.F.,.F.,(4,4),(0.,1.),.UNSPECIFIED.);
#77=B_SPLINE_CURVE_WITH_KNOTS('',3,(#2660,#2661,#2662,#2663),
 .UNSPECIFIED.,.F.,.F.,(4,4),(0.,1.),.UNSPECIFIED.);
#78=B_SPLINE_CURVE_WITH_KNOTS('',3,(#2664,#2665,#2666,#2667),
 .UNSPECIFIED.,.F.,.F.,(4,4),(0.,1.),.UNSPECIFIED.);
#79=B_SPLINE_CURVE_WITH_KNOTS('',3,(#2669,#2670,#2671,#2672),
 .UNSPECIFIED.,.F.,.F.,(4,4),(0.,1.),.UNSPECIFIED.);
#80=B_SPLINE_CURVE_WITH_KNOTS('',3,(#2674,#2675,#2676,#2677),
 .UNSPECIFIED.,.F.,.F.,(4,4),(0.,1.),.UNSPECIFIED.);
#81=B_SPLINE_CURVE_WITH_KNOTS('',3,(#2679,#2680,#2681,#2682),
 .UNSPECIFIED.,.F.,.F.,(4,4),(0.,1.),.UNSPECIFIED.);
#82=B_SPLINE_CURVE_WITH_KNOTS('',3,(#2684,#2685,#2686,#2687),
 .UNSPECIFIED.,.F.,.F.,(4,4),(0.,1.),.UNSPECIFIED.);
#83=B_SPLINE_CURVE_WITH_KNOTS('',3,(#2691,#2692,#2693,#2694),
 .UNSPECIFIED.,.F.,.F.,(4,4),(0.,1.),.UNSPECIFIED.);
#84=B_SPLINE_CURVE_WITH_KNOTS('',3,(#2696,#2697,#2698,#2699),
 .UNSPECIFIED.,.F.,.F.,(4,4),(0.,1.),.UNSPECIFIED.);
#85=B_SPLINE_CURVE_WITH_KNOTS('',3,(#2700,#2701,#2702,#2703),
 .UNSPECIFIED.,.F.,.F.,(4,4),(0.,1.),.UNSPECIFIED.);
#86=B_SPLINE_CURVE_WITH_KNOTS('',3,(#2708,#2709,#2710,#2711),
 .UNSPECIFIED.,.F.,.F.,(4,4),(0.,1.),.UNSPECIFIED.);
#87=B_SPLINE_CURVE_WITH_KNOTS('',3,(#2712,#2713,#2714,#2715),
 .UNSPECIFIED.,.F.,.F.,(4,4),(0.,1.),.UNSPECIFIED.);
#88=B_SPLINE_CURVE_WITH_KNOTS('',3,(#2717,#2718,#2719,#2720),
 .UNSPECIFIED.,.F.,.F.,(4,4),(0.,1.),.UNSPECIFIED.);
#89=B_SPLINE_CURVE_WITH_KNOTS('',3,(#2723,#2724,#2725,#2726),
 .UNSPECIFIED.,.F.,.F.,(4,4),(0.,1.),.UNSPECIFIED.);
#90=B_SPLINE_CURVE_WITH_KNOTS('',3,(#2727,#2728,#2729,#2730),
 .UNSPECIFIED.,.F.,.F.,(4,4),(0.,1.),.UNSPECIFIED.);
#91=B_SPLINE_CURVE_WITH_KNOTS('',3,(#2732,#2733,#2734,#2735),
 .UNSPECIFIED.,.F.,.F.,(4,4),(0.,1.),.UNSPECIFIED.);
#92=B_SPLINE_CURVE_WITH_KNOTS('',3,(#2739,#2740,#2741,#2742),
 .UNSPECIFIED.,.F.,.F.,(4,4),(0.,1.),.UNSPECIFIED.);
#93=B_SPLINE_CURVE_WITH_KNOTS('',3,(#2744,#2745,#2746,#2747),
 .UNSPECIFIED.,.F.,.F.,(4,4),(0.,1.),.UNSPECIFIED.);
#94=B_SPLINE_CURVE_WITH_KNOTS('',3,(#2748,#2749,#2750,#2751),
 .UNSPECIFIED.,.F.,.F.,(4,4),(0.,1.),.UNSPECIFIED.);
#95=B_SPLINE_CURVE_WITH_KNOTS('',3,(#2768,#2769,#2770,#2771,#2772,#2773,
#2774,#2775,#2776,#2777,#2778),.UNSPECIFIED.,.F.,.F.,(4,1,1,1,1,1,1,1,4),
(0.,0.25,0.375,0.4375,0.5,0.5625,0.625,0.75,1.),.UNSPECIFIED.);
#96=B_SPLINE_CURVE_WITH_KNOTS('',3,(#2795,#2796,#2797,#2798,#2799,#2800,
#2801,#2802,#2803,#2804,#2805),.UNSPECIFIED.,.F.,.F.,(4,1,1,1,1,1,1,1,4),
(0.,0.25,0.375,0.4375,0.5,0.5625,0.625,0.75,1.),.UNSPECIFIED.);
#97=B_SPLINE_CURVE_WITH_KNOTS('',3,(#2838,#2839,#2840,#2841,#2842,#2843,
#2844,#2845,#2846,#2847,#2848),.UNSPECIFIED.,.F.,.F.,(4,1,1,1,1,1,1,1,4),
(0.,0.25,0.375,0.4375,0.5,0.5625,0.625,0.75,1.),.UNSPECIFIED.);
#98=B_SPLINE_CURVE_WITH_KNOTS('',3,(#2865,#2866,#2867,#2868,#2869,#2870,
#2871,#2872,#2873,#2874,#2875),.UNSPECIFIED.,.F.,.F.,(4,1,1,1,1,1,1,1,4),
(0.,0.25,0.375,0.4375,0.5,0.5625,0.625,0.75,1.),.UNSPECIFIED.);
#99=B_SPLINE_CURVE_WITH_KNOTS('',3,(#2908,#2909,#2910,#2911,#2912,#2913,
#2914,#2915,#2916,#2917,#2918),.UNSPECIFIED.,.F.,.F.,(4,1,1,1,1,1,1,1,4),
(0.,0.25,0.375,0.4375,0.5,0.5625,0.625,0.75,1.),.UNSPECIFIED.);
#100=B_SPLINE_CURVE_WITH_KNOTS('',3,(#2935,#2936,#2937,#2938,#2939,#2940,
#2941,#2942,#2943,#2944,#2945),.UNSPECIFIED.,.F.,.F.,(4,1,1,1,1,1,1,1,4),
(0.,0.25,0.375,0.4375,0.5,0.5625,0.625,0.75,1.),.UNSPECIFIED.);
#101=B_SPLINE_CURVE_WITH_KNOTS('',3,(#2978,#2979,#2980,#2981,#2982,#2983,
#2984,#2985,#2986,#2987,#2988),.UNSPECIFIED.,.F.,.F.,(4,1,1,1,1,1,1,1,4),
(0.,0.25,0.375,0.4375,0.5,0.5625,0.625,0.75,1.),.UNSPECIFIED.);
#102=B_SPLINE_CURVE_WITH_KNOTS('',3,(#3005,#3006,#3007,#3008,#3009,#3010,
#3011,#3012,#3013,#3014,#3015),.UNSPECIFIED.,.F.,.F.,(4,1,1,1,1,1,1,1,4),
(0.,0.25,0.375,0.4375,0.5,0.5625,0.625,0.75,1.),.UNSPECIFIED.);
#103=ORIENTED_EDGE('',*,*,#543,.T.);
#104=ORIENTED_EDGE('',*,*,#544,.T.);
#105=ORIENTED_EDGE('',*,*,#545,.T.);
#106=ORIENTED_EDGE('',*,*,#546,.F.);
#107=ORIENTED_EDGE('',*,*,#547,.F.);
#108=ORIENTED_EDGE('',*,*,#548,.T.);
#109=ORIENTED_EDGE('',*,*,#549,.T.);
#110=ORIENTED_EDGE('',*,*,#550,.T.);
#111=ORIENTED_EDGE('',*,*,#551,.F.);
#112=ORIENTED_EDGE('',*,*,#552,.F.);
#113=ORIENTED_EDGE('',*,*,#553,.T.);
#114=ORIENTED_EDGE('',*,*,#554,.T.);
#115=ORIENTED_EDGE('',*,*,#555,.T.);
#116=ORIENTED_EDGE('',*,*,#556,.T.);
#117=ORIENTED_EDGE('',*,*,#557,.T.);
#118=ORIENTED_EDGE('',*,*,#558,.T.);
#119=ORIENTED_EDGE('',*,*,#559,.T.);
#120=ORIENTED_EDGE('',*,*,#560,.F.);
#121=ORIENTED_EDGE('',*,*,#561,.T.);
#122=ORIENTED_EDGE('',*,*,#562,.F.);
#123=ORIENTED_EDGE('',*,*,#563,.F.);
#124=ORIENTED_EDGE('',*,*,#564,.F.);
#125=ORIENTED_EDGE('',*,*,#565,.T.);
#126=ORIENTED_EDGE('',*,*,#566,.T.);
#127=ORIENTED_EDGE('',*,*,#567,.F.);
#128=ORIENTED_EDGE('',*,*,#568,.T.);
#129=ORIENTED_EDGE('',*,*,#569,.T.);
#130=ORIENTED_EDGE('',*,*,#570,.T.);
#131=ORIENTED_EDGE('',*,*,#571,.F.);
#132=ORIENTED_EDGE('',*,*,#572,.T.);
#133=ORIENTED_EDGE('',*,*,#573,.T.);
#134=ORIENTED_EDGE('',*,*,#574,.F.);
#135=ORIENTED_EDGE('',*,*,#575,.T.);
#136=ORIENTED_EDGE('',*,*,#576,.F.);
#137=ORIENTED_EDGE('',*,*,#577,.T.);
#138=ORIENTED_EDGE('',*,*,#578,.T.);
#139=ORIENTED_EDGE('',*,*,#579,.T.);
#140=ORIENTED_EDGE('',*,*,#580,.F.);
#141=ORIENTED_EDGE('',*,*,#581,.F.);
#142=ORIENTED_EDGE('',*,*,#582,.F.);
#143=ORIENTED_EDGE('',*,*,#583,.F.);
#144=ORIENTED_EDGE('',*,*,#584,.T.);
#145=ORIENTED_EDGE('',*,*,#585,.T.);
#146=ORIENTED_EDGE('',*,*,#586,.T.);
#147=ORIENTED_EDGE('',*,*,#587,.F.);
#148=ORIENTED_EDGE('',*,*,#588,.F.);
#149=ORIENTED_EDGE('',*,*,#589,.F.);
#150=ORIENTED_EDGE('',*,*,#590,.T.);
#151=ORIENTED_EDGE('',*,*,#591,.F.);
#152=ORIENTED_EDGE('',*,*,#592,.F.);
#153=ORIENTED_EDGE('',*,*,#593,.F.);
#154=ORIENTED_EDGE('',*,*,#594,.T.);
#155=ORIENTED_EDGE('',*,*,#595,.T.);
#156=ORIENTED_EDGE('',*,*,#596,.T.);
#157=ORIENTED_EDGE('',*,*,#597,.T.);
#158=ORIENTED_EDGE('',*,*,#598,.F.);
#159=ORIENTED_EDGE('',*,*,#599,.T.);
#160=ORIENTED_EDGE('',*,*,#600,.T.);
#161=ORIENTED_EDGE('',*,*,#601,.T.);
#162=ORIENTED_EDGE('',*,*,#602,.F.);
#163=ORIENTED_EDGE('',*,*,#593,.T.);
#164=ORIENTED_EDGE('',*,*,#603,.T.);
#165=ORIENTED_EDGE('',*,*,#604,.F.);
#166=ORIENTED_EDGE('',*,*,#605,.T.);
#167=ORIENTED_EDGE('',*,*,#606,.F.);
#168=ORIENTED_EDGE('',*,*,#607,.F.);
#169=ORIENTED_EDGE('',*,*,#608,.T.);
#170=ORIENTED_EDGE('',*,*,#609,.F.);
#171=ORIENTED_EDGE('',*,*,#610,.T.);
#172=ORIENTED_EDGE('',*,*,#611,.F.);
#173=ORIENTED_EDGE('',*,*,#612,.T.);
#174=ORIENTED_EDGE('',*,*,#547,.T.);
#175=ORIENTED_EDGE('',*,*,#613,.F.);
#176=ORIENTED_EDGE('',*,*,#597,.F.);
#177=ORIENTED_EDGE('',*,*,#614,.F.);
#178=ORIENTED_EDGE('',*,*,#615,.F.);
#179=ORIENTED_EDGE('',*,*,#616,.T.);
#180=ORIENTED_EDGE('',*,*,#617,.T.);
#181=ORIENTED_EDGE('',*,*,#618,.F.);
#182=ORIENTED_EDGE('',*,*,#619,.T.);
#183=ORIENTED_EDGE('',*,*,#620,.T.);
#184=ORIENTED_EDGE('',*,*,#601,.F.);
#185=ORIENTED_EDGE('',*,*,#621,.T.);
#186=ORIENTED_EDGE('',*,*,#571,.T.);
#187=ORIENTED_EDGE('',*,*,#622,.T.);
#188=ORIENTED_EDGE('',*,*,#623,.T.);
#189=ORIENTED_EDGE('',*,*,#624,.T.);
#190=ORIENTED_EDGE('',*,*,#625,.F.);
#191=ORIENTED_EDGE('',*,*,#626,.T.);
#192=ORIENTED_EDGE('',*,*,#627,.F.);
#193=ORIENTED_EDGE('',*,*,#628,.T.);
#194=ORIENTED_EDGE('',*,*,#567,.T.);
#195=ORIENTED_EDGE('',*,*,#629,.F.);
#196=ORIENTED_EDGE('',*,*,#630,.T.);
#197=ORIENTED_EDGE('',*,*,#631,.T.);
#198=ORIENTED_EDGE('',*,*,#583,.T.);
#199=ORIENTED_EDGE('',*,*,#632,.T.);
#200=ORIENTED_EDGE('',*,*,#633,.T.);
#201=ORIENTED_EDGE('',*,*,#634,.T.);
#202=ORIENTED_EDGE('',*,*,#635,.F.);
#203=ORIENTED_EDGE('',*,*,#588,.T.);
#204=ORIENTED_EDGE('',*,*,#636,.F.);
#205=ORIENTED_EDGE('',*,*,#637,.T.);
#206=ORIENTED_EDGE('',*,*,#638,.T.);
#207=ORIENTED_EDGE('',*,*,#551,.T.);
#208=ORIENTED_EDGE('',*,*,#639,.T.);
#209=ORIENTED_EDGE('',*,*,#640,.T.);
#210=ORIENTED_EDGE('',*,*,#641,.T.);
#211=ORIENTED_EDGE('',*,*,#642,.T.);
#212=ORIENTED_EDGE('',*,*,#643,.T.);
#213=ORIENTED_EDGE('',*,*,#581,.T.);
#214=ORIENTED_EDGE('',*,*,#644,.F.);
#215=ORIENTED_EDGE('',*,*,#645,.F.);
#216=ORIENTED_EDGE('',*,*,#646,.T.);
#217=ORIENTED_EDGE('',*,*,#647,.T.);
#218=ORIENTED_EDGE('',*,*,#648,.T.);
#219=ORIENTED_EDGE('',*,*,#649,.T.);
#220=ORIENTED_EDGE('',*,*,#589,.T.);
#221=ORIENTED_EDGE('',*,*,#635,.T.);
#222=ORIENTED_EDGE('',*,*,#650,.T.);
#223=ORIENTED_EDGE('',*,*,#577,.F.);
#224=ORIENTED_EDGE('',*,*,#646,.F.);
#225=ORIENTED_EDGE('',*,*,#610,.F.);
#226=ORIENTED_EDGE('',*,*,#576,.T.);
#227=ORIENTED_EDGE('',*,*,#651,.F.);
#228=ORIENTED_EDGE('',*,*,#652,.T.);
#229=ORIENTED_EDGE('',*,*,#653,.F.);
#230=ORIENTED_EDGE('',*,*,#644,.T.);
#231=ORIENTED_EDGE('',*,*,#580,.T.);
#232=ORIENTED_EDGE('',*,*,#654,.T.);
#233=ORIENTED_EDGE('',*,*,#632,.F.);
#234=ORIENTED_EDGE('',*,*,#586,.F.);
#235=ORIENTED_EDGE('',*,*,#559,.F.);
#236=ORIENTED_EDGE('',*,*,#655,.T.);
#237=ORIENTED_EDGE('',*,*,#656,.F.);
#238=ORIENTED_EDGE('',*,*,#657,.F.);
#239=ORIENTED_EDGE('',*,*,#653,.T.);
#240=ORIENTED_EDGE('',*,*,#658,.T.);
#241=ORIENTED_EDGE('',*,*,#659,.T.);
#242=ORIENTED_EDGE('',*,*,#647,.F.);
#243=ORIENTED_EDGE('',*,*,#645,.T.);
#244=ORIENTED_EDGE('',*,*,#617,.F.);
#245=ORIENTED_EDGE('',*,*,#660,.F.);
#246=ORIENTED_EDGE('',*,*,#661,.T.);
#247=ORIENTED_EDGE('',*,*,#662,.F.);
#248=ORIENTED_EDGE('',*,*,#606,.T.);
#249=ORIENTED_EDGE('',*,*,#663,.T.);
#250=ORIENTED_EDGE('',*,*,#664,.T.);
#251=ORIENTED_EDGE('',*,*,#665,.T.);
#252=ORIENTED_EDGE('',*,*,#600,.F.);
#253=ORIENTED_EDGE('',*,*,#666,.T.);
#254=ORIENTED_EDGE('',*,*,#572,.F.);
#255=ORIENTED_EDGE('',*,*,#621,.F.);
#256=ORIENTED_EDGE('',*,*,#667,.F.);
#257=ORIENTED_EDGE('',*,*,#598,.T.);
#258=ORIENTED_EDGE('',*,*,#613,.T.);
#259=ORIENTED_EDGE('',*,*,#574,.T.);
#260=ORIENTED_EDGE('',*,*,#599,.F.);
#261=ORIENTED_EDGE('',*,*,#667,.T.);
#262=ORIENTED_EDGE('',*,*,#573,.F.);
#263=ORIENTED_EDGE('',*,*,#666,.F.);
#264=ORIENTED_EDGE('',*,*,#668,.F.);
#265=ORIENTED_EDGE('',*,*,#669,.F.);
#266=ORIENTED_EDGE('',*,*,#607,.T.);
#267=ORIENTED_EDGE('',*,*,#662,.T.);
#268=ORIENTED_EDGE('',*,*,#670,.T.);
#269=ORIENTED_EDGE('',*,*,#671,.T.);
#270=ORIENTED_EDGE('',*,*,#663,.F.);
#271=ORIENTED_EDGE('',*,*,#605,.F.);
#272=ORIENTED_EDGE('',*,*,#596,.F.);
#273=ORIENTED_EDGE('',*,*,#672,.T.);
#274=ORIENTED_EDGE('',*,*,#554,.F.);
#275=ORIENTED_EDGE('',*,*,#673,.F.);
#276=ORIENTED_EDGE('',*,*,#674,.T.);
#277=ORIENTED_EDGE('',*,*,#614,.T.);
#278=ORIENTED_EDGE('',*,*,#660,.T.);
#279=ORIENTED_EDGE('',*,*,#616,.F.);
#280=ORIENTED_EDGE('',*,*,#675,.F.);
#281=ORIENTED_EDGE('',*,*,#676,.T.);
#282=ORIENTED_EDGE('',*,*,#677,.T.);
#283=ORIENTED_EDGE('',*,*,#675,.T.);
#284=ORIENTED_EDGE('',*,*,#615,.T.);
#285=ORIENTED_EDGE('',*,*,#674,.F.);
#286=ORIENTED_EDGE('',*,*,#678,.T.);
#287=ORIENTED_EDGE('',*,*,#679,.F.);
#288=ORIENTED_EDGE('',*,*,#608,.F.);
#289=ORIENTED_EDGE('',*,*,#669,.T.);
#290=ORIENTED_EDGE('',*,*,#665,.F.);
#291=ORIENTED_EDGE('',*,*,#680,.F.);
#292=ORIENTED_EDGE('',*,*,#681,.T.);
#293=ORIENTED_EDGE('',*,*,#618,.T.);
#294=ORIENTED_EDGE('',*,*,#682,.F.);
#295=ORIENTED_EDGE('',*,*,#602,.T.);
#296=ORIENTED_EDGE('',*,*,#620,.F.);
#297=ORIENTED_EDGE('',*,*,#683,.F.);
#298=ORIENTED_EDGE('',*,*,#684,.T.);
#299=ORIENTED_EDGE('',*,*,#564,.T.);
#300=ORIENTED_EDGE('',*,*,#685,.F.);
#301=ORIENTED_EDGE('',*,*,#670,.F.);
#302=ORIENTED_EDGE('',*,*,#604,.T.);
#303=ORIENTED_EDGE('',*,*,#686,.T.);
#304=ORIENTED_EDGE('',*,*,#687,.T.);
#305=ORIENTED_EDGE('',*,*,#683,.T.);
#306=ORIENTED_EDGE('',*,*,#619,.F.);
#307=ORIENTED_EDGE('',*,*,#681,.F.);
#308=ORIENTED_EDGE('',*,*,#688,.T.);
#309=ORIENTED_EDGE('',*,*,#689,.T.);
#310=ORIENTED_EDGE('',*,*,#651,.T.);
#311=ORIENTED_EDGE('',*,*,#585,.F.);
#312=ORIENTED_EDGE('',*,*,#690,.F.);
#313=ORIENTED_EDGE('',*,*,#691,.F.);
#314=ORIENTED_EDGE('',*,*,#692,.T.);
#315=ORIENTED_EDGE('',*,*,#565,.F.);
#316=ORIENTED_EDGE('',*,*,#684,.F.);
#317=ORIENTED_EDGE('',*,*,#687,.F.);
#318=ORIENTED_EDGE('',*,*,#693,.T.);
#319=ORIENTED_EDGE('',*,*,#561,.F.);
#320=ORIENTED_EDGE('',*,*,#694,.F.);
#321=ORIENTED_EDGE('',*,*,#695,.F.);
#322=ORIENTED_EDGE('',*,*,#696,.T.);
#323=ORIENTED_EDGE('',*,*,#557,.F.);
#324=ORIENTED_EDGE('',*,*,#697,.F.);
#325=ORIENTED_EDGE('',*,*,#678,.F.);
#326=ORIENTED_EDGE('',*,*,#673,.T.);
#327=ORIENTED_EDGE('',*,*,#553,.F.);
#328=ORIENTED_EDGE('',*,*,#698,.F.);
#329=ORIENTED_EDGE('',*,*,#699,.F.);
#330=ORIENTED_EDGE('',*,*,#700,.T.);
#331=ORIENTED_EDGE('',*,*,#590,.F.);
#332=ORIENTED_EDGE('',*,*,#649,.F.);
#333=ORIENTED_EDGE('',*,*,#594,.F.);
#334=ORIENTED_EDGE('',*,*,#609,.T.);
#335=ORIENTED_EDGE('',*,*,#679,.T.);
#336=ORIENTED_EDGE('',*,*,#697,.T.);
#337=ORIENTED_EDGE('',*,*,#556,.F.);
#338=ORIENTED_EDGE('',*,*,#701,.F.);
#339=ORIENTED_EDGE('',*,*,#595,.F.);
#340=ORIENTED_EDGE('',*,*,#701,.T.);
#341=ORIENTED_EDGE('',*,*,#555,.F.);
#342=ORIENTED_EDGE('',*,*,#672,.F.);
#343=ORIENTED_EDGE('',*,*,#603,.F.);
#344=ORIENTED_EDGE('',*,*,#592,.T.);
#345=ORIENTED_EDGE('',*,*,#702,.T.);
#346=ORIENTED_EDGE('',*,*,#562,.T.);
#347=ORIENTED_EDGE('',*,*,#693,.F.);
#348=ORIENTED_EDGE('',*,*,#686,.F.);
#349=ORIENTED_EDGE('',*,*,#702,.F.);
#350=ORIENTED_EDGE('',*,*,#591,.T.);
#351=ORIENTED_EDGE('',*,*,#682,.T.);
#352=ORIENTED_EDGE('',*,*,#563,.T.);
#353=ORIENTED_EDGE('',*,*,#694,.T.);
#354=ORIENTED_EDGE('',*,*,#560,.T.);
#355=ORIENTED_EDGE('',*,*,#657,.T.);
#356=ORIENTED_EDGE('',*,*,#703,.F.);
#357=ORIENTED_EDGE('',*,*,#695,.T.);
#358=ORIENTED_EDGE('',*,*,#703,.T.);
#359=ORIENTED_EDGE('',*,*,#656,.T.);
#360=ORIENTED_EDGE('',*,*,#704,.F.);
#361=ORIENTED_EDGE('',*,*,#704,.T.);
#362=ORIENTED_EDGE('',*,*,#655,.F.);
#363=ORIENTED_EDGE('',*,*,#558,.F.);
#364=ORIENTED_EDGE('',*,*,#696,.F.);
#365=ORIENTED_EDGE('',*,*,#648,.F.);
#366=ORIENTED_EDGE('',*,*,#659,.F.);
#367=ORIENTED_EDGE('',*,*,#705,.F.);
#368=ORIENTED_EDGE('',*,*,#688,.F.);
#369=ORIENTED_EDGE('',*,*,#658,.F.);
#370=ORIENTED_EDGE('',*,*,#652,.F.);
#371=ORIENTED_EDGE('',*,*,#689,.F.);
#372=ORIENTED_EDGE('',*,*,#705,.T.);
#373=ORIENTED_EDGE('',*,*,#706,.F.);
#374=ORIENTED_EDGE('',*,*,#633,.F.);
#375=ORIENTED_EDGE('',*,*,#654,.F.);
#376=ORIENTED_EDGE('',*,*,#579,.F.);
#377=ORIENTED_EDGE('',*,*,#634,.F.);
#378=ORIENTED_EDGE('',*,*,#706,.T.);
#379=ORIENTED_EDGE('',*,*,#578,.F.);
#380=ORIENTED_EDGE('',*,*,#650,.F.);
#381=ORIENTED_EDGE('',*,*,#552,.T.);
#382=ORIENTED_EDGE('',*,*,#638,.F.);
#383=ORIENTED_EDGE('',*,*,#707,.F.);
#384=ORIENTED_EDGE('',*,*,#698,.T.);
#385=ORIENTED_EDGE('',*,*,#587,.T.);
#386=ORIENTED_EDGE('',*,*,#700,.F.);
#387=ORIENTED_EDGE('',*,*,#708,.F.);
#388=ORIENTED_EDGE('',*,*,#636,.T.);
#389=ORIENTED_EDGE('',*,*,#699,.T.);
#390=ORIENTED_EDGE('',*,*,#707,.T.);
#391=ORIENTED_EDGE('',*,*,#637,.F.);
#392=ORIENTED_EDGE('',*,*,#708,.T.);
#393=ORIENTED_EDGE('',*,*,#566,.F.);
#394=ORIENTED_EDGE('',*,*,#692,.F.);
#395=ORIENTED_EDGE('',*,*,#709,.T.);
#396=ORIENTED_EDGE('',*,*,#629,.T.);
#397=ORIENTED_EDGE('',*,*,#584,.F.);
#398=ORIENTED_EDGE('',*,*,#631,.F.);
#399=ORIENTED_EDGE('',*,*,#710,.T.);
#400=ORIENTED_EDGE('',*,*,#690,.T.);
#401=ORIENTED_EDGE('',*,*,#709,.F.);
#402=ORIENTED_EDGE('',*,*,#691,.T.);
#403=ORIENTED_EDGE('',*,*,#710,.F.);
#404=ORIENTED_EDGE('',*,*,#630,.F.);
#405=ORIENTED_EDGE('',*,*,#664,.F.);
#406=ORIENTED_EDGE('',*,*,#671,.F.);
#407=ORIENTED_EDGE('',*,*,#685,.T.);
#408=ORIENTED_EDGE('',*,*,#680,.T.);
#409=ORIENTED_EDGE('',*,*,#661,.F.);
#410=ORIENTED_EDGE('',*,*,#676,.F.);
#411=ORIENTED_EDGE('',*,*,#677,.F.);
#412=ORIENTED_EDGE('',*,*,#668,.T.);
#413=ORIENTED_EDGE('',*,*,#711,.T.);
#414=ORIENTED_EDGE('',*,*,#575,.F.);
#415=ORIENTED_EDGE('',*,*,#711,.F.);
#416=ORIENTED_EDGE('',*,*,#712,.F.);
#417=ORIENTED_EDGE('',*,*,#582,.T.);
#418=ORIENTED_EDGE('',*,*,#712,.T.);
#419=ORIENTED_EDGE('',*,*,#713,.F.);
#420=ORIENTED_EDGE('',*,*,#714,.T.);
#421=ORIENTED_EDGE('',*,*,#611,.T.);
#422=ORIENTED_EDGE('',*,*,#715,.T.);
#423=ORIENTED_EDGE('',*,*,#642,.F.);
#424=ORIENTED_EDGE('',*,*,#716,.T.);
#425=ORIENTED_EDGE('',*,*,#717,.T.);
#426=ORIENTED_EDGE('',*,*,#718,.T.);
#427=ORIENTED_EDGE('',*,*,#640,.F.);
#428=ORIENTED_EDGE('',*,*,#719,.T.);
#429=ORIENTED_EDGE('',*,*,#720,.T.);
#430=ORIENTED_EDGE('',*,*,#721,.T.);
#431=ORIENTED_EDGE('',*,*,#720,.F.);
#432=ORIENTED_EDGE('',*,*,#722,.T.);
#433=ORIENTED_EDGE('',*,*,#713,.T.);
#434=ORIENTED_EDGE('',*,*,#723,.T.);
#435=ORIENTED_EDGE('',*,*,#724,.F.);
#436=ORIENTED_EDGE('',*,*,#725,.T.);
#437=ORIENTED_EDGE('',*,*,#627,.T.);
#438=ORIENTED_EDGE('',*,*,#726,.T.);
#439=ORIENTED_EDGE('',*,*,#727,.T.);
#440=ORIENTED_EDGE('',*,*,#728,.T.);
#441=ORIENTED_EDGE('',*,*,#625,.T.);
#442=ORIENTED_EDGE('',*,*,#729,.T.);
#443=ORIENTED_EDGE('',*,*,#623,.F.);
#444=ORIENTED_EDGE('',*,*,#730,.T.);
#445=ORIENTED_EDGE('',*,*,#731,.T.);
#446=ORIENTED_EDGE('',*,*,#732,.T.);
#447=ORIENTED_EDGE('',*,*,#731,.F.);
#448=ORIENTED_EDGE('',*,*,#733,.T.);
#449=ORIENTED_EDGE('',*,*,#724,.T.);
#450=ORIENTED_EDGE('',*,*,#734,.T.);
#451=ORIENTED_EDGE('',*,*,#639,.F.);
#452=ORIENTED_EDGE('',*,*,#550,.F.);
#453=ORIENTED_EDGE('',*,*,#735,.F.);
#454=ORIENTED_EDGE('',*,*,#719,.F.);
#455=ORIENTED_EDGE('',*,*,#735,.T.);
#456=ORIENTED_EDGE('',*,*,#549,.F.);
#457=ORIENTED_EDGE('',*,*,#736,.F.);
#458=ORIENTED_EDGE('',*,*,#722,.F.);
#459=ORIENTED_EDGE('',*,*,#736,.T.);
#460=ORIENTED_EDGE('',*,*,#548,.F.);
#461=ORIENTED_EDGE('',*,*,#612,.F.);
#462=ORIENTED_EDGE('',*,*,#714,.F.);
#463=ORIENTED_EDGE('',*,*,#622,.F.);
#464=ORIENTED_EDGE('',*,*,#570,.F.);
#465=ORIENTED_EDGE('',*,*,#737,.F.);
#466=ORIENTED_EDGE('',*,*,#730,.F.);
#467=ORIENTED_EDGE('',*,*,#737,.T.);
#468=ORIENTED_EDGE('',*,*,#569,.F.);
#469=ORIENTED_EDGE('',*,*,#738,.F.);
#470=ORIENTED_EDGE('',*,*,#733,.F.);
#471=ORIENTED_EDGE('',*,*,#738,.T.);
#472=ORIENTED_EDGE('',*,*,#568,.F.);
#473=ORIENTED_EDGE('',*,*,#628,.F.);
#474=ORIENTED_EDGE('',*,*,#725,.F.);
#475=ORIENTED_EDGE('',*,*,#643,.F.);
#476=ORIENTED_EDGE('',*,*,#718,.F.);
#477=ORIENTED_EDGE('',*,*,#739,.F.);
#478=ORIENTED_EDGE('',*,*,#715,.F.);
#479=ORIENTED_EDGE('',*,*,#739,.T.);
#480=ORIENTED_EDGE('',*,*,#717,.F.);
#481=ORIENTED_EDGE('',*,*,#740,.F.);
#482=ORIENTED_EDGE('',*,*,#723,.F.);
#483=ORIENTED_EDGE('',*,*,#740,.T.);
#484=ORIENTED_EDGE('',*,*,#716,.F.);
#485=ORIENTED_EDGE('',*,*,#641,.F.);
#486=ORIENTED_EDGE('',*,*,#721,.F.);
#487=ORIENTED_EDGE('',*,*,#624,.F.);
#488=ORIENTED_EDGE('',*,*,#732,.F.);
#489=ORIENTED_EDGE('',*,*,#741,.F.);
#490=ORIENTED_EDGE('',*,*,#729,.F.);
#491=ORIENTED_EDGE('',*,*,#741,.T.);
#492=ORIENTED_EDGE('',*,*,#734,.F.);
#493=ORIENTED_EDGE('',*,*,#742,.F.);
#494=ORIENTED_EDGE('',*,*,#727,.F.);
#495=ORIENTED_EDGE('',*,*,#742,.T.);
#496=ORIENTED_EDGE('',*,*,#726,.F.);
#497=ORIENTED_EDGE('',*,*,#626,.F.);
#498=ORIENTED_EDGE('',*,*,#728,.F.);
#499=ORIENTED_EDGE('',*,*,#743,.F.);
#500=ORIENTED_EDGE('',*,*,#744,.F.);
#501=ORIENTED_EDGE('',*,*,#745,.T.);
#502=ORIENTED_EDGE('',*,*,#746,.T.);
#503=ORIENTED_EDGE('',*,*,#747,.T.);
#504=ORIENTED_EDGE('',*,*,#748,.F.);
#505=ORIENTED_EDGE('',*,*,#749,.F.);
#506=ORIENTED_EDGE('',*,*,#744,.T.);
#507=ORIENTED_EDGE('',*,*,#750,.T.);
#508=ORIENTED_EDGE('',*,*,#751,.F.);
#509=ORIENTED_EDGE('',*,*,#752,.F.);
#510=ORIENTED_EDGE('',*,*,#748,.T.);
#511=ORIENTED_EDGE('',*,*,#543,.F.);
#512=ORIENTED_EDGE('',*,*,#753,.F.);
#513=ORIENTED_EDGE('',*,*,#754,.T.);
#514=ORIENTED_EDGE('',*,*,#755,.T.);
#515=ORIENTED_EDGE('',*,*,#546,.T.);
#516=ORIENTED_EDGE('',*,*,#756,.F.);
#517=ORIENTED_EDGE('',*,*,#757,.F.);
#518=ORIENTED_EDGE('',*,*,#753,.T.);
#519=ORIENTED_EDGE('',*,*,#545,.F.);
#520=ORIENTED_EDGE('',*,*,#758,.F.);
#521=ORIENTED_EDGE('',*,*,#759,.T.);
#522=ORIENTED_EDGE('',*,*,#756,.T.);
#523=ORIENTED_EDGE('',*,*,#544,.F.);
#524=ORIENTED_EDGE('',*,*,#755,.F.);
#525=ORIENTED_EDGE('',*,*,#760,.T.);
#526=ORIENTED_EDGE('',*,*,#758,.T.);
#527=ORIENTED_EDGE('',*,*,#761,.F.);
#528=ORIENTED_EDGE('',*,*,#746,.F.);
#529=ORIENTED_EDGE('',*,*,#762,.T.);
#530=ORIENTED_EDGE('',*,*,#751,.T.);
#531=ORIENTED_EDGE('',*,*,#754,.F.);
#532=ORIENTED_EDGE('',*,*,#757,.T.);
#533=ORIENTED_EDGE('',*,*,#759,.F.);
#534=ORIENTED_EDGE('',*,*,#760,.F.);
#535=ORIENTED_EDGE('',*,*,#745,.F.);
#536=ORIENTED_EDGE('',*,*,#749,.T.);
#537=ORIENTED_EDGE('',*,*,#752,.T.);
#538=ORIENTED_EDGE('',*,*,#762,.F.);
#539=ORIENTED_EDGE('',*,*,#743,.T.);
#540=ORIENTED_EDGE('',*,*,#761,.T.);
#541=ORIENTED_EDGE('',*,*,#750,.F.);
#542=ORIENTED_EDGE('',*,*,#747,.F.);
#543=EDGE_CURVE('',#763,#764,#909,.T.);
#544=EDGE_CURVE('',#764,#765,#910,.T.);
#545=EDGE_CURVE('',#765,#766,#911,.T.);
#546=EDGE_CURVE('',#763,#766,#912,.T.);
#547=EDGE_CURVE('',#767,#768,#913,.T.);
#548=EDGE_CURVE('',#767,#769,#49,.T.);
#549=EDGE_CURVE('',#769,#770,#50,.T.);
#550=EDGE_CURVE('',#770,#771,#51,.T.);
#551=EDGE_CURVE('',#772,#771,#914,.T.);
#552=EDGE_CURVE('',#773,#772,#915,.T.);
#553=EDGE_CURVE('',#773,#774,#916,.T.);
#554=EDGE_CURVE('',#774,#775,#917,.T.);
#555=EDGE_CURVE('',#775,#776,#918,.T.);
#556=EDGE_CURVE('',#776,#777,#919,.T.);
#557=EDGE_CURVE('',#777,#778,#920,.T.);
#558=EDGE_CURVE('',#778,#779,#921,.T.);
#559=EDGE_CURVE('',#779,#780,#922,.T.);
#560=EDGE_CURVE('',#781,#780,#923,.T.);
#561=EDGE_CURVE('',#781,#782,#924,.T.);
#562=EDGE_CURVE('',#783,#782,#925,.T.);
#563=EDGE_CURVE('',#784,#783,#926,.T.);
#564=EDGE_CURVE('',#785,#784,#927,.T.);
#565=EDGE_CURVE('',#785,#786,#928,.T.);
#566=EDGE_CURVE('',#786,#787,#929,.T.);
#567=EDGE_CURVE('',#788,#787,#930,.T.);
#568=EDGE_CURVE('',#788,#789,#52,.T.);
#569=EDGE_CURVE('',#789,#790,#53,.T.);
#570=EDGE_CURVE('',#790,#791,#54,.T.);
#571=EDGE_CURVE('',#792,#791,#931,.T.);
#572=EDGE_CURVE('',#792,#793,#932,.T.);
#573=EDGE_CURVE('',#793,#794,#933,.T.);
#574=EDGE_CURVE('',#768,#794,#934,.T.);
#575=EDGE_CURVE('',#795,#795,#33,.T.);
#576=EDGE_CURVE('',#796,#796,#34,.T.);
#577=EDGE_CURVE('',#797,#798,#935,.T.);
#578=EDGE_CURVE('',#798,#799,#55,.T.);
#579=EDGE_CURVE('',#799,#800,#56,.T.);
#580=EDGE_CURVE('',#801,#800,#936,.T.);
#581=EDGE_CURVE('',#797,#801,#937,.T.);
#582=EDGE_CURVE('',#802,#802,#35,.T.);
#583=EDGE_CURVE('',#803,#804,#938,.T.);
#584=EDGE_CURVE('',#803,#805,#939,.T.);
#585=EDGE_CURVE('',#805,#806,#940,.T.);
#586=EDGE_CURVE('',#806,#804,#941,.T.);
#587=EDGE_CURVE('',#807,#808,#942,.T.);
#588=EDGE_CURVE('',#809,#807,#943,.T.);
#589=EDGE_CURVE('',#810,#809,#944,.T.);
#590=EDGE_CURVE('',#810,#808,#945,.T.);
#591=EDGE_CURVE('',#811,#812,#36,.T.);
#592=EDGE_CURVE('',#813,#811,#946,.T.);
#593=EDGE_CURVE('',#814,#813,#37,.T.);
#594=EDGE_CURVE('',#814,#815,#947,.T.);
#595=EDGE_CURVE('',#815,#816,#38,.T.);
#596=EDGE_CURVE('',#816,#817,#948,.T.);
#597=EDGE_CURVE('',#817,#818,#39,.T.);
#598=EDGE_CURVE('',#819,#818,#949,.T.);
#599=EDGE_CURVE('',#819,#820,#40,.T.);
#600=EDGE_CURVE('',#820,#821,#950,.T.);
#601=EDGE_CURVE('',#821,#822,#41,.T.);
#602=EDGE_CURVE('',#812,#822,#951,.T.);
#603=EDGE_CURVE('',#813,#823,#952,.T.);
#604=EDGE_CURVE('',#824,#823,#953,.T.);
#605=EDGE_CURVE('',#824,#825,#954,.T.);
#606=EDGE_CURVE('',#826,#825,#42,.T.);
#607=EDGE_CURVE('',#827,#826,#955,.T.);
#608=EDGE_CURVE('',#827,#828,#956,.T.);
#609=EDGE_CURVE('',#814,#828,#957,.T.);
#610=EDGE_CURVE('',#829,#829,#43,.T.);
#611=EDGE_CURVE('',#830,#831,#958,.T.);
#612=EDGE_CURVE('',#830,#767,#57,.T.);
#613=EDGE_CURVE('',#818,#768,#959,.T.);
#614=EDGE_CURVE('',#832,#817,#960,.T.);
#615=EDGE_CURVE('',#833,#832,#961,.T.);
#616=EDGE_CURVE('',#833,#834,#962,.T.);
#617=EDGE_CURVE('',#834,#835,#44,.T.);
#618=EDGE_CURVE('',#836,#835,#963,.T.);
#619=EDGE_CURVE('',#836,#837,#964,.T.);
#620=EDGE_CURVE('',#837,#822,#965,.T.);
#621=EDGE_CURVE('',#821,#792,#966,.T.);
#622=EDGE_CURVE('',#791,#838,#58,.T.);
#623=EDGE_CURVE('',#838,#839,#967,.T.);
#624=EDGE_CURVE('',#839,#840,#59,.T.);
#625=EDGE_CURVE('',#841,#840,#968,.T.);
#626=EDGE_CURVE('',#841,#842,#60,.T.);
#627=EDGE_CURVE('',#843,#842,#969,.T.);
#628=EDGE_CURVE('',#843,#788,#61,.T.);
#629=EDGE_CURVE('',#844,#787,#970,.T.);
#630=EDGE_CURVE('',#844,#845,#971,.T.);
#631=EDGE_CURVE('',#845,#803,#972,.T.);
#632=EDGE_CURVE('',#804,#846,#973,.T.);
#633=EDGE_CURVE('',#846,#847,#62,.T.);
#634=EDGE_CURVE('',#847,#848,#63,.T.);
#635=EDGE_CURVE('',#809,#848,#974,.T.);
#636=EDGE_CURVE('',#849,#807,#975,.T.);
#637=EDGE_CURVE('',#849,#850,#976,.T.);
#638=EDGE_CURVE('',#850,#772,#977,.T.);
#639=EDGE_CURVE('',#771,#851,#64,.T.);
#640=EDGE_CURVE('',#851,#852,#978,.T.);
#641=EDGE_CURVE('',#852,#853,#65,.T.);
#642=EDGE_CURVE('',#853,#854,#979,.T.);
#643=EDGE_CURVE('',#854,#831,#66,.T.);
#644=EDGE_CURVE('',#855,#801,#980,.T.);
#645=EDGE_CURVE('',#856,#855,#981,.T.);
#646=EDGE_CURVE('',#856,#797,#982,.T.);
#647=EDGE_CURVE('',#856,#857,#983,.T.);
#648=EDGE_CURVE('',#857,#858,#67,.T.);
#649=EDGE_CURVE('',#858,#810,#984,.T.);
#650=EDGE_CURVE('',#848,#798,#68,.T.);
#651=EDGE_CURVE('',#859,#806,#985,.T.);
#652=EDGE_CURVE('',#859,#860,#69,.T.);
#653=EDGE_CURVE('',#855,#860,#986,.T.);
#654=EDGE_CURVE('',#800,#846,#70,.T.);
#655=EDGE_CURVE('',#779,#861,#987,.T.);
#656=EDGE_CURVE('',#862,#861,#988,.T.);
#657=EDGE_CURVE('',#780,#862,#989,.T.);
#658=EDGE_CURVE('',#860,#863,#71,.T.);
#659=EDGE_CURVE('',#863,#857,#72,.T.);
#660=EDGE_CURVE('',#864,#834,#990,.T.);
#661=EDGE_CURVE('',#864,#865,#45,.T.);
#662=EDGE_CURVE('',#826,#865,#991,.T.);
#663=EDGE_CURVE('',#825,#866,#992,.T.);
#664=EDGE_CURVE('',#866,#867,#46,.T.);
#665=EDGE_CURVE('',#867,#835,#993,.T.);
#666=EDGE_CURVE('',#820,#793,#994,.T.);
#667=EDGE_CURVE('',#819,#794,#995,.T.);
#668=EDGE_CURVE('',#868,#865,#996,.T.);
#669=EDGE_CURVE('',#827,#868,#997,.T.);
#670=EDGE_CURVE('',#824,#869,#998,.T.);
#671=EDGE_CURVE('',#869,#866,#999,.T.);
#672=EDGE_CURVE('',#816,#775,#1000,.T.);
#673=EDGE_CURVE('',#870,#774,#1001,.T.);
#674=EDGE_CURVE('',#870,#832,#1002,.T.);
#675=EDGE_CURVE('',#871,#833,#1003,.T.);
#676=EDGE_CURVE('',#871,#864,#1004,.T.);
#677=EDGE_CURVE('',#868,#871,#1005,.T.);
#678=EDGE_CURVE('',#870,#872,#1006,.T.);
#679=EDGE_CURVE('',#828,#872,#1007,.T.);
#680=EDGE_CURVE('',#873,#867,#1008,.T.);
#681=EDGE_CURVE('',#873,#836,#1009,.T.);
#682=EDGE_CURVE('',#812,#784,#1010,.T.);
#683=EDGE_CURVE('',#874,#837,#1011,.T.);
#684=EDGE_CURVE('',#874,#785,#1012,.T.);
#685=EDGE_CURVE('',#869,#873,#1013,.T.);
#686=EDGE_CURVE('',#823,#875,#1014,.T.);
#687=EDGE_CURVE('',#875,#874,#1015,.T.);
#688=EDGE_CURVE('',#858,#876,#73,.T.);
#689=EDGE_CURVE('',#876,#859,#74,.T.);
#690=EDGE_CURVE('',#877,#805,#1016,.T.);
#691=EDGE_CURVE('',#878,#877,#1017,.T.);
#692=EDGE_CURVE('',#878,#786,#1018,.T.);
#693=EDGE_CURVE('',#875,#782,#1019,.T.);
#694=EDGE_CURVE('',#879,#781,#1020,.T.);
#695=EDGE_CURVE('',#880,#879,#1021,.T.);
#696=EDGE_CURVE('',#880,#778,#1022,.T.);
#697=EDGE_CURVE('',#872,#777,#1023,.T.);
#698=EDGE_CURVE('',#881,#773,#1024,.T.);
#699=EDGE_CURVE('',#882,#881,#1025,.T.);
#700=EDGE_CURVE('',#882,#808,#1026,.T.);
#701=EDGE_CURVE('',#815,#776,#1027,.T.);
#702=EDGE_CURVE('',#811,#783,#1028,.T.);
#703=EDGE_CURVE('',#879,#862,#1029,.T.);
#704=EDGE_CURVE('',#880,#861,#1030,.T.);
#705=EDGE_CURVE('',#876,#863,#75,.F.);
#706=EDGE_CURVE('',#847,#799,#76,.F.);
#707=EDGE_CURVE('',#881,#850,#1031,.T.);
#708=EDGE_CURVE('',#849,#882,#1032,.T.);
#709=EDGE_CURVE('',#878,#844,#1033,.T.);
#710=EDGE_CURVE('',#845,#877,#1034,.T.);
#711=EDGE_CURVE('',#883,#883,#47,.T.);
#712=EDGE_CURVE('',#884,#884,#48,.T.);
#713=EDGE_CURVE('',#885,#886,#1035,.T.);
#714=EDGE_CURVE('',#885,#830,#77,.T.);
#715=EDGE_CURVE('',#831,#886,#78,.T.);
#716=EDGE_CURVE('',#853,#887,#79,.T.);
#717=EDGE_CURVE('',#887,#888,#80,.T.);
#718=EDGE_CURVE('',#888,#854,#81,.T.);
#719=EDGE_CURVE('',#851,#889,#82,.T.);
#720=EDGE_CURVE('',#889,#890,#1036,.T.);
#721=EDGE_CURVE('',#890,#852,#83,.T.);
#722=EDGE_CURVE('',#889,#885,#84,.T.);
#723=EDGE_CURVE('',#886,#890,#85,.T.);
#724=EDGE_CURVE('',#891,#892,#1037,.T.);
#725=EDGE_CURVE('',#891,#843,#86,.T.);
#726=EDGE_CURVE('',#842,#892,#87,.T.);
#727=EDGE_CURVE('',#893,#894,#88,.T.);
#728=EDGE_CURVE('',#894,#841,#89,.T.);
#729=EDGE_CURVE('',#840,#893,#90,.T.);
#730=EDGE_CURVE('',#838,#895,#91,.T.);
#731=EDGE_CURVE('',#895,#896,#1038,.T.);
#732=EDGE_CURVE('',#896,#839,#92,.T.);
#733=EDGE_CURVE('',#895,#891,#93,.T.);
#734=EDGE_CURVE('',#892,#896,#94,.T.);
#735=EDGE_CURVE('',#889,#770,#95,.F.);
#736=EDGE_CURVE('',#885,#769,#96,.F.);
#737=EDGE_CURVE('',#895,#790,#97,.F.);
#738=EDGE_CURVE('',#891,#789,#98,.F.);
#739=EDGE_CURVE('',#886,#888,#99,.F.);
#740=EDGE_CURVE('',#890,#887,#100,.F.);
#741=EDGE_CURVE('',#893,#896,#101,.F.);
#742=EDGE_CURVE('',#894,#892,#102,.F.);
#743=EDGE_CURVE('',#897,#898,#1039,.T.);
#744=EDGE_CURVE('',#899,#897,#1040,.T.);
#745=EDGE_CURVE('',#899,#900,#1041,.T.);
#746=EDGE_CURVE('',#900,#898,#1042,.T.);
#747=EDGE_CURVE('',#897,#901,#1043,.T.);
#748=EDGE_CURVE('',#902,#901,#1044,.T.);
#749=EDGE_CURVE('',#899,#902,#1045,.T.);
#750=EDGE_CURVE('',#901,#903,#1046,.T.);
#751=EDGE_CURVE('',#904,#903,#1047,.T.);
#752=EDGE_CURVE('',#902,#904,#1048,.T.);
#753=EDGE_CURVE('',#905,#763,#1049,.T.);
#754=EDGE_CURVE('',#905,#906,#1050,.T.);
#755=EDGE_CURVE('',#906,#764,#1051,.T.);
#756=EDGE_CURVE('',#907,#766,#1052,.T.);
#757=EDGE_CURVE('',#905,#907,#1053,.T.);
#758=EDGE_CURVE('',#908,#765,#1054,.T.);
#759=EDGE_CURVE('',#908,#907,#1055,.T.);
#760=EDGE_CURVE('',#906,#908,#1056,.T.);
#761=EDGE_CURVE('',#898,#903,#1057,.T.);
#762=EDGE_CURVE('',#900,#904,#1058,.T.);
#763=VERTEX_POINT('',#1922);
#764=VERTEX_POINT('',#1923);
#765=VERTEX_POINT('',#1925);
#766=VERTEX_POINT('',#1927);
#767=VERTEX_POINT('',#1930);
#768=VERTEX_POINT('',#1931);
#769=VERTEX_POINT('',#1936);
#770=VERTEX_POINT('',#1941);
#771=VERTEX_POINT('',#1946);
#772=VERTEX_POINT('',#1948);
#773=VERTEX_POINT('',#1950);
#774=VERTEX_POINT('',#1952);
#775=VERTEX_POINT('',#1954);
#776=VERTEX_POINT('',#1956);
#777=VERTEX_POINT('',#1958);
#778=VERTEX_POINT('',#1960);
#779=VERTEX_POINT('',#1962);
#780=VERTEX_POINT('',#1964);
#781=VERTEX_POINT('',#1966);
#782=VERTEX_POINT('',#1968);
#783=VERTEX_POINT('',#1970);
#784=VERTEX_POINT('',#1972);
#785=VERTEX_POINT('',#1974);
#786=VERTEX_POINT('',#1976);
#787=VERTEX_POINT('',#1978);
#788=VERTEX_POINT('',#1980);
#789=VERTEX_POINT('',#1985);
#790=VERTEX_POINT('',#1990);
#791=VERTEX_POINT('',#1995);
#792=VERTEX_POINT('',#1997);
#793=VERTEX_POINT('',#1999);
#794=VERTEX_POINT('',#2001);
#795=VERTEX_POINT('',#2005);
#796=VERTEX_POINT('',#2007);
#797=VERTEX_POINT('',#2009);
#798=VERTEX_POINT('',#2010);
#799=VERTEX_POINT('',#2042);
#800=VERTEX_POINT('',#2074);
#801=VERTEX_POINT('',#2076);
#802=VERTEX_POINT('',#2079);
#803=VERTEX_POINT('',#2082);
#804=VERTEX_POINT('',#2083);
#805=VERTEX_POINT('',#2085);
#806=VERTEX_POINT('',#2087);
#807=VERTEX_POINT('',#2091);
#808=VERTEX_POINT('',#2092);
#809=VERTEX_POINT('',#2094);
#810=VERTEX_POINT('',#2096);
#811=VERTEX_POINT('',#2100);
#812=VERTEX_POINT('',#2101);
#813=VERTEX_POINT('',#2103);
#814=VERTEX_POINT('',#2105);
#815=VERTEX_POINT('',#2107);
#816=VERTEX_POINT('',#2109);
#817=VERTEX_POINT('',#2111);
#818=VERTEX_POINT('',#2113);
#819=VERTEX_POINT('',#2115);
#820=VERTEX_POINT('',#2117);
#821=VERTEX_POINT('',#2119);
#822=VERTEX_POINT('',#2121);
#823=VERTEX_POINT('',#2125);
#824=VERTEX_POINT('',#2127);
#825=VERTEX_POINT('',#2129);
#826=VERTEX_POINT('',#2131);
#827=VERTEX_POINT('',#2133);
#828=VERTEX_POINT('',#2135);
#829=VERTEX_POINT('',#2139);
#830=VERTEX_POINT('',#2141);
#831=VERTEX_POINT('',#2142);
#832=VERTEX_POINT('',#2149);
#833=VERTEX_POINT('',#2151);
#834=VERTEX_POINT('',#2153);
#835=VERTEX_POINT('',#2155);
#836=VERTEX_POINT('',#2157);
#837=VERTEX_POINT('',#2159);
#838=VERTEX_POINT('',#2166);
#839=VERTEX_POINT('',#2168);
#840=VERTEX_POINT('',#2176);
#841=VERTEX_POINT('',#2178);
#842=VERTEX_POINT('',#2186);
#843=VERTEX_POINT('',#2188);
#844=VERTEX_POINT('',#2194);
#845=VERTEX_POINT('',#2196);
#846=VERTEX_POINT('',#2199);
#847=VERTEX_POINT('',#2231);
#848=VERTEX_POINT('',#2263);
#849=VERTEX_POINT('',#2266);
#850=VERTEX_POINT('',#2268);
#851=VERTEX_POINT('',#2274);
#852=VERTEX_POINT('',#2276);
#853=VERTEX_POINT('',#2284);
#854=VERTEX_POINT('',#2286);
#855=VERTEX_POINT('',#2296);
#856=VERTEX_POINT('',#2298);
#857=VERTEX_POINT('',#2302);
#858=VERTEX_POINT('',#2307);
#859=VERTEX_POINT('',#2316);
#860=VERTEX_POINT('',#2321);
#861=VERTEX_POINT('',#2329);
#862=VERTEX_POINT('',#2331);
#863=VERTEX_POINT('',#2364);
#864=VERTEX_POINT('',#2398);
#865=VERTEX_POINT('',#2400);
#866=VERTEX_POINT('',#2403);
#867=VERTEX_POINT('',#2405);
#868=VERTEX_POINT('',#2414);
#869=VERTEX_POINT('',#2418);
#870=VERTEX_POINT('',#2423);
#871=VERTEX_POINT('',#2427);
#872=VERTEX_POINT('',#2432);
#873=VERTEX_POINT('',#2436);
#874=VERTEX_POINT('',#2441);
#875=VERTEX_POINT('',#2446);
#876=VERTEX_POINT('',#2480);
#877=VERTEX_POINT('',#2513);
#878=VERTEX_POINT('',#2515);
#879=VERTEX_POINT('',#2519);
#880=VERTEX_POINT('',#2521);
#881=VERTEX_POINT('',#2525);
#882=VERTEX_POINT('',#2527);
#883=VERTEX_POINT('',#2650);
#884=VERTEX_POINT('',#2654);
#885=VERTEX_POINT('',#2658);
#886=VERTEX_POINT('',#2659);
#887=VERTEX_POINT('',#2673);
#888=VERTEX_POINT('',#2678);
#889=VERTEX_POINT('',#2688);
#890=VERTEX_POINT('',#2690);
#891=VERTEX_POINT('',#2706);
#892=VERTEX_POINT('',#2707);
#893=VERTEX_POINT('',#2721);
#894=VERTEX_POINT('',#2722);
#895=VERTEX_POINT('',#2736);
#896=VERTEX_POINT('',#2738);
#897=VERTEX_POINT('',#3034);
#898=VERTEX_POINT('',#3035);
#899=VERTEX_POINT('',#3037);
#900=VERTEX_POINT('',#3039);
#901=VERTEX_POINT('',#3043);
#902=VERTEX_POINT('',#3045);
#903=VERTEX_POINT('',#3049);
#904=VERTEX_POINT('',#3051);
#905=VERTEX_POINT('',#3055);
#906=VERTEX_POINT('',#3057);
#907=VERTEX_POINT('',#3061);
#908=VERTEX_POINT('',#3065);
#909=LINE('',#1921,#1059);
#910=LINE('',#1924,#1060);
#911=LINE('',#1926,#1061);
#912=LINE('',#1928,#1062);
#913=LINE('',#1929,#1063);
#914=LINE('',#1947,#1064);
#915=LINE('',#1949,#1065);
#916=LINE('',#1951,#1066);
#917=LINE('',#1953,#1067);
#918=LINE('',#1955,#1068);
#919=LINE('',#1957,#1069);
#920=LINE('',#1959,#1070);
#921=LINE('',#1961,#1071);
#922=LINE('',#1963,#1072);
#923=LINE('',#1965,#1073);
#924=LINE('',#1967,#1074);
#925=LINE('',#1969,#1075);
#926=LINE('',#1971,#1076);
#927=LINE('',#1973,#1077);
#928=LINE('',#1975,#1078);
#929=LINE('',#1977,#1079);
#930=LINE('',#1979,#1080);
#931=LINE('',#1996,#1081);
#932=LINE('',#1998,#1082);
#933=LINE('',#2000,#1083);
#934=LINE('',#2002,#1084);
#935=LINE('',#2008,#1085);
#936=LINE('',#2075,#1086);
#937=LINE('',#2077,#1087);
#938=LINE('',#2081,#1088);
#939=LINE('',#2084,#1089);
#940=LINE('',#2086,#1090);
#941=LINE('',#2088,#1091);
#942=LINE('',#2090,#1092);
#943=LINE('',#2093,#1093);
#944=LINE('',#2095,#1094);
#945=LINE('',#2097,#1095);
#946=LINE('',#2102,#1096);
#947=LINE('',#2106,#1097);
#948=LINE('',#2110,#1098);
#949=LINE('',#2114,#1099);
#950=LINE('',#2118,#1100);
#951=LINE('',#2122,#1101);
#952=LINE('',#2124,#1102);
#953=LINE('',#2126,#1103);
#954=LINE('',#2128,#1104);
#955=LINE('',#2132,#1105);
#956=LINE('',#2134,#1106);
#957=LINE('',#2136,#1107);
#958=LINE('',#2140,#1108);
#959=LINE('',#2147,#1109);
#960=LINE('',#2148,#1110);
#961=LINE('',#2150,#1111);
#962=LINE('',#2152,#1112);
#963=LINE('',#2156,#1113);
#964=LINE('',#2158,#1114);
#965=LINE('',#2160,#1115);
#966=LINE('',#2161,#1116);
#967=LINE('',#2167,#1117);
#968=LINE('',#2177,#1118);
#969=LINE('',#2187,#1119);
#970=LINE('',#2193,#1120);
#971=LINE('',#2195,#1121);
#972=LINE('',#2197,#1122);
#973=LINE('',#2198,#1123);
#974=LINE('',#2264,#1124);
#975=LINE('',#2265,#1125);
#976=LINE('',#2267,#1126);
#977=LINE('',#2269,#1127);
#978=LINE('',#2275,#1128);
#979=LINE('',#2285,#1129);
#980=LINE('',#2295,#1130);
#981=LINE('',#2297,#1131);
#982=LINE('',#2299,#1132);
#983=LINE('',#2301,#1133);
#984=LINE('',#2308,#1134);
#985=LINE('',#2315,#1135);
#986=LINE('',#2322,#1136);
#987=LINE('',#2328,#1137);
#988=LINE('',#2330,#1138);
#989=LINE('',#2332,#1139);
#990=LINE('',#2397,#1140);
#991=LINE('',#2401,#1141);
#992=LINE('',#2402,#1142);
#993=LINE('',#2406,#1143);
#994=LINE('',#2408,#1144);
#995=LINE('',#2410,#1145);
#996=LINE('',#2413,#1146);
#997=LINE('',#2415,#1147);
#998=LINE('',#2417,#1148);
#999=LINE('',#2419,#1149);
#1000=LINE('',#2421,#1150);
#1001=LINE('',#2422,#1151);
#1002=LINE('',#2424,#1152);
#1003=LINE('',#2426,#1153);
#1004=LINE('',#2428,#1154);
#1005=LINE('',#2430,#1155);
#1006=LINE('',#2431,#1156);
#1007=LINE('',#2433,#1157);
#1008=LINE('',#2435,#1158);
#1009=LINE('',#2437,#1159);
#1010=LINE('',#2439,#1160);
#1011=LINE('',#2440,#1161);
#1012=LINE('',#2442,#1162);
#1013=LINE('',#2444,#1163);
#1014=LINE('',#2445,#1164);
#1015=LINE('',#2447,#1165);
#1016=LINE('',#2512,#1166);
#1017=LINE('',#2514,#1167);
#1018=LINE('',#2516,#1168);
#1019=LINE('',#2517,#1169);
#1020=LINE('',#2518,#1170);
#1021=LINE('',#2520,#1171);
#1022=LINE('',#2522,#1172);
#1023=LINE('',#2523,#1173);
#1024=LINE('',#2524,#1174);
#1025=LINE('',#2526,#1175);
#1026=LINE('',#2528,#1176);
#1027=LINE('',#2530,#1177);
#1028=LINE('',#2533,#1178);
#1029=LINE('',#2536,#1179);
#1030=LINE('',#2538,#1180);
#1031=LINE('',#2637,#1181);
#1032=LINE('',#2639,#1182);
#1033=LINE('',#2642,#1183);
#1034=LINE('',#2644,#1184);
#1035=LINE('',#2657,#1185);
#1036=LINE('',#2689,#1186);
#1037=LINE('',#2705,#1187);
#1038=LINE('',#2737,#1188);
#1039=LINE('',#3033,#1189);
#1040=LINE('',#3036,#1190);
#1041=LINE('',#3038,#1191);
#1042=LINE('',#3040,#1192);
#1043=LINE('',#3042,#1193);
#1044=LINE('',#3044,#1194);
#1045=LINE('',#3046,#1195);
#1046=LINE('',#3048,#1196);
#1047=LINE('',#3050,#1197);
#1048=LINE('',#3052,#1198);
#1049=LINE('',#3054,#1199);
#1050=LINE('',#3056,#1200);
#1051=LINE('',#3058,#1201);
#1052=LINE('',#3060,#1202);
#1053=LINE('',#3062,#1203);
#1054=LINE('',#3064,#1204);
#1055=LINE('',#3066,#1205);
#1056=LINE('',#3068,#1206);
#1057=LINE('',#3070,#1207);
#1058=LINE('',#3071,#1208);
#1059=VECTOR('',#1615,1.);
#1060=VECTOR('',#1616,1.);
#1061=VECTOR('',#1617,1.);
#1062=VECTOR('',#1618,1.);
#1063=VECTOR('',#1619,1.);
#1064=VECTOR('',#1620,1.);
#1065=VECTOR('',#1621,1.);
#1066=VECTOR('',#1622,1.);
#1067=VECTOR('',#1623,1.);
#1068=VECTOR('',#1624,1.);
#1069=VECTOR('',#1625,1.);
#1070=VECTOR('',#1626,1.);
#1071=VECTOR('',#1627,1.);
#1072=VECTOR('',#1628,1.);
#1073=VECTOR('',#1629,1.);
#1074=VECTOR('',#1630,1.);
#1075=VECTOR('',#1631,1.);
#1076=VECTOR('',#1632,1.);
#1077=VECTOR('',#1633,1.);
#1078=VECTOR('',#1634,1.);
#1079=VECTOR('',#1635,1.);
#1080=VECTOR('',#1636,1.);
#1081=VECTOR('',#1637,1.);
#1082=VECTOR('',#1638,1.);
#1083=VECTOR('',#1639,1.);
#1084=VECTOR('',#1640,1.);
#1085=VECTOR('',#1647,1.);
#1086=VECTOR('',#1648,1.);
#1087=VECTOR('',#1649,1.);
#1088=VECTOR('',#1654,1.);
#1089=VECTOR('',#1655,1.);
#1090=VECTOR('',#1656,1.);
#1091=VECTOR('',#1657,1.);
#1092=VECTOR('',#1660,1.);
#1093=VECTOR('',#1661,1.);
#1094=VECTOR('',#1662,1.);
#1095=VECTOR('',#1663,1.);
#1096=VECTOR('',#1668,1.);
#1097=VECTOR('',#1671,1.);
#1098=VECTOR('',#1674,1.);
#1099=VECTOR('',#1677,1.);
#1100=VECTOR('',#1680,1.);
#1101=VECTOR('',#1683,1.);
#1102=VECTOR('',#1686,1.);
#1103=VECTOR('',#1687,1.);
#1104=VECTOR('',#1688,1.);
#1105=VECTOR('',#1691,1.);
#1106=VECTOR('',#1692,1.);
#1107=VECTOR('',#1693,1.);
#1108=VECTOR('',#1698,1.);
#1109=VECTOR('',#1699,1.);
#1110=VECTOR('',#1700,1.);
#1111=VECTOR('',#1701,1.);
#1112=VECTOR('',#1702,1.);
#1113=VECTOR('',#1705,1.);
#1114=VECTOR('',#1706,1.);
#1115=VECTOR('',#1707,1.);
#1116=VECTOR('',#1708,1.);
#1117=VECTOR('',#1709,1.);
#1118=VECTOR('',#1710,1.);
#1119=VECTOR('',#1711,1.);
#1120=VECTOR('',#1712,1.);
#1121=VECTOR('',#1713,1.);
#1122=VECTOR('',#1714,1.);
#1123=VECTOR('',#1715,1.);
#1124=VECTOR('',#1716,1.);
#1125=VECTOR('',#1717,1.);
#1126=VECTOR('',#1718,1.);
#1127=VECTOR('',#1719,1.);
#1128=VECTOR('',#1720,1.);
#1129=VECTOR('',#1721,1.);
#1130=VECTOR('',#1724,1.);
#1131=VECTOR('',#1725,1.);
#1132=VECTOR('',#1726,1.);
#1133=VECTOR('',#1729,1.);
#1134=VECTOR('',#1730,1.);
#1135=VECTOR('',#1735,1.);
#1136=VECTOR('',#1736,1.);
#1137=VECTOR('',#1739,1.);
#1138=VECTOR('',#1740,1.);
#1139=VECTOR('',#1741,1.);
#1140=VECTOR('',#1744,1.);
#1141=VECTOR('',#1747,1.);
#1142=VECTOR('',#1748,1.);
#1143=VECTOR('',#1751,1.);
#1144=VECTOR('',#1754,1.);
#1145=VECTOR('',#1757,1.);
#1146=VECTOR('',#1762,1.);
#1147=VECTOR('',#1763,1.);
#1148=VECTOR('',#1766,1.);
#1149=VECTOR('',#1767,1.);
#1150=VECTOR('',#1770,1.);
#1151=VECTOR('',#1771,1.);
#1152=VECTOR('',#1772,1.);
#1153=VECTOR('',#1775,1.);
#1154=VECTOR('',#1776,1.);
#1155=VECTOR('',#1779,1.);
#1156=VECTOR('',#1780,1.);
#1157=VECTOR('',#1781,1.);
#1158=VECTOR('',#1784,1.);
#1159=VECTOR('',#1785,1.);
#1160=VECTOR('',#1788,1.);
#1161=VECTOR('',#1789,1.);
#1162=VECTOR('',#1790,1.);
#1163=VECTOR('',#1793,1.);
#1164=VECTOR('',#1794,1.);
#1165=VECTOR('',#1795,1.);
#1166=VECTOR('',#1798,1.);
#1167=VECTOR('',#1799,1.);
#1168=VECTOR('',#1800,1.);
#1169=VECTOR('',#1801,1.);
#1170=VECTOR('',#1802,1.);
#1171=VECTOR('',#1803,1.);
#1172=VECTOR('',#1804,1.);
#1173=VECTOR('',#1805,1.);
#1174=VECTOR('',#1806,1.);
#1175=VECTOR('',#1807,1.);
#1176=VECTOR('',#1808,1.);
#1177=VECTOR('',#1811,1.);
#1178=VECTOR('',#1816,1.);
#1179=VECTOR('',#1821,1.);
#1180=VECTOR('',#1824,1.);
#1181=VECTOR('',#1829,1.);
#1182=VECTOR('',#1832,1.);
#1183=VECTOR('',#1837,1.);
#1184=VECTOR('',#1840,1.);
#1185=VECTOR('',#1861,1.);
#1186=VECTOR('',#1866,1.);
#1187=VECTOR('',#1871,1.);
#1188=VECTOR('',#1876,1.);
#1189=VECTOR('',#1881,1.);
#1190=VECTOR('',#1882,1.);
#1191=VECTOR('',#1883,1.);
#1192=VECTOR('',#1884,1.);
#1193=VECTOR('',#1887,1.);
#1194=VECTOR('',#1888,1.);
#1195=VECTOR('',#1889,1.);
#1196=VECTOR('',#1892,1.);
#1197=VECTOR('',#1893,1.);
#1198=VECTOR('',#1894,1.);
#1199=VECTOR('',#1897,1.);
#1200=VECTOR('',#1898,1.);
#1201=VECTOR('',#1899,1.);
#1202=VECTOR('',#1902,1.);
#1203=VECTOR('',#1903,1.);
#1204=VECTOR('',#1906,1.);
#1205=VECTOR('',#1907,1.);
#1206=VECTOR('',#1910,1.);
#1207=VECTOR('',#1913,1.);
#1208=VECTOR('',#1914,1.);
#1209=EDGE_LOOP('',(#103,#104,#105,#106));
#1210=EDGE_LOOP('',(#107,#108,#109,#110,#111,#112,#113,#114,#115,#116,#117,
#118,#119,#120,#121,#122,#123,#124,#125,#126,#127,#128,#129,#130,#131,#132,
#133,#134));
#1211=EDGE_LOOP('',(#135));
#1212=EDGE_LOOP('',(#136));
#1213=EDGE_LOOP('',(#137,#138,#139,#140,#141));
#1214=EDGE_LOOP('',(#142));
#1215=EDGE_LOOP('',(#143,#144,#145,#146));
#1216=EDGE_LOOP('',(#147,#148,#149,#150));
#1217=EDGE_LOOP('',(#151,#152,#153,#154,#155,#156,#157,#158,#159,#160,#161,
#162));
#1218=EDGE_LOOP('',(#163,#164,#165,#166,#167,#168,#169,#170));
#1219=EDGE_LOOP('',(#171));
#1220=EDGE_LOOP('',(#172,#173,#174,#175,#176,#177,#178,#179,#180,#181,#182,
#183,#184,#185,#186,#187,#188,#189,#190,#191,#192,#193,#194,#195,#196,#197,
#198,#199,#200,#201,#202,#203,#204,#205,#206,#207,#208,#209,#210,#211,#212));
#1221=EDGE_LOOP('',(#213,#214,#215,#216));
#1222=EDGE_LOOP('',(#217,#218,#219,#220,#221,#222,#223,#224));
#1223=EDGE_LOOP('',(#225));
#1224=EDGE_LOOP('',(#226));
#1225=EDGE_LOOP('',(#227,#228,#229,#230,#231,#232,#233,#234));
#1226=EDGE_LOOP('',(#235,#236,#237,#238));
#1227=EDGE_LOOP('',(#239,#240,#241,#242,#243));
#1228=EDGE_LOOP('',(#244,#245,#246,#247,#248,#249,#250,#251));
#1229=EDGE_LOOP('',(#252,#253,#254,#255));
#1230=EDGE_LOOP('',(#256,#257,#258,#259));
#1231=EDGE_LOOP('',(#260,#261,#262,#263));
#1232=EDGE_LOOP('',(#264,#265,#266,#267));
#1233=EDGE_LOOP('',(#268,#269,#270,#271));
#1234=EDGE_LOOP('',(#272,#273,#274,#275,#276,#277));
#1235=EDGE_LOOP('',(#278,#279,#280,#281));
#1236=EDGE_LOOP('',(#282,#283,#284,#285,#286,#287,#288,#289));
#1237=EDGE_LOOP('',(#290,#291,#292,#293));
#1238=EDGE_LOOP('',(#294,#295,#296,#297,#298,#299));
#1239=EDGE_LOOP('',(#300,#301,#302,#303,#304,#305,#306,#307));
#1240=EDGE_LOOP('',(#308,#309,#310,#311,#312,#313,#314,#315,#316,#317,#318,
#319,#320,#321,#322,#323,#324,#325,#326,#327,#328,#329,#330,#331,#332));
#1241=EDGE_LOOP('',(#333,#334,#335,#336,#337,#338));
#1242=EDGE_LOOP('',(#339,#340,#341,#342));
#1243=EDGE_LOOP('',(#343,#344,#345,#346,#347,#348));
#1244=EDGE_LOOP('',(#349,#350,#351,#352));
#1245=EDGE_LOOP('',(#353,#354,#355,#356));
#1246=EDGE_LOOP('',(#357,#358,#359,#360));
#1247=EDGE_LOOP('',(#361,#362,#363,#364));
#1248=EDGE_LOOP('',(#365,#366,#367,#368));
#1249=EDGE_LOOP('',(#369,#370,#371,#372));
#1250=EDGE_LOOP('',(#373,#374,#375,#376));
#1251=EDGE_LOOP('',(#377,#378,#379,#380));
#1252=EDGE_LOOP('',(#381,#382,#383,#384));
#1253=EDGE_LOOP('',(#385,#386,#387,#388));
#1254=EDGE_LOOP('',(#389,#390,#391,#392));
#1255=EDGE_LOOP('',(#393,#394,#395,#396));
#1256=EDGE_LOOP('',(#397,#398,#399,#400));
#1257=EDGE_LOOP('',(#401,#402,#403,#404));
#1258=EDGE_LOOP('',(#405,#406,#407,#408));
#1259=EDGE_LOOP('',(#409,#410,#411,#412));
#1260=EDGE_LOOP('',(#413));
#1261=EDGE_LOOP('',(#414));
#1262=EDGE_LOOP('',(#415));
#1263=EDGE_LOOP('',(#416));
#1264=EDGE_LOOP('',(#417));
#1265=EDGE_LOOP('',(#418));
#1266=EDGE_LOOP('',(#419,#420,#421,#422));
#1267=EDGE_LOOP('',(#423,#424,#425,#426));
#1268=EDGE_LOOP('',(#427,#428,#429,#430));
#1269=EDGE_LOOP('',(#431,#432,#433,#434));
#1270=EDGE_LOOP('',(#435,#436,#437,#438));
#1271=EDGE_LOOP('',(#439,#440,#441,#442));
#1272=EDGE_LOOP('',(#443,#444,#445,#446));
#1273=EDGE_LOOP('',(#447,#448,#449,#450));
#1274=EDGE_LOOP('',(#451,#452,#453,#454));
#1275=EDGE_LOOP('',(#455,#456,#457,#458));
#1276=EDGE_LOOP('',(#459,#460,#461,#462));
#1277=EDGE_LOOP('',(#463,#464,#465,#466));
#1278=EDGE_LOOP('',(#467,#468,#469,#470));
#1279=EDGE_LOOP('',(#471,#472,#473,#474));
#1280=EDGE_LOOP('',(#475,#476,#477,#478));
#1281=EDGE_LOOP('',(#479,#480,#481,#482));
#1282=EDGE_LOOP('',(#483,#484,#485,#486));
#1283=EDGE_LOOP('',(#487,#488,#489,#490));
#1284=EDGE_LOOP('',(#491,#492,#493,#494));
#1285=EDGE_LOOP('',(#495,#496,#497,#498));
#1286=EDGE_LOOP('',(#499,#500,#501,#502));
#1287=EDGE_LOOP('',(#503,#504,#505,#506));
#1288=EDGE_LOOP('',(#507,#508,#509,#510));
#1289=EDGE_LOOP('',(#511,#512,#513,#514));
#1290=EDGE_LOOP('',(#515,#516,#517,#518));
#1291=EDGE_LOOP('',(#519,#520,#521,#522));
#1292=EDGE_LOOP('',(#523,#524,#525,#526));
#1293=EDGE_LOOP('',(#527,#528,#529,#530));
#1294=EDGE_LOOP('',(#531,#532,#533,#534));
#1295=EDGE_LOOP('',(#535,#536,#537,#538));
#1296=EDGE_LOOP('',(#539,#540,#541,#542));
#1297=FACE_BOUND('',#1209,.T.);
#1298=FACE_BOUND('',#1210,.T.);
#1299=FACE_BOUND('',#1211,.T.);
#1300=FACE_BOUND('',#1212,.T.);
#1301=FACE_BOUND('',#1213,.T.);
#1302=FACE_BOUND('',#1214,.T.);
#1303=FACE_BOUND('',#1215,.T.);
#1304=FACE_BOUND('',#1216,.T.);
#1305=FACE_BOUND('',#1217,.T.);
#1306=FACE_BOUND('',#1218,.T.);
#1307=FACE_BOUND('',#1219,.T.);
#1308=FACE_BOUND('',#1220,.T.);
#1309=FACE_BOUND('',#1221,.T.);
#1310=FACE_BOUND('',#1222,.T.);
#1311=FACE_BOUND('',#1223,.T.);
#1312=FACE_BOUND('',#1224,.T.);
#1313=FACE_BOUND('',#1225,.T.);
#1314=FACE_BOUND('',#1226,.T.);
#1315=FACE_BOUND('',#1227,.T.);
#1316=FACE_BOUND('',#1228,.T.);
#1317=FACE_BOUND('',#1229,.T.);
#1318=FACE_BOUND('',#1230,.T.);
#1319=FACE_BOUND('',#1231,.T.);
#1320=FACE_BOUND('',#1232,.T.);
#1321=FACE_BOUND('',#1233,.T.);
#1322=FACE_BOUND('',#1234,.T.);
#1323=FACE_BOUND('',#1235,.T.);
#1324=FACE_BOUND('',#1236,.T.);
#1325=FACE_BOUND('',#1237,.T.);
#1326=FACE_BOUND('',#1238,.T.);
#1327=FACE_BOUND('',#1239,.T.);
#1328=FACE_BOUND('',#1240,.T.);
#1329=FACE_BOUND('',#1241,.T.);
#1330=FACE_BOUND('',#1242,.T.);
#1331=FACE_BOUND('',#1243,.T.);
#1332=FACE_BOUND('',#1244,.T.);
#1333=FACE_BOUND('',#1245,.T.);
#1334=FACE_BOUND('',#1246,.T.);
#1335=FACE_BOUND('',#1247,.T.);
#1336=FACE_BOUND('',#1248,.T.);
#1337=FACE_BOUND('',#1249,.T.);
#1338=FACE_BOUND('',#1250,.T.);
#1339=FACE_BOUND('',#1251,.T.);
#1340=FACE_BOUND('',#1252,.T.);
#1341=FACE_BOUND('',#1253,.T.);
#1342=FACE_BOUND('',#1254,.T.);
#1343=FACE_BOUND('',#1255,.T.);
#1344=FACE_BOUND('',#1256,.T.);
#1345=FACE_BOUND('',#1257,.T.);
#1346=FACE_BOUND('',#1258,.T.);
#1347=FACE_BOUND('',#1259,.T.);
#1348=FACE_BOUND('',#1260,.T.);
#1349=FACE_BOUND('',#1261,.T.);
#1350=FACE_BOUND('',#1262,.T.);
#1351=FACE_BOUND('',#1263,.T.);
#1352=FACE_BOUND('',#1264,.T.);
#1353=FACE_BOUND('',#1265,.T.);
#1354=FACE_BOUND('',#1266,.T.);
#1355=FACE_BOUND('',#1267,.T.);
#1356=FACE_BOUND('',#1268,.T.);
#1357=FACE_BOUND('',#1269,.T.);
#1358=FACE_BOUND('',#1270,.T.);
#1359=FACE_BOUND('',#1271,.T.);
#1360=FACE_BOUND('',#1272,.T.);
#1361=FACE_BOUND('',#1273,.T.);
#1362=FACE_BOUND('',#1274,.T.);
#1363=FACE_BOUND('',#1275,.T.);
#1364=FACE_BOUND('',#1276,.T.);
#1365=FACE_BOUND('',#1277,.T.);
#1366=FACE_BOUND('',#1278,.T.);
#1367=FACE_BOUND('',#1279,.T.);
#1368=FACE_BOUND('',#1280,.T.);
#1369=FACE_BOUND('',#1281,.T.);
#1370=FACE_BOUND('',#1282,.T.);
#1371=FACE_BOUND('',#1283,.T.);
#1372=FACE_BOUND('',#1284,.T.);
#1373=FACE_BOUND('',#1285,.T.);
#1374=FACE_BOUND('',#1286,.T.);
#1375=FACE_BOUND('',#1287,.T.);
#1376=FACE_BOUND('',#1288,.T.);
#1377=FACE_BOUND('',#1289,.T.);
#1378=FACE_BOUND('',#1290,.T.);
#1379=FACE_BOUND('',#1291,.T.);
#1380=FACE_BOUND('',#1292,.T.);
#1381=FACE_BOUND('',#1293,.T.);
#1382=FACE_BOUND('',#1294,.T.);
#1383=FACE_BOUND('',#1295,.T.);
#1384=FACE_BOUND('',#1296,.T.);
#1385=PLANE('',#1533);
#1386=PLANE('',#1534);
#1387=PLANE('',#1538);
#1388=PLANE('',#1539);
#1389=PLANE('',#1547);
#1390=PLANE('',#1549);
#1391=PLANE('',#1552);
#1392=PLANE('',#1553);
#1393=PLANE('',#1555);
#1394=PLANE('',#1556);
#1395=PLANE('',#1560);
#1396=PLANE('',#1561);
#1397=PLANE('',#1562);
#1398=PLANE('',#1563);
#1399=PLANE('',#1564);
#1400=PLANE('',#1565);
#1401=PLANE('',#1566);
#1402=PLANE('',#1567);
#1403=PLANE('',#1568);
#1404=PLANE('',#1569);
#1405=PLANE('',#1570);
#1406=PLANE('',#1571);
#1407=PLANE('',#1572);
#1408=PLANE('',#1573);
#1409=PLANE('',#1574);
#1410=PLANE('',#1575);
#1411=PLANE('',#1576);
#1412=PLANE('',#1577);
#1413=PLANE('',#1578);
#1414=PLANE('',#1579);
#1415=PLANE('',#1580);
#1416=PLANE('',#1581);
#1417=PLANE('',#1582);
#1418=PLANE('',#1583);
#1419=PLANE('',#1584);
#1420=PLANE('',#1585);
#1421=PLANE('',#1586);
#1422=PLANE('',#1589);
#1423=PLANE('',#1592);
#1424=PLANE('',#1593);
#1425=PLANE('',#1594);
#1426=PLANE('',#1595);
#1427=PLANE('',#1596);
#1428=PLANE('',#1597);
#1429=PLANE('',#1598);
#1430=PLANE('',#1599);
#1431=PLANE('',#1600);
#1432=PLANE('',#1601);
#1433=PLANE('',#1602);
#1434=PLANE('',#1603);
#1435=PLANE('',#1604);
#1436=PLANE('',#1605);
#1437=PLANE('',#1606);
#1438=PLANE('',#1607);
#1439=PLANE('',#1608);
#1440=PLANE('',#1609);
#1441=PLANE('',#1610);
#1442=ADVANCED_FACE('',(#1297,#1298),#1385,.T.);
#1443=ADVANCED_FACE('',(#1299,#1300,#1301,#1302),#1386,.T.);
#1444=ADVANCED_FACE('',(#1303),#1387,.T.);
#1445=ADVANCED_FACE('',(#1304),#1388,.T.);
#1446=ADVANCED_FACE('',(#1305),#28,.T.);
#1447=ADVANCED_FACE('',(#1306),#1389,.T.);
#1448=ADVANCED_FACE('',(#1307,#1308),#1390,.F.);
#1449=ADVANCED_FACE('',(#1309),#1391,.F.);
#1450=ADVANCED_FACE('',(#1310),#1392,.T.);
#1451=ADVANCED_FACE('',(#1311,#1312),#29,.F.);
#1452=ADVANCED_FACE('',(#1313),#1393,.F.);
#1453=ADVANCED_FACE('',(#1314,#1315),#1394,.T.);
#1454=ADVANCED_FACE('',(#1316),#30,.F.);
#1455=ADVANCED_FACE('',(#1317),#1395,.T.);
#1456=ADVANCED_FACE('',(#1318),#1396,.F.);
#1457=ADVANCED_FACE('',(#1319),#1397,.T.);
#1458=ADVANCED_FACE('',(#1320),#1398,.T.);
#1459=ADVANCED_FACE('',(#1321),#1399,.F.);
#1460=ADVANCED_FACE('',(#1322),#1400,.T.);
#1461=ADVANCED_FACE('',(#1323),#1401,.F.);
#1462=ADVANCED_FACE('',(#1324),#1402,.F.);
#1463=ADVANCED_FACE('',(#1325),#1403,.T.);
#1464=ADVANCED_FACE('',(#1326),#1404,.F.);
#1465=ADVANCED_FACE('',(#1327),#1405,.T.);
#1466=ADVANCED_FACE('',(#1328),#1406,.T.);
#1467=ADVANCED_FACE('',(#1329),#1407,.T.);
#1468=ADVANCED_FACE('',(#1330),#1408,.T.);
#1469=ADVANCED_FACE('',(#1331),#1409,.F.);
#1470=ADVANCED_FACE('',(#1332),#1410,.F.);
#1471=ADVANCED_FACE('',(#1333),#1411,.F.);
#1472=ADVANCED_FACE('',(#1334),#1412,.F.);
#1473=ADVANCED_FACE('',(#1335),#1413,.T.);
#1474=ADVANCED_FACE('',(#1336),#12,.T.);
#1475=ADVANCED_FACE('',(#1337),#13,.T.);
#1476=ADVANCED_FACE('',(#1338),#14,.T.);
#1477=ADVANCED_FACE('',(#1339),#15,.T.);
#1478=ADVANCED_FACE('',(#1340),#1414,.F.);
#1479=ADVANCED_FACE('',(#1341),#1415,.F.);
#1480=ADVANCED_FACE('',(#1342),#1416,.T.);
#1481=ADVANCED_FACE('',(#1343),#1417,.T.);
#1482=ADVANCED_FACE('',(#1344),#1418,.T.);
#1483=ADVANCED_FACE('',(#1345),#1419,.T.);
#1484=ADVANCED_FACE('',(#1346),#1420,.F.);
#1485=ADVANCED_FACE('',(#1347),#1421,.F.);
#1486=ADVANCED_FACE('',(#1348,#1349),#31,.F.);
#1487=ADVANCED_FACE('',(#1350),#1422,.T.);
#1488=ADVANCED_FACE('',(#1351,#1352),#32,.F.);
#1489=ADVANCED_FACE('',(#1353),#1423,.T.);
#1490=ADVANCED_FACE('',(#1354),#1424,.F.);
#1491=ADVANCED_FACE('',(#1355),#1425,.T.);
#1492=ADVANCED_FACE('',(#1356),#1426,.T.);
#1493=ADVANCED_FACE('',(#1357),#1427,.T.);
#1494=ADVANCED_FACE('',(#1358),#1428,.F.);
#1495=ADVANCED_FACE('',(#1359),#1429,.F.);
#1496=ADVANCED_FACE('',(#1360),#1430,.T.);
#1497=ADVANCED_FACE('',(#1361),#1431,.T.);
#1498=ADVANCED_FACE('',(#1362),#16,.F.);
#1499=ADVANCED_FACE('',(#1363),#17,.F.);
#1500=ADVANCED_FACE('',(#1364),#18,.F.);
#1501=ADVANCED_FACE('',(#1365),#19,.F.);
#1502=ADVANCED_FACE('',(#1366),#20,.F.);
#1503=ADVANCED_FACE('',(#1367),#21,.F.);
#1504=ADVANCED_FACE('',(#1368),#22,.T.);
#1505=ADVANCED_FACE('',(#1369),#23,.T.);
#1506=ADVANCED_FACE('',(#1370),#24,.T.);
#1507=ADVANCED_FACE('',(#1371),#25,.T.);
#1508=ADVANCED_FACE('',(#1372),#26,.T.);
#1509=ADVANCED_FACE('',(#1373),#27,.T.);
#1510=ADVANCED_FACE('',(#1374),#1432,.T.);
#1511=ADVANCED_FACE('',(#1375),#1433,.F.);
#1512=ADVANCED_FACE('',(#1376),#1434,.F.);
#1513=ADVANCED_FACE('',(#1377),#1435,.T.);
#1514=ADVANCED_FACE('',(#1378),#1436,.F.);
#1515=ADVANCED_FACE('',(#1379),#1437,.T.);
#1516=ADVANCED_FACE('',(#1380),#1438,.T.);
#1517=ADVANCED_FACE('',(#1381),#1439,.T.);
#1518=ADVANCED_FACE('',(#1382,#1383),#1440,.T.);
#1519=ADVANCED_FACE('',(#1384),#1441,.T.);
#1520=CLOSED_SHELL('',(#1442,#1443,#1444,#1445,#1446,#1447,#1448,#1449,
#1450,#1451,#1452,#1453,#1454,#1455,#1456,#1457,#1458,#1459,#1460,#1461,
#1462,#1463,#1464,#1465,#1466,#1467,#1468,#1469,#1470,#1471,#1472,#1473,
#1474,#1475,#1476,#1477,#1478,#1479,#1480,#1481,#1482,#1483,#1484,#1485,
#1486,#1487,#1488,#1489,#1490,#1491,#1492,#1493,#1494,#1495,#1496,#1497,
#1498,#1499,#1500,#1501,#1502,#1503,#1504,#1505,#1506,#1507,#1508,#1509,
#1510,#1511,#1512,#1513,#1514,#1515,#1516,#1517,#1518,#1519));
#1521=STYLED_ITEM('',(#1522),#1529);
#1522=PRESENTATION_STYLE_ASSIGNMENT((#1523));
#1523=SURFACE_STYLE_USAGE(.BOTH.,#1524);
#1524=SURFACE_SIDE_STYLE('',(#1525));
#1525=SURFACE_STYLE_FILL_AREA(#1526);
#1526=FILL_AREA_STYLE('',(#1527));
#1527=FILL_AREA_STYLE_COLOUR('',#1528);
#1528=COLOUR_RGB('',0.341176470588236,0.776470588235294,0.741176470588235);
#1529=MANIFOLD_SOLID_BREP('dc_motor_holder',#1520);
#1530=SHAPE_DEFINITION_REPRESENTATION(#3080,#1531);
#1531=SHAPE_REPRESENTATION('dc_motor_holder',(#1532),#3075);
#1532=AXIS2_PLACEMENT_3D('',#1919,#1611,#1612);
#1533=AXIS2_PLACEMENT_3D('',#1920,#1613,#1614);
#1534=AXIS2_PLACEMENT_3D('',#2003,#1641,#1642);
#1535=AXIS2_PLACEMENT_3D('',#2004,#1643,#1644);
#1536=AXIS2_PLACEMENT_3D('',#2006,#1645,#1646);
#1537=AXIS2_PLACEMENT_3D('',#2078,#1650,#1651);
#1538=AXIS2_PLACEMENT_3D('',#2080,#1652,#1653);
#1539=AXIS2_PLACEMENT_3D('',#2089,#1658,#1659);
#1540=AXIS2_PLACEMENT_3D('',#2098,#1664,#1665);
#1541=AXIS2_PLACEMENT_3D('',#2099,#1666,#1667);
#1542=AXIS2_PLACEMENT_3D('',#2104,#1669,#1670);
#1543=AXIS2_PLACEMENT_3D('',#2108,#1672,#1673);
#1544=AXIS2_PLACEMENT_3D('',#2112,#1675,#1676);
#1545=AXIS2_PLACEMENT_3D('',#2116,#1678,#1679);
#1546=AXIS2_PLACEMENT_3D('',#2120,#1681,#1682);
#1547=AXIS2_PLACEMENT_3D('',#2123,#1684,#1685);
#1548=AXIS2_PLACEMENT_3D('',#2130,#1689,#1690);
#1549=AXIS2_PLACEMENT_3D('',#2137,#1694,#1695);
#1550=AXIS2_PLACEMENT_3D('',#2138,#1696,#1697);
#1551=AXIS2_PLACEMENT_3D('',#2154,#1703,#1704);
#1552=AXIS2_PLACEMENT_3D('',#2294,#1722,#1723);
#1553=AXIS2_PLACEMENT_3D('',#2300,#1727,#1728);
#1554=AXIS2_PLACEMENT_3D('',#2313,#1731,#1732);
#1555=AXIS2_PLACEMENT_3D('',#2314,#1733,#1734);
#1556=AXIS2_PLACEMENT_3D('',#2327,#1737,#1738);
#1557=AXIS2_PLACEMENT_3D('',#2396,#1742,#1743);
#1558=AXIS2_PLACEMENT_3D('',#2399,#1745,#1746);
#1559=AXIS2_PLACEMENT_3D('',#2404,#1749,#1750);
#1560=AXIS2_PLACEMENT_3D('',#2407,#1752,#1753);
#1561=AXIS2_PLACEMENT_3D('',#2409,#1755,#1756);
#1562=AXIS2_PLACEMENT_3D('',#2411,#1758,#1759);
#1563=AXIS2_PLACEMENT_3D('',#2412,#1760,#1761);
#1564=AXIS2_PLACEMENT_3D('',#2416,#1764,#1765);
#1565=AXIS2_PLACEMENT_3D('',#2420,#1768,#1769);
#1566=AXIS2_PLACEMENT_3D('',#2425,#1773,#1774);
#1567=AXIS2_PLACEMENT_3D('',#2429,#1777,#1778);
#1568=AXIS2_PLACEMENT_3D('',#2434,#1782,#1783);
#1569=AXIS2_PLACEMENT_3D('',#2438,#1786,#1787);
#1570=AXIS2_PLACEMENT_3D('',#2443,#1791,#1792);
#1571=AXIS2_PLACEMENT_3D('',#2448,#1796,#1797);
#1572=AXIS2_PLACEMENT_3D('',#2529,#1809,#1810);
#1573=AXIS2_PLACEMENT_3D('',#2531,#1812,#1813);
#1574=AXIS2_PLACEMENT_3D('',#2532,#1814,#1815);
#1575=AXIS2_PLACEMENT_3D('',#2534,#1817,#1818);
#1576=AXIS2_PLACEMENT_3D('',#2535,#1819,#1820);
#1577=AXIS2_PLACEMENT_3D('',#2537,#1822,#1823);
#1578=AXIS2_PLACEMENT_3D('',#2539,#1825,#1826);
#1579=AXIS2_PLACEMENT_3D('',#2636,#1827,#1828);
#1580=AXIS2_PLACEMENT_3D('',#2638,#1830,#1831);
#1581=AXIS2_PLACEMENT_3D('',#2640,#1833,#1834);
#1582=AXIS2_PLACEMENT_3D('',#2641,#1835,#1836);
#1583=AXIS2_PLACEMENT_3D('',#2643,#1838,#1839);
#1584=AXIS2_PLACEMENT_3D('',#2645,#1841,#1842);
#1585=AXIS2_PLACEMENT_3D('',#2646,#1843,#1844);
#1586=AXIS2_PLACEMENT_3D('',#2647,#1845,#1846);
#1587=AXIS2_PLACEMENT_3D('',#2648,#1847,#1848);
#1588=AXIS2_PLACEMENT_3D('',#2649,#1849,#1850);
#1589=AXIS2_PLACEMENT_3D('',#2651,#1851,#1852);
#1590=AXIS2_PLACEMENT_3D('',#2652,#1853,#1854);
#1591=AXIS2_PLACEMENT_3D('',#2653,#1855,#1856);
#1592=AXIS2_PLACEMENT_3D('',#2655,#1857,#1858);
#1593=AXIS2_PLACEMENT_3D('',#2656,#1859,#1860);
#1594=AXIS2_PLACEMENT_3D('',#2668,#1862,#1863);
#1595=AXIS2_PLACEMENT_3D('',#2683,#1864,#1865);
#1596=AXIS2_PLACEMENT_3D('',#2695,#1867,#1868);
#1597=AXIS2_PLACEMENT_3D('',#2704,#1869,#1870);
#1598=AXIS2_PLACEMENT_3D('',#2716,#1872,#1873);
#1599=AXIS2_PLACEMENT_3D('',#2731,#1874,#1875);
#1600=AXIS2_PLACEMENT_3D('',#2743,#1877,#1878);
#1601=AXIS2_PLACEMENT_3D('',#3032,#1879,#1880);
#1602=AXIS2_PLACEMENT_3D('',#3041,#1885,#1886);
#1603=AXIS2_PLACEMENT_3D('',#3047,#1890,#1891);
#1604=AXIS2_PLACEMENT_3D('',#3053,#1895,#1896);
#1605=AXIS2_PLACEMENT_3D('',#3059,#1900,#1901);
#1606=AXIS2_PLACEMENT_3D('',#3063,#1904,#1905);
#1607=AXIS2_PLACEMENT_3D('',#3067,#1908,#1909);
#1608=AXIS2_PLACEMENT_3D('',#3069,#1911,#1912);
#1609=AXIS2_PLACEMENT_3D('',#3072,#1915,#1916);
#1610=AXIS2_PLACEMENT_3D('',#3073,#1917,#1918);
#1611=DIRECTION('',(0.,0.,1.));
#1612=DIRECTION('',(1.,0.,0.));
#1613=DIRECTION('',(0.,0.,1.));
#1614=DIRECTION('',(1.,0.,0.));
#1615=DIRECTION('',(0.,-1.,0.));
#1616=DIRECTION('',(-1.,0.,0.));
#1617=DIRECTION('',(0.,1.,0.));
#1618=DIRECTION('',(-1.,0.,0.));
#1619=DIRECTION('',(-1.,0.,0.));
#1620=DIRECTION('',(-1.,0.,0.));
#1621=DIRECTION('',(0.,-1.,0.));
#1622=DIRECTION('',(-1.,0.,0.));
#1623=DIRECTION('',(0.,-1.,0.));
#1624=DIRECTION('',(-1.,0.,0.));
#1625=DIRECTION('',(0.,1.,0.));
#1626=DIRECTION('',(-1.,0.,0.));
#1627=DIRECTION('',(0.,1.,0.));
#1628=DIRECTION('',(-1.,0.,0.));
#1629=DIRECTION('',(0.,1.,0.));
#1630=DIRECTION('',(-1.,0.,0.));
#1631=DIRECTION('',(0.,1.,0.));
#1632=DIRECTION('',(1.,0.,0.));
#1633=DIRECTION('',(0.,-1.,0.));
#1634=DIRECTION('',(-1.,0.,0.));
#1635=DIRECTION('',(0.,-1.,0.));
#1636=DIRECTION('',(-1.,0.,0.));
#1637=DIRECTION('',(-1.,0.,0.));
#1638=DIRECTION('',(0.,1.,0.));
#1639=DIRECTION('',(1.,0.,0.));
#1640=DIRECTION('',(-2.02384405530627E-16,1.,0.));
#1641=DIRECTION('',(0.,-1.,0.));
#1642=DIRECTION('',(1.,0.,0.));
#1643=DIRECTION('',(0.,1.,0.));
#1644=DIRECTION('',(0.,0.,-1.));
#1645=DIRECTION('',(0.,-1.,0.));
#1646=DIRECTION('',(0.,0.,-1.));
#1647=DIRECTION('',(-1.7347234759768E-16,0.,1.));
#1648=DIRECTION('',(0.,0.,1.));
#1649=DIRECTION('',(-1.,0.,0.));
#1650=DIRECTION('',(0.,-1.,0.));
#1651=DIRECTION('',(0.,0.,-1.));
#1652=DIRECTION('',(0.,0.,1.));
#1653=DIRECTION('',(1.,0.,0.));
#1654=DIRECTION('',(-1.,0.,0.));
#1655=DIRECTION('',(0.,1.,0.));
#1656=DIRECTION('',(-1.,0.,0.));
#1657=DIRECTION('',(0.,-1.,0.));
#1658=DIRECTION('',(0.,0.,1.));
#1659=DIRECTION('',(1.,0.,0.));
#1660=DIRECTION('',(0.,1.,0.));
#1661=DIRECTION('',(-1.,0.,0.));
#1662=DIRECTION('',(0.,-1.,0.));
#1663=DIRECTION('',(-1.,0.,0.));
#1664=DIRECTION('',(0.,-1.,0.));
#1665=DIRECTION('',(0.,0.,-1.));
#1666=DIRECTION('',(0.,1.,0.));
#1667=DIRECTION('',(0.,0.,1.));
#1668=DIRECTION('',(0.,-1.,0.));
#1669=DIRECTION('',(0.,1.,0.));
#1670=DIRECTION('',(0.,0.,1.));
#1671=DIRECTION('',(0.,-1.,0.));
#1672=DIRECTION('',(0.,-1.,0.));
#1673=DIRECTION('',(0.,0.,-1.));
#1674=DIRECTION('',(0.,-1.,0.));
#1675=DIRECTION('',(0.,1.,0.));
#1676=DIRECTION('',(0.,0.,1.));
#1677=DIRECTION('',(0.,-1.,0.));
#1678=DIRECTION('',(0.,1.,0.));
#1679=DIRECTION('',(0.,0.,1.));
#1680=DIRECTION('',(0.,-1.,0.));
#1681=DIRECTION('',(0.,1.,0.));
#1682=DIRECTION('',(0.,0.,1.));
#1683=DIRECTION('',(0.,-1.,0.));
#1684=DIRECTION('',(0.,1.,0.));
#1685=DIRECTION('',(-1.,0.,0.));
#1686=DIRECTION('',(0.,0.,1.));
#1687=DIRECTION('',(-1.,0.,0.));
#1688=DIRECTION('',(0.,0.,-1.));
#1689=DIRECTION('',(0.,1.,0.));
#1690=DIRECTION('',(0.,0.,1.));
#1691=DIRECTION('',(0.,0.,-1.));
#1692=DIRECTION('',(1.,0.,0.));
#1693=DIRECTION('',(0.,0.,1.));
#1694=DIRECTION('',(0.,-1.,0.));
#1695=DIRECTION('',(1.,0.,0.));
#1696=DIRECTION('',(0.,-1.,0.));
#1697=DIRECTION('',(0.,0.,-1.));
#1698=DIRECTION('',(0.,0.,1.));
#1699=DIRECTION('',(0.,0.,-1.));
#1700=DIRECTION('',(0.,0.,-1.));
#1701=DIRECTION('',(1.,0.,0.));
#1702=DIRECTION('',(0.,0.,-1.));
#1703=DIRECTION('',(0.,1.,0.));
#1704=DIRECTION('',(0.,0.,1.));
#1705=DIRECTION('',(0.,0.,-1.));
#1706=DIRECTION('',(-1.,0.,0.));
#1707=DIRECTION('',(0.,0.,-1.));
#1708=DIRECTION('',(0.,0.,-1.));
#1709=DIRECTION('',(0.,0.,1.));
#1710=DIRECTION('',(1.,0.,0.));
#1711=DIRECTION('',(0.,0.,1.));
#1712=DIRECTION('',(0.,0.,1.));
#1713=DIRECTION('',(-1.,0.,0.));
#1714=DIRECTION('',(0.,0.,1.));
#1715=DIRECTION('',(0.,0.,1.));
#1716=DIRECTION('',(-1.7347234759768E-16,0.,1.));
#1717=DIRECTION('',(0.,0.,1.));
#1718=DIRECTION('',(-1.,0.,0.));
#1719=DIRECTION('',(0.,0.,1.));
#1720=DIRECTION('',(0.,0.,1.));
#1721=DIRECTION('',(-1.,0.,0.));
#1722=DIRECTION('',(0.,0.,1.));
#1723=DIRECTION('',(1.,0.,0.));
#1724=DIRECTION('',(0.,-1.,0.));
#1725=DIRECTION('',(-1.,0.,0.));
#1726=DIRECTION('',(0.,-1.,0.));
#1727=DIRECTION('',(1.,0.,1.7347234759768E-16));
#1728=DIRECTION('',(1.7347234759768E-16,0.,-1.));
#1729=DIRECTION('',(-1.7347234759768E-16,0.,1.));
#1730=DIRECTION('',(0.,0.,-1.));
#1731=DIRECTION('',(0.,-1.,0.));
#1732=DIRECTION('',(0.,0.,-1.));
#1733=DIRECTION('',(1.,0.,0.));
#1734=DIRECTION('',(0.,0.,-1.));
#1735=DIRECTION('',(0.,0.,-1.));
#1736=DIRECTION('',(0.,0.,1.));
#1737=DIRECTION('',(0.,1.,0.));
#1738=DIRECTION('',(-1.,0.,0.));
#1739=DIRECTION('',(1.7347234759768E-16,0.,1.));
#1740=DIRECTION('',(1.,0.,-1.7347234759768E-16));
#1741=DIRECTION('',(1.7347234759768E-16,0.,1.));
#1742=DIRECTION('',(0.,-1.,0.));
#1743=DIRECTION('',(0.,0.,-1.));
#1744=DIRECTION('',(0.,-1.,0.));
#1745=DIRECTION('',(0.,1.,0.));
#1746=DIRECTION('',(0.,0.,1.));
#1747=DIRECTION('',(0.,-1.,0.));
#1748=DIRECTION('',(0.,-1.,0.));
#1749=DIRECTION('',(0.,1.,0.));
#1750=DIRECTION('',(0.,0.,1.));
#1751=DIRECTION('',(0.,-1.,0.));
#1752=DIRECTION('',(-1.,0.,0.));
#1753=DIRECTION('',(0.,0.,1.));
#1754=DIRECTION('',(0.,0.,-1.));
#1755=DIRECTION('',(-1.,-2.02384405530627E-16,0.));
#1756=DIRECTION('',(2.02384405530627E-16,-1.,0.));
#1757=DIRECTION('',(0.,0.,-1.));
#1758=DIRECTION('',(0.,1.,0.));
#1759=DIRECTION('',(0.,0.,1.));
#1760=DIRECTION('',(-1.,0.,0.));
#1761=DIRECTION('',(0.,0.,1.));
#1762=DIRECTION('',(0.,0.,-1.));
#1763=DIRECTION('',(0.,-1.,0.));
#1764=DIRECTION('',(-1.,0.,0.));
#1765=DIRECTION('',(0.,0.,1.));
#1766=DIRECTION('',(0.,-1.,0.));
#1767=DIRECTION('',(0.,0.,-1.));
#1768=DIRECTION('',(1.,0.,0.));
#1769=DIRECTION('',(0.,0.,-1.));
#1770=DIRECTION('',(0.,0.,-1.));
#1771=DIRECTION('',(0.,0.,-1.));
#1772=DIRECTION('',(0.,-1.,0.));
#1773=DIRECTION('',(1.,0.,0.));
#1774=DIRECTION('',(0.,0.,-1.));
#1775=DIRECTION('',(0.,-1.,0.));
#1776=DIRECTION('',(0.,0.,-1.));
#1777=DIRECTION('',(0.,0.,-1.));
#1778=DIRECTION('',(-1.,0.,0.));
#1779=DIRECTION('',(1.,0.,0.));
#1780=DIRECTION('',(-1.,0.,0.));
#1781=DIRECTION('',(0.,1.,0.));
#1782=DIRECTION('',(1.,0.,0.));
#1783=DIRECTION('',(0.,0.,-1.));
#1784=DIRECTION('',(0.,0.,-1.));
#1785=DIRECTION('',(0.,-1.,0.));
#1786=DIRECTION('',(1.,0.,0.));
#1787=DIRECTION('',(0.,0.,-1.));
#1788=DIRECTION('',(0.,0.,-1.));
#1789=DIRECTION('',(0.,-1.,0.));
#1790=DIRECTION('',(0.,0.,-1.));
#1791=DIRECTION('',(0.,0.,1.));
#1792=DIRECTION('',(1.,0.,0.));
#1793=DIRECTION('',(-1.,0.,0.));
#1794=DIRECTION('',(0.,1.,0.));
#1795=DIRECTION('',(-1.,0.,0.));
#1796=DIRECTION('',(0.,-1.,0.));
#1797=DIRECTION('',(0.,0.,-1.));
#1798=DIRECTION('',(0.,0.,1.));
#1799=DIRECTION('',(-1.,0.,0.));
#1800=DIRECTION('',(0.,0.,1.));
#1801=DIRECTION('',(0.,0.,-1.));
#1802=DIRECTION('',(-1.7347234759768E-16,0.,-1.));
#1803=DIRECTION('',(-1.,0.,1.7347234759768E-16));
#1804=DIRECTION('',(-1.7347234759768E-16,0.,-1.));
#1805=DIRECTION('',(0.,0.,-1.));
#1806=DIRECTION('',(0.,0.,1.));
#1807=DIRECTION('',(-1.,0.,0.));
#1808=DIRECTION('',(0.,0.,1.));
#1809=DIRECTION('',(-1.,0.,0.));
#1810=DIRECTION('',(0.,0.,1.));
#1811=DIRECTION('',(0.,0.,-1.));
#1812=DIRECTION('',(0.,-1.,0.));
#1813=DIRECTION('',(0.,0.,-1.));
#1814=DIRECTION('',(-1.,0.,0.));
#1815=DIRECTION('',(0.,0.,1.));
#1816=DIRECTION('',(0.,0.,-1.));
#1817=DIRECTION('',(0.,1.,0.));
#1818=DIRECTION('',(0.,0.,1.));
#1819=DIRECTION('',(-1.,0.,1.7347234759768E-16));
#1820=DIRECTION('',(1.7347234759768E-16,0.,1.));
#1821=DIRECTION('',(0.,1.,0.));
#1822=DIRECTION('',(1.7347234759768E-16,0.,1.));
#1823=DIRECTION('',(1.,0.,-1.7347234759768E-16));
#1824=DIRECTION('',(0.,1.,0.));
#1825=DIRECTION('',(-1.,0.,1.7347234759768E-16));
#1826=DIRECTION('',(1.7347234759768E-16,0.,1.));
#1827=DIRECTION('',(-1.,0.,0.));
#1828=DIRECTION('',(0.,0.,1.));
#1829=DIRECTION('',(0.,-1.,0.));
#1830=DIRECTION('',(1.,0.,0.));
#1831=DIRECTION('',(0.,0.,-1.));
#1832=DIRECTION('',(0.,1.,0.));
#1833=DIRECTION('',(0.,0.,1.));
#1834=DIRECTION('',(1.,0.,0.));
#1835=DIRECTION('',(-1.,0.,0.));
#1836=DIRECTION('',(0.,0.,1.));
#1837=DIRECTION('',(0.,-1.,0.));
#1838=DIRECTION('',(1.,0.,0.));
#1839=DIRECTION('',(0.,0.,-1.));
#1840=DIRECTION('',(0.,1.,0.));
#1841=DIRECTION('',(0.,0.,1.));
#1842=DIRECTION('',(1.,0.,0.));
#1843=DIRECTION('',(0.,1.,0.));
#1844=DIRECTION('',(-1.,0.,0.));
#1845=DIRECTION('',(0.,1.,0.));
#1846=DIRECTION('',(-1.,0.,0.));
#1847=DIRECTION('',(0.,-1.,0.));
#1848=DIRECTION('',(0.,0.,-1.));
#1849=DIRECTION('',(0.,1.,0.));
#1850=DIRECTION('',(0.,0.,-1.));
#1851=DIRECTION('',(0.,-1.,0.));
#1852=DIRECTION('',(1.,0.,0.));
#1853=DIRECTION('',(0.,-1.,0.));
#1854=DIRECTION('',(0.,0.,-1.));
#1855=DIRECTION('',(0.,-1.,0.));
#1856=DIRECTION('',(0.,0.,-1.));
#1857=DIRECTION('',(0.,-1.,0.));
#1858=DIRECTION('',(1.,0.,0.));
#1859=DIRECTION('',(1.,0.,0.));
#1860=DIRECTION('',(0.,0.,-1.));
#1861=DIRECTION('',(0.,0.,1.));
#1862=DIRECTION('',(0.,0.,1.));
#1863=DIRECTION('',(1.,0.,0.));
#1864=DIRECTION('',(1.,0.,0.));
#1865=DIRECTION('',(0.,0.,-1.));
#1866=DIRECTION('',(0.,0.,1.));
#1867=DIRECTION('',(0.,1.,0.));
#1868=DIRECTION('',(-1.,0.,0.));
#1869=DIRECTION('',(1.,0.,0.));
#1870=DIRECTION('',(0.,0.,-1.));
#1871=DIRECTION('',(0.,0.,1.));
#1872=DIRECTION('',(0.,0.,-1.));
#1873=DIRECTION('',(-1.,0.,0.));
#1874=DIRECTION('',(1.,0.,0.));
#1875=DIRECTION('',(0.,0.,-1.));
#1876=DIRECTION('',(0.,0.,1.));
#1877=DIRECTION('',(0.,1.,0.));
#1878=DIRECTION('',(-1.,0.,0.));
#1879=DIRECTION('',(-1.,-1.82602471155453E-16,0.));
#1880=DIRECTION('',(1.82602471155453E-16,-1.,0.));
#1881=DIRECTION('',(-1.82602471155453E-16,1.,0.));
#1882=DIRECTION('',(0.,0.,-1.));
#1883=DIRECTION('',(-1.82602471155453E-16,1.,0.));
#1884=DIRECTION('',(0.,0.,-1.));
#1885=DIRECTION('',(0.,-1.,0.));
#1886=DIRECTION('',(0.,0.,-1.));
#1887=DIRECTION('',(-1.,0.,0.));
#1888=DIRECTION('',(0.,0.,-1.));
#1889=DIRECTION('',(-1.,0.,0.));
#1890=DIRECTION('',(-1.,-1.4065325480893E-16,0.));
#1891=DIRECTION('',(1.4065325480893E-16,-1.,0.));
#1892=DIRECTION('',(-1.4065325480893E-16,1.,0.));
#1893=DIRECTION('',(0.,0.,-1.));
#1894=DIRECTION('',(-1.4065325480893E-16,1.,0.));
#1895=DIRECTION('',(1.,0.,0.));
#1896=DIRECTION('',(0.,0.,-1.));
#1897=DIRECTION('',(0.,0.,-1.));
#1898=DIRECTION('',(0.,-1.,0.));
#1899=DIRECTION('',(0.,0.,-1.));
#1900=DIRECTION('',(0.,-1.,0.));
#1901=DIRECTION('',(0.,0.,-1.));
#1902=DIRECTION('',(0.,0.,-1.));
#1903=DIRECTION('',(-1.,0.,0.));
#1904=DIRECTION('',(-1.,0.,0.));
#1905=DIRECTION('',(0.,0.,1.));
#1906=DIRECTION('',(0.,0.,-1.));
#1907=DIRECTION('',(0.,1.,0.));
#1908=DIRECTION('',(0.,-1.,0.));
#1909=DIRECTION('',(0.,0.,-1.));
#1910=DIRECTION('',(-1.,0.,0.));
#1911=DIRECTION('',(0.,-1.,0.));
#1912=DIRECTION('',(0.,0.,-1.));
#1913=DIRECTION('',(-1.,0.,0.));
#1914=DIRECTION('',(-1.,0.,0.));
#1915=DIRECTION('',(0.,0.,1.));
#1916=DIRECTION('',(1.,0.,0.));
#1917=DIRECTION('',(0.,0.,1.));
#1918=DIRECTION('',(1.,0.,0.));
#1919=CARTESIAN_POINT('',(0.,0.,0.));
#1920=CARTESIAN_POINT('',(1.7347234759768E-18,0.057,0.002));
#1921=CARTESIAN_POINT('',(0.0108853862434626,0.0201544219255447,0.002));
#1922=CARTESIAN_POINT('',(0.0108853862434626,0.0421544219255447,0.002));
#1923=CARTESIAN_POINT('',(0.0108853862434626,0.0191544219255447,0.002));
#1924=CARTESIAN_POINT('',(0.000885386243462565,0.0191544219255447,0.002));
#1925=CARTESIAN_POINT('',(-0.00911461375653744,0.0191544219255447,0.002));
#1926=CARTESIAN_POINT('',(-0.00911461375653744,0.0306544219255447,0.002));
#1927=CARTESIAN_POINT('',(-0.00911461375653744,0.0421544219255447,0.002));
#1928=CARTESIAN_POINT('',(0.000885386243462561,0.0421544219255447,0.002));
#1929=CARTESIAN_POINT('',(1.7347234759768E-18,0.002,0.002));
#1930=CARTESIAN_POINT('',(0.0095,0.002,0.002));
#1931=CARTESIAN_POINT('',(0.002,0.002,0.002));
#1932=CARTESIAN_POINT('',(0.0095,0.002,0.002));
#1933=CARTESIAN_POINT('',(0.0095,0.00333333333333357,0.002));
#1934=CARTESIAN_POINT('',(0.0095,0.00466666666666713,0.002));
#1935=CARTESIAN_POINT('',(0.0095,0.0060000000000007,0.002));
#1936=CARTESIAN_POINT('',(0.0095,0.006,0.002));
#1937=CARTESIAN_POINT('',(0.0095,0.00600000000000001,0.002));
#1938=CARTESIAN_POINT('',(0.0115,0.00600000000000001,0.002));
#1939=CARTESIAN_POINT('',(0.0135,0.00600000000000001,0.002));
#1940=CARTESIAN_POINT('',(0.0155,0.00600000000000001,0.002));
#1941=CARTESIAN_POINT('',(0.0155,0.006,0.002));
#1942=CARTESIAN_POINT('',(0.0155,0.00600000000000001,0.002));
#1943=CARTESIAN_POINT('',(0.0155,0.00466666666666667,0.002));
#1944=CARTESIAN_POINT('',(0.0155,0.00333333333333334,0.002));
#1945=CARTESIAN_POINT('',(0.0155,0.002,0.002));
#1946=CARTESIAN_POINT('',(0.0155,0.002,0.002));
#1947=CARTESIAN_POINT('',(1.7347234759768E-18,0.002,0.002));
#1948=CARTESIAN_POINT('',(0.018,0.002,0.002));
#1949=CARTESIAN_POINT('',(0.018,0.0285,0.002));
#1950=CARTESIAN_POINT('',(0.018,0.055,0.002));
#1951=CARTESIAN_POINT('',(0.,0.055,0.002));
#1952=CARTESIAN_POINT('',(0.0121,0.055,0.002));
#1953=CARTESIAN_POINT('',(0.0121,0.049,0.002));
#1954=CARTESIAN_POINT('',(0.0121,0.043,0.002));
#1955=CARTESIAN_POINT('',(0.0101,0.043,0.002));
#1956=CARTESIAN_POINT('',(0.0081,0.043,0.002));
#1957=CARTESIAN_POINT('',(0.0081,0.049,0.002));
#1958=CARTESIAN_POINT('',(0.0081,0.055,0.002));
#1959=CARTESIAN_POINT('',(0.,0.055,0.002));
#1960=CARTESIAN_POINT('',(0.005,0.055,0.002));
#1961=CARTESIAN_POINT('',(0.005,0.054,0.002));
#1962=CARTESIAN_POINT('',(0.005,0.057,0.002));
#1963=CARTESIAN_POINT('',(-0.0025,0.057,0.002));
#1964=CARTESIAN_POINT('',(-0.005,0.057,0.002));
#1965=CARTESIAN_POINT('',(-0.005,0.054,0.002));
#1966=CARTESIAN_POINT('',(-0.005,0.055,0.002));
#1967=CARTESIAN_POINT('',(0.,0.055,0.002));
#1968=CARTESIAN_POINT('',(-0.0081,0.055,0.002));
#1969=CARTESIAN_POINT('',(-0.0081,0.049,0.002));
#1970=CARTESIAN_POINT('',(-0.0081,0.043,0.002));
#1971=CARTESIAN_POINT('',(-0.0101,0.043,0.002));
#1972=CARTESIAN_POINT('',(-0.0121,0.043,0.002));
#1973=CARTESIAN_POINT('',(-0.0121,0.049,0.002));
#1974=CARTESIAN_POINT('',(-0.0121,0.055,0.002));
#1975=CARTESIAN_POINT('',(0.,0.055,0.002));
#1976=CARTESIAN_POINT('',(-0.018,0.055,0.002));
#1977=CARTESIAN_POINT('',(-0.018,0.0285,0.002));
#1978=CARTESIAN_POINT('',(-0.018,0.002,0.002));
#1979=CARTESIAN_POINT('',(1.7347234759768E-18,0.002,0.002));
#1980=CARTESIAN_POINT('',(-0.0155,0.002,0.002));
#1981=CARTESIAN_POINT('',(-0.0155,0.002,0.002));
#1982=CARTESIAN_POINT('',(-0.0155,0.00333333333333357,0.002));
#1983=CARTESIAN_POINT('',(-0.0155,0.00466666666666713,0.002));
#1984=CARTESIAN_POINT('',(-0.0155,0.0060000000000007,0.002));
#1985=CARTESIAN_POINT('',(-0.0155,0.006,0.002));
#1986=CARTESIAN_POINT('',(-0.0155,0.00600000000000001,0.002));
#1987=CARTESIAN_POINT('',(-0.0135,0.00600000000000001,0.002));
#1988=CARTESIAN_POINT('',(-0.0115,0.00600000000000001,0.002));
#1989=CARTESIAN_POINT('',(-0.0095,0.00600000000000001,0.002));
#1990=CARTESIAN_POINT('',(-0.0095,0.006,0.002));
#1991=CARTESIAN_POINT('',(-0.0095,0.00600000000000001,0.002));
#1992=CARTESIAN_POINT('',(-0.0095,0.00466666666666667,0.002));
#1993=CARTESIAN_POINT('',(-0.0095,0.00333333333333334,0.002));
#1994=CARTESIAN_POINT('',(-0.0095,0.002,0.002));
#1995=CARTESIAN_POINT('',(-0.0095,0.002,0.002));
#1996=CARTESIAN_POINT('',(1.7347234759768E-18,0.002,0.002));
#1997=CARTESIAN_POINT('',(-0.002,0.002,0.002));
#1998=CARTESIAN_POINT('',(-0.002,0.0095,0.002));
#1999=CARTESIAN_POINT('',(-0.002,0.017,0.002));
#2000=CARTESIAN_POINT('',(-5.63785129692462E-18,0.017,0.002));
#2001=CARTESIAN_POINT('',(0.002,0.017,0.002));
#2002=CARTESIAN_POINT('',(0.002,0.0095,0.002));
#2003=CARTESIAN_POINT('',(-6.93889390390723E-18,0.,0.02));
#2004=CARTESIAN_POINT('',(0.0125,0.,0.0025));
#2005=CARTESIAN_POINT('',(0.0125,0.,0.0015));
#2006=CARTESIAN_POINT('',(-2.29621274840129E-19,0.,0.026));
#2007=CARTESIAN_POINT('',(-2.29621274840129E-19,0.,0.02225));
#2008=CARTESIAN_POINT('',(0.02,0.,0.02));
#2009=CARTESIAN_POINT('',(0.02,0.,0.));
#2010=CARTESIAN_POINT('',(0.02,0.,0.017));
#2011=CARTESIAN_POINT('',(0.02,0.,0.017));
#2012=CARTESIAN_POINT('',(0.02,0.,0.0174679419628254));
#2013=CARTESIAN_POINT('',(0.0199969415389342,0.,0.0181041620290243));
#2014=CARTESIAN_POINT('',(0.0199865892778495,0.,0.0188245626839946));
#2015=CARTESIAN_POINT('',(0.0199777671356982,0.,0.0192157027915058));
#2016=CARTESIAN_POINT('',(0.0199686686711323,0.,0.019507120654208));
#2017=CARTESIAN_POINT('',(0.0199624377036539,0.,0.0196791337977177));
#2018=CARTESIAN_POINT('',(0.0199485100365021,0.,0.0199925865464263));
#2019=CARTESIAN_POINT('',(0.0199289275918585,0.,0.0203558756462738));
#2020=CARTESIAN_POINT('',(0.0198984212123079,0.,0.0208186726619616));
#2021=CARTESIAN_POINT('',(0.0198376379425696,0.,0.0215367362473354));
#2022=CARTESIAN_POINT('',(0.0197441231738571,0.,0.0223773621260731));
#2023=CARTESIAN_POINT('',(0.019517235255748,0.,0.023850775967585));
#2024=CARTESIAN_POINT('',(0.0192082530888663,0.,0.0252296711152992));
#2025=CARTESIAN_POINT('',(0.0188043230616614,0.,0.0265885839190182));
#2026=CARTESIAN_POINT('',(0.0184691345482319,0.,0.027555005148851));
#2027=CARTESIAN_POINT('',(0.0180269389928156,0.,0.028650527613457));
#2028=CARTESIAN_POINT('',(0.017397812949961,0.,0.0299877602986217));
#2029=CARTESIAN_POINT('',(0.0164893146161672,0.,0.0315640533640348));
#2030=CARTESIAN_POINT('',(0.0147984051695709,0.,0.0338250772616937));
#2031=CARTESIAN_POINT('',(0.0127265448070504,0.,0.035722046656111));
#2032=CARTESIAN_POINT('',(0.0103321253502407,0.,0.0372283701485651));
#2033=CARTESIAN_POINT('',(0.00833865041797659,0.,0.0381873930716633));
#2034=CARTESIAN_POINT('',(0.0066993178899228,0.,0.0387815110699884));
#2035=CARTESIAN_POINT('',(0.0052898310028607,0.,0.0391816348134883));
#2036=CARTESIAN_POINT('',(0.00426450262625962,0.,0.0394215266671971));
#2037=CARTESIAN_POINT('',(0.00321853260221938,0.,0.0396182080744386));
#2038=CARTESIAN_POINT('',(0.00215559320270908,0.,0.0397726415455984));
#2039=CARTESIAN_POINT('',(0.00101875290139989,0.,0.0398880767823474));
#2040=CARTESIAN_POINT('',(0.000360961321558556,0.,0.0399297272391934));
#2041=CARTESIAN_POINT('',(-6.03476718548162E-9,0.,0.0399475565131081));
#2042=CARTESIAN_POINT('',(1.33965892239597E-9,-2.28021269400857E-18,0.0399477058140336));
#2043=CARTESIAN_POINT('',(2.67925135698818E-9,0.,0.0399476788546195));
#2044=CARTESIAN_POINT('',(-0.000374845486971983,0.,0.0399290529391894));
#2045=CARTESIAN_POINT('',(-0.00111197592525656,0.,0.0398794706596329));
#2046=CARTESIAN_POINT('',(-0.00248401859072742,0.,0.0397389050678962));
#2047=CARTESIAN_POINT('',(-0.00429965759553719,0.,0.0394410168548998));
#2048=CARTESIAN_POINT('',(-0.00602258324651158,0.,0.0389890543268185));
#2049=CARTESIAN_POINT('',(-0.00731372876353561,0.,0.0385576075563133));
#2050=CARTESIAN_POINT('',(-0.00875184556320424,0.,0.0379973168583031));
#2051=CARTESIAN_POINT('',(-0.0104115399201752,0.,0.0371878195592748));
#2052=CARTESIAN_POINT('',(-0.012830637771663,0.,0.0356465647433396));
#2053=CARTESIAN_POINT('',(-0.0148771796323182,0.,0.0337379700071463));
#2054=CARTESIAN_POINT('',(-0.0165443393313245,0.,0.0314712469023088));
#2055=CARTESIAN_POINT('',(-0.0174306711728555,0.,0.029920515318494));
#2056=CARTESIAN_POINT('',(-0.0180553961022308,0.,0.0285788766543534));
#2057=CARTESIAN_POINT('',(-0.0185777757556807,0.,0.0272904224174737));
#2058=CARTESIAN_POINT('',(-0.0190245608728385,0.,0.0259084211365937));
#2059=CARTESIAN_POINT('',(-0.0193666173163949,0.,0.0245183288021507));
#2060=CARTESIAN_POINT('',(-0.0195720142194276,0.,0.0234877434708113));
#2061=CARTESIAN_POINT('',(-0.0197376028644624,0.,0.0224251779891148));
#2062=CARTESIAN_POINT('',(-0.0198418221195486,0.,0.0215011303308111));
#2063=CARTESIAN_POINT('',(-0.0199007007302002,0.,0.0207893515007807));
#2064=CARTESIAN_POINT('',(-0.0199340664593029,0.,0.0202778626501023));
#2065=CARTESIAN_POINT('',(-0.0199565347862863,0.,0.0198266285975258));
#2066=CARTESIAN_POINT('',(-0.0199708080568597,0.,0.0194522671628347));
#2067=CARTESIAN_POINT('',(-0.0199779596278223,0.,0.0192253574311073));
#2068=CARTESIAN_POINT('',(-0.0199833759981702,0.,0.0190146680026085));
#2069=CARTESIAN_POINT('',(-0.019985950922998,0.,0.01889942581923));
#2070=CARTESIAN_POINT('',(-0.0199906947860813,0.,0.0186495550918113));
#2071=CARTESIAN_POINT('',(-0.0199975408116303,0.,0.0180916086474311));
#2072=CARTESIAN_POINT('',(-0.02,0.,0.0174716410211415));
#2073=CARTESIAN_POINT('',(-0.02,0.,0.017));
#2074=CARTESIAN_POINT('',(-0.02,0.,0.017));
#2075=CARTESIAN_POINT('',(-0.02,0.,0.02));
#2076=CARTESIAN_POINT('',(-0.02,0.,0.));
#2077=CARTESIAN_POINT('',(-0.01,0.,0.));
#2078=CARTESIAN_POINT('',(-0.0125,0.,0.0025));
#2079=CARTESIAN_POINT('',(-0.0125,0.,0.0015));
#2080=CARTESIAN_POINT('',(1.7347234759768E-18,0.057,0.002));
#2081=CARTESIAN_POINT('',(1.7347234759768E-18,0.002,0.002));
#2082=CARTESIAN_POINT('',(-0.0191,0.002,0.002));
#2083=CARTESIAN_POINT('',(-0.02,0.002,0.002));
#2084=CARTESIAN_POINT('',(-0.0191,0.0285,0.002));
#2085=CARTESIAN_POINT('',(-0.0191,0.055,0.002));
#2086=CARTESIAN_POINT('',(0.,0.055,0.002));
#2087=CARTESIAN_POINT('',(-0.02,0.055,0.002));
#2088=CARTESIAN_POINT('',(-0.02,0.057,0.002));
#2089=CARTESIAN_POINT('',(1.7347234759768E-18,0.057,0.002));
#2090=CARTESIAN_POINT('',(0.0191,0.0285,0.002));
#2091=CARTESIAN_POINT('',(0.0191,0.002,0.002));
#2092=CARTESIAN_POINT('',(0.0191,0.055,0.002));
#2093=CARTESIAN_POINT('',(1.7347234759768E-18,0.002,0.002));
#2094=CARTESIAN_POINT('',(0.02,0.002,0.002));
#2095=CARTESIAN_POINT('',(0.02,0.057,0.002));
#2096=CARTESIAN_POINT('',(0.02,0.055,0.002));
#2097=CARTESIAN_POINT('',(0.,0.055,0.002));
#2098=CARTESIAN_POINT('',(0.,0.0212,0.026));
#2099=CARTESIAN_POINT('',(0.,0.043,0.026));
#2100=CARTESIAN_POINT('',(-0.0081,0.043,0.0170111179783023));
#2101=CARTESIAN_POINT('',(-0.0121,0.043,0.026));
#2102=CARTESIAN_POINT('',(-0.0081,0.0212,0.0170111179783023));
#2103=CARTESIAN_POINT('',(-0.0081,0.0464,0.0170111179783023));
#2104=CARTESIAN_POINT('',(0.,0.0464,0.026));
#2105=CARTESIAN_POINT('',(0.0081,0.0464,0.0170111179783023));
#2106=CARTESIAN_POINT('',(0.0081,0.0212,0.0170111179783023));
#2107=CARTESIAN_POINT('',(0.0081,0.043,0.0170111179783023));
#2108=CARTESIAN_POINT('',(0.,0.043,0.026));
#2109=CARTESIAN_POINT('',(0.0121,0.043,0.026));
#2110=CARTESIAN_POINT('',(0.0121,0.0212,0.026));
#2111=CARTESIAN_POINT('',(0.0121,0.002,0.026));
#2112=CARTESIAN_POINT('',(0.,0.002,0.026));
#2113=CARTESIAN_POINT('',(0.002,0.002,0.0140664338942628));
#2114=CARTESIAN_POINT('',(0.002,0.0212,0.0140664338942628));
#2115=CARTESIAN_POINT('',(0.002,0.017,0.0140664338942628));
#2116=CARTESIAN_POINT('',(0.,0.017,0.026));
#2117=CARTESIAN_POINT('',(-0.002,0.017,0.0140664338942628));
#2118=CARTESIAN_POINT('',(-0.002,0.0212,0.0140664338942628));
#2119=CARTESIAN_POINT('',(-0.002,0.002,0.0140664338942628));
#2120=CARTESIAN_POINT('',(0.,0.002,0.026));
#2121=CARTESIAN_POINT('',(-0.0121,0.002,0.026));
#2122=CARTESIAN_POINT('',(-0.0121,0.0212,0.026));
#2123=CARTESIAN_POINT('',(0.,0.0464,0.026));
#2124=CARTESIAN_POINT('',(-0.0081,0.0464,0.026));
#2125=CARTESIAN_POINT('',(-0.0081,0.0464,0.031));
#2126=CARTESIAN_POINT('',(-0.0111,0.0464,0.031));
#2127=CARTESIAN_POINT('',(-0.00775,0.0464,0.031));
#2128=CARTESIAN_POINT('',(-0.00775,0.0464,0.0226458980337503));
#2129=CARTESIAN_POINT('',(-0.00775,0.0464,0.0195233110310901));
#2130=CARTESIAN_POINT('',(0.,0.0464,0.026));
#2131=CARTESIAN_POINT('',(0.00775,0.0464,0.0195233110310901));
#2132=CARTESIAN_POINT('',(0.00775,0.0464,0.0226458980337503));
#2133=CARTESIAN_POINT('',(0.00775,0.0464,0.031));
#2134=CARTESIAN_POINT('',(0.008925,0.0464,0.031));
#2135=CARTESIAN_POINT('',(0.0081,0.0464,0.031));
#2136=CARTESIAN_POINT('',(0.0081,0.0464,0.026));
#2137=CARTESIAN_POINT('',(-6.93889390390723E-18,0.002,0.02));
#2138=CARTESIAN_POINT('',(-2.29621274840129E-19,0.002,0.026));
#2139=CARTESIAN_POINT('',(-2.29621274840129E-19,0.002,0.02225));
#2140=CARTESIAN_POINT('',(0.0105,0.002,0.00282383883597112));
#2141=CARTESIAN_POINT('',(0.0105,0.002,0.003));
#2142=CARTESIAN_POINT('',(0.0105,0.002,0.0035));
#2143=CARTESIAN_POINT('',(0.0105,0.002,0.003));
#2144=CARTESIAN_POINT('',(0.0105,0.002,0.00233333333333333));
#2145=CARTESIAN_POINT('',(0.0101666666666667,0.002,0.002));
#2146=CARTESIAN_POINT('',(0.00949999999999999,0.002,0.002));
#2147=CARTESIAN_POINT('',(0.002,0.002,0.0149));
#2148=CARTESIAN_POINT('',(0.0121,0.002,0.031));
#2149=CARTESIAN_POINT('',(0.0121,0.002,0.031));
#2150=CARTESIAN_POINT('',(0.0111,0.002,0.031));
#2151=CARTESIAN_POINT('',(0.0101,0.002,0.031));
#2152=CARTESIAN_POINT('',(0.0101,0.002,0.031));
#2153=CARTESIAN_POINT('',(0.0101,0.002,0.026));
#2154=CARTESIAN_POINT('',(0.,0.002,0.026));
#2155=CARTESIAN_POINT('',(-0.0101,0.002,0.026));
#2156=CARTESIAN_POINT('',(-0.0101,0.002,0.031));
#2157=CARTESIAN_POINT('',(-0.0101,0.002,0.031));
#2158=CARTESIAN_POINT('',(-0.0111,0.002,0.031));
#2159=CARTESIAN_POINT('',(-0.0121,0.002,0.031));
#2160=CARTESIAN_POINT('',(-0.0121,0.002,0.031));
#2161=CARTESIAN_POINT('',(-0.002,0.002,0.0149));
#2162=CARTESIAN_POINT('',(-0.00950000000000001,0.002,0.002));
#2163=CARTESIAN_POINT('',(-0.0101666666666667,0.002,0.002));
#2164=CARTESIAN_POINT('',(-0.0105,0.002,0.00233333333333333));
#2165=CARTESIAN_POINT('',(-0.0105,0.002,0.003));
#2166=CARTESIAN_POINT('',(-0.0105,0.002,0.003));
#2167=CARTESIAN_POINT('',(-0.0105,0.002,0.00407383883597112));
#2168=CARTESIAN_POINT('',(-0.0105,0.002,0.0035));
#2169=CARTESIAN_POINT('',(-0.0105,0.002,0.0035));
#2170=CARTESIAN_POINT('',(-0.0105,0.002,0.00363560278264006));
#2171=CARTESIAN_POINT('',(-0.0105180318357464,0.002,0.00390820054113615));
#2172=CARTESIAN_POINT('',(-0.0107219959387586,0.002,0.00427692484257897));
#2173=CARTESIAN_POINT('',(-0.0110921032510536,0.002,0.00448221777416012));
#2174=CARTESIAN_POINT('',(-0.0113639581467519,0.002,0.0045));
#2175=CARTESIAN_POINT('',(-0.0115,0.002,0.0045));
#2176=CARTESIAN_POINT('',(-0.0115,0.002,0.0045));
#2177=CARTESIAN_POINT('',(-0.0125,0.002,0.0045));
#2178=CARTESIAN_POINT('',(-0.0135,0.002,0.0045));
#2179=CARTESIAN_POINT('',(-0.0135,0.002,0.0045));
#2180=CARTESIAN_POINT('',(-0.0136356027826401,0.002,0.0045));
#2181=CARTESIAN_POINT('',(-0.0139082005411362,0.002,0.00448196816425357));
#2182=CARTESIAN_POINT('',(-0.014276924842579,0.002,0.00427800406124138));
#2183=CARTESIAN_POINT('',(-0.0144822177741601,0.002,0.00390789674894641));
#2184=CARTESIAN_POINT('',(-0.0145,0.002,0.0036360418532481));
#2185=CARTESIAN_POINT('',(-0.0145,0.002,0.0035));
#2186=CARTESIAN_POINT('',(-0.0145,0.002,0.0035));
#2187=CARTESIAN_POINT('',(-0.0145,0.002,0.00282383883597112));
#2188=CARTESIAN_POINT('',(-0.0145,0.002,0.003));
#2189=CARTESIAN_POINT('',(-0.0145,0.002,0.003));
#2190=CARTESIAN_POINT('',(-0.0145,0.002,0.00233333333333333));
#2191=CARTESIAN_POINT('',(-0.0148333333333333,0.002,0.002));
#2192=CARTESIAN_POINT('',(-0.0155,0.002,0.002));
#2193=CARTESIAN_POINT('',(-0.018,0.002,0.0006));
#2194=CARTESIAN_POINT('',(-0.018,0.002,0.0006));
#2195=CARTESIAN_POINT('',(1.7347234759768E-18,0.002,0.0006));
#2196=CARTESIAN_POINT('',(-0.0191,0.002,0.0006));
#2197=CARTESIAN_POINT('',(-0.0191,0.002,0.0006));
#2198=CARTESIAN_POINT('',(-0.02,0.002,0.02));
#2199=CARTESIAN_POINT('',(-0.02,0.002,0.017));
#2200=CARTESIAN_POINT('',(-0.02,0.002,0.017));
#2201=CARTESIAN_POINT('',(-0.02,0.002,0.0174679419988663));
#2202=CARTESIAN_POINT('',(-0.019996941538347,0.002,0.0181041621119745));
#2203=CARTESIAN_POINT('',(-0.019986589275982,0.002,0.0188245627978005));
#2204=CARTESIAN_POINT('',(-0.0199777671316949,0.002,0.019215702940369));
#2205=CARTESIAN_POINT('',(-0.0199686686673273,0.002,0.0195071207710363));
#2206=CARTESIAN_POINT('',(-0.0199624376940109,0.002,0.0196791340386866));
#2207=CARTESIAN_POINT('',(-0.0199485100250124,0.002,0.0199925867788462));
#2208=CARTESIAN_POINT('',(-0.0199289275759661,0.002,0.0203558759126476));
#2209=CARTESIAN_POINT('',(-0.0198984211904468,0.002,0.0208186729549313));
#2210=CARTESIAN_POINT('',(-0.0198376379099528,0.002,0.021536736581688));
#2211=CARTESIAN_POINT('',(-0.0197441231185393,0.002,0.0223773625546134));
#2212=CARTESIAN_POINT('',(-0.0195172351601677,0.002,0.0238507764789702));
#2213=CARTESIAN_POINT('',(-0.0192082529300133,0.002,0.0252296717424873));
#2214=CARTESIAN_POINT('',(-0.0188043228501287,0.002,0.0265885845822868));
#2215=CARTESIAN_POINT('',(-0.0184691342270272,0.002,0.0275550060136494));
#2216=CARTESIAN_POINT('',(-0.0180269386141698,0.002,0.0286505284819353));
#2217=CARTESIAN_POINT('',(-0.0173978124644873,0.002,0.0299877612291797));
#2218=CARTESIAN_POINT('',(-0.0164893139878413,0.002,0.0315640543305995));
#2219=CARTESIAN_POINT('',(-0.0147984042639304,0.002,0.0338250782658481));
#2220=CARTESIAN_POINT('',(-0.0127265436086938,0.002,0.0357220476073397));
#2221=CARTESIAN_POINT('',(-0.0103321237230501,0.002,0.0372283710527115));
#2222=CARTESIAN_POINT('',(-0.00833864863583763,0.002,0.0381873938198168));
#2223=CARTESIAN_POINT('',(-0.00669931589863563,0.002,0.0387815117290103));
#2224=CARTESIAN_POINT('',(-0.00528982876768472,0.002,0.0391816353908792));
#2225=CARTESIAN_POINT('',(-0.00426450044727991,0.002,0.039421527127107));
#2226=CARTESIAN_POINT('',(-0.00321853022491149,0.002,0.0396182084705286));
#2227=CARTESIAN_POINT('',(-0.0021555907243136,0.002,0.0397726418548319));
#2228=CARTESIAN_POINT('',(-0.00101875016255127,0.002,0.0398880770045271));
#2229=CARTESIAN_POINT('',(-0.000360958752603612,0.002,0.0399297273934329));
#2230=CARTESIAN_POINT('',(8.69954470538326E-9,0.002,0.039947556644735));
#2231=CARTESIAN_POINT('',(4.3497854392558E-9,0.002,0.0399476447090903));
#2232=CARTESIAN_POINT('',(6.02496805492624E-9,0.002,0.0399476784221107));
#2233=CARTESIAN_POINT('',(0.000374853969771539,0.002,0.0399290524208518));
#2234=CARTESIAN_POINT('',(0.00111198400119997,0.002,0.0398794699699995));
#2235=CARTESIAN_POINT('',(0.00248402566288348,0.002,0.0397389041005626));
#2236=CARTESIAN_POINT('',(0.00429966493537086,0.002,0.039441015305237));
#2237=CARTESIAN_POINT('',(0.0060225897621624,0.002,0.0389890523876662));
#2238=CARTESIAN_POINT('',(0.00731373453792919,0.002,0.0385576054756189));
#2239=CARTESIAN_POINT('',(0.00875185193078923,0.002,0.0379973140587969));
#2240=CARTESIAN_POINT('',(0.0104115448180163,0.002,0.0371878167709935));
#2241=CARTESIAN_POINT('',(0.0128306417024055,0.002,0.0356465616221867));
#2242=CARTESIAN_POINT('',(0.0148771824448346,0.002,0.0337379668079383));
#2243=CARTESIAN_POINT('',(0.0165443412505354,0.002,0.0314712439194668));
#2244=CARTESIAN_POINT('',(0.0174306727168921,0.002,0.0299205123267171));
#2245=CARTESIAN_POINT('',(0.0180553971975689,0.002,0.0285788741165476));
#2246=CARTESIAN_POINT('',(0.0185777765999713,0.002,0.027290420053848));
#2247=CARTESIAN_POINT('',(0.0190245614833569,0.002,0.0259084189641447));
#2248=CARTESIAN_POINT('',(0.0193666176906162,0.002,0.0245183271000038));
#2249=CARTESIAN_POINT('',(0.0195720144893215,0.002,0.0234877419275106));
#2250=CARTESIAN_POINT('',(0.019737603033562,0.002,0.0224251767090338));
#2251=CARTESIAN_POINT('',(0.0198418222332928,0.002,0.0215011291490607));
#2252=CARTESIAN_POINT('',(0.0199007007898559,0.002,0.0207893506751494));
#2253=CARTESIAN_POINT('',(0.0199340665039455,0.002,0.0202778618658058));
#2254=CARTESIAN_POINT('',(0.0199565348161432,0.002,0.019826627919075));
#2255=CARTESIAN_POINT('',(0.0199708080781657,0.002,0.0194522665406572));
#2256=CARTESIAN_POINT('',(0.019977959643349,0.002,0.0192253568982086));
#2257=CARTESIAN_POINT('',(0.0199833760119467,0.002,0.0190146674258945));
#2258=CARTESIAN_POINT('',(0.019985950926528,0.002,0.0188994256238876));
#2259=CARTESIAN_POINT('',(0.0199906947929056,0.002,0.0186495546798823));
#2260=CARTESIAN_POINT('',(0.0199975408110778,0.002,0.0180916084785798));
#2261=CARTESIAN_POINT('',(0.02,0.002,0.0174716409070364));
#2262=CARTESIAN_POINT('',(0.02,0.002,0.017));
#2263=CARTESIAN_POINT('',(0.02,0.002,0.017));
#2264=CARTESIAN_POINT('',(0.02,0.002,0.02));
#2265=CARTESIAN_POINT('',(0.0191,0.002,0.0006));
#2266=CARTESIAN_POINT('',(0.0191,0.002,0.0006));
#2267=CARTESIAN_POINT('',(1.7347234759768E-18,0.002,0.0006));
#2268=CARTESIAN_POINT('',(0.018,0.002,0.0006));
#2269=CARTESIAN_POINT('',(0.018,0.002,0.0006));
#2270=CARTESIAN_POINT('',(0.0155,0.002,0.002));
#2271=CARTESIAN_POINT('',(0.0148333333333333,0.002,0.002));
#2272=CARTESIAN_POINT('',(0.0145,0.002,0.00233333333333333));
#2273=CARTESIAN_POINT('',(0.0145,0.002,0.003));
#2274=CARTESIAN_POINT('',(0.0145,0.002,0.003));
#2275=CARTESIAN_POINT('',(0.0145,0.002,0.00325));
#2276=CARTESIAN_POINT('',(0.0145,0.002,0.0035));
#2277=CARTESIAN_POINT('',(0.0145,0.002,0.0035));
#2278=CARTESIAN_POINT('',(0.0145,0.002,0.00363560278264006));
#2279=CARTESIAN_POINT('',(0.0144819681642536,0.002,0.00390820054113615));
#2280=CARTESIAN_POINT('',(0.0142780040612414,0.002,0.00427692484257896));
#2281=CARTESIAN_POINT('',(0.0139078967489464,0.002,0.00448221777416012));
#2282=CARTESIAN_POINT('',(0.0136360418532481,0.002,0.0045));
#2283=CARTESIAN_POINT('',(0.0135,0.002,0.0045));
#2284=CARTESIAN_POINT('',(0.0135,0.002,0.0045));
#2285=CARTESIAN_POINT('',(0.0125,0.002,0.0045));
#2286=CARTESIAN_POINT('',(0.0115,0.002,0.0045));
#2287=CARTESIAN_POINT('',(0.0115,0.002,0.0045));
#2288=CARTESIAN_POINT('',(0.0113643972173599,0.002,0.0045));
#2289=CARTESIAN_POINT('',(0.0110917994588638,0.002,0.00448196816425357));
#2290=CARTESIAN_POINT('',(0.010723075157421,0.002,0.00427800406124139));
#2291=CARTESIAN_POINT('',(0.0105177822258399,0.002,0.00390789674894641));
#2292=CARTESIAN_POINT('',(0.0105,0.002,0.0036360418532481));
#2293=CARTESIAN_POINT('',(0.0105,0.002,0.0035));
#2294=CARTESIAN_POINT('',(-0.01,0.002,0.));
#2295=CARTESIAN_POINT('',(-0.02,0.002,0.));
#2296=CARTESIAN_POINT('',(-0.02,0.057,0.));
#2297=CARTESIAN_POINT('',(-0.01,0.057,0.));
#2298=CARTESIAN_POINT('',(0.02,0.057,0.));
#2299=CARTESIAN_POINT('',(0.02,0.002,0.));
#2300=CARTESIAN_POINT('',(0.02,0.002,0.02));
#2301=CARTESIAN_POINT('',(0.02,0.057,0.02));
#2302=CARTESIAN_POINT('',(0.02,0.057,0.017));
#2303=CARTESIAN_POINT('',(0.02,0.057,0.017));
#2304=CARTESIAN_POINT('',(0.02,0.0563333333333333,0.017));
#2305=CARTESIAN_POINT('',(0.02,0.0556666666666667,0.017));
#2306=CARTESIAN_POINT('',(0.02,0.055,0.017));
#2307=CARTESIAN_POINT('',(0.02,0.055,0.017));
#2308=CARTESIAN_POINT('',(0.02,0.055,0.04));
#2309=CARTESIAN_POINT('',(0.02,0.00200000000000003,0.017));
#2310=CARTESIAN_POINT('',(0.02,0.00133333333333335,0.017));
#2311=CARTESIAN_POINT('',(0.02,0.000666666666666677,0.017));
#2312=CARTESIAN_POINT('',(0.02,0.,0.017));
#2313=CARTESIAN_POINT('',(-2.29621274840129E-19,0.002,0.026));
#2314=CARTESIAN_POINT('',(-0.02,0.002,0.02));
#2315=CARTESIAN_POINT('',(-0.02,0.055,0.04));
#2316=CARTESIAN_POINT('',(-0.02,0.055,0.017));
#2317=CARTESIAN_POINT('',(-0.02,0.055,0.017));
#2318=CARTESIAN_POINT('',(-0.02,0.0556666666666667,0.017));
#2319=CARTESIAN_POINT('',(-0.02,0.0563333333333333,0.017));
#2320=CARTESIAN_POINT('',(-0.02,0.057,0.017));
#2321=CARTESIAN_POINT('',(-0.02,0.057,0.017));
#2322=CARTESIAN_POINT('',(-0.02,0.057,0.02));
#2323=CARTESIAN_POINT('',(-0.02,0.,0.017));
#2324=CARTESIAN_POINT('',(-0.02,0.000666666666666653,0.017));
#2325=CARTESIAN_POINT('',(-0.02,0.00133333333333331,0.017));
#2326=CARTESIAN_POINT('',(-0.02,0.00199999999999996,0.017));
#2327=CARTESIAN_POINT('',(0.,0.057,0.02));
#2328=CARTESIAN_POINT('',(0.005,0.057,0.0045));
#2329=CARTESIAN_POINT('',(0.005,0.057,0.007));
#2330=CARTESIAN_POINT('',(8.67361737988404E-19,0.057,0.007));
#2331=CARTESIAN_POINT('',(-0.005,0.057,0.007));
#2332=CARTESIAN_POINT('',(-0.005,0.057,0.0045));
#2333=CARTESIAN_POINT('',(-0.02,0.057,0.017));
#2334=CARTESIAN_POINT('',(-0.02,0.057,0.01746794196289));
#2335=CARTESIAN_POINT('',(-0.0199969415389342,0.057,0.0181041620291457));
#2336=CARTESIAN_POINT('',(-0.0199865892778495,0.057,0.0188245626841151));
#2337=CARTESIAN_POINT('',(-0.0199777671356985,0.057,0.019215702791588));
#2338=CARTESIAN_POINT('',(-0.0199686686711323,0.057,0.019507120654251));
#2339=CARTESIAN_POINT('',(-0.019962437703655,0.057,0.019679133797691));
#2340=CARTESIAN_POINT('',(-0.0199485100364979,0.057,0.0199925865464551));
#2341=CARTESIAN_POINT('',(-0.019928927591851,0.057,0.0203558756463221));
#2342=CARTESIAN_POINT('',(-0.0198984212122978,0.057,0.0208186726620326));
#2343=CARTESIAN_POINT('',(-0.0198376379425595,0.057,0.0215367362474071));
#2344=CARTESIAN_POINT('',(-0.0197441231738627,0.057,0.0223773621260304));
#2345=CARTESIAN_POINT('',(-0.019517235255751,0.057,0.0238507759675735));
#2346=CARTESIAN_POINT('',(-0.0192082530888741,0.057,0.0252296711152644));
#2347=CARTESIAN_POINT('',(-0.0188043230616704,0.057,0.026588583918988));
#2348=CARTESIAN_POINT('',(-0.0184691345482432,0.057,0.0275550051488207));
#2349=CARTESIAN_POINT('',(-0.0180269389928325,0.057,0.0286505276134208));
#2350=CARTESIAN_POINT('',(-0.0173978129499838,0.057,0.0299877602985812));
#2351=CARTESIAN_POINT('',(-0.0164893146161979,0.057,0.0315640533639901));
#2352=CARTESIAN_POINT('',(-0.0147984051696081,0.057,0.0338250772616504));
#2353=CARTESIAN_POINT('',(-0.012726544807116,0.057,0.0357220466560595));
#2354=CARTESIAN_POINT('',(-0.0103321253502487,0.057,0.0372283701485724));
#2355=CARTESIAN_POINT('',(-0.00833865041805562,0.057,0.0381873930716227));
#2356=CARTESIAN_POINT('',(-0.00669931788998245,0.057,0.0387815110699577));
#2357=CARTESIAN_POINT('',(-0.00528983100294252,0.057,0.0391816348134641));
#2358=CARTESIAN_POINT('',(-0.00426450262634192,0.057,0.0394215266671854));
#2359=CARTESIAN_POINT('',(-0.00321853260231393,0.057,0.0396182080744313));
#2360=CARTESIAN_POINT('',(-0.00215559320279096,0.057,0.0397726415455947));
#2361=CARTESIAN_POINT('',(-0.00101875290154945,0.057,0.039888076782335));
#2362=CARTESIAN_POINT('',(-0.000360961321550982,0.057,0.0399297272391927));
#2363=CARTESIAN_POINT('',(6.03476748125198E-9,0.057,0.0399475565131081));
#2364=CARTESIAN_POINT('',(-1.33965871096299E-9,0.057,0.0399477058140353));
#2365=CARTESIAN_POINT('',(-2.67925105362841E-9,0.057,0.0399476788546231));
#2366=CARTESIAN_POINT('',(0.000374845486925087,0.057,0.0399290529391985));
#2367=CARTESIAN_POINT('',(0.00111197592515138,0.057,0.0398794706596484));
#2368=CARTESIAN_POINT('',(0.00248401859079272,0.057,0.0397389050678875));
#2369=CARTESIAN_POINT('',(0.00429965759555179,0.057,0.0394410168548953));
#2370=CARTESIAN_POINT('',(0.0060225832465344,0.057,0.0389890543268106));
#2371=CARTESIAN_POINT('',(0.00731372876356526,0.057,0.0385576075563022));
#2372=CARTESIAN_POINT('',(0.00875184556323662,0.057,0.0379973168582912));
#2373=CARTESIAN_POINT('',(0.0104115399201991,0.057,0.0371878195592656));
#2374=CARTESIAN_POINT('',(0.0128306377716835,0.057,0.0356465647433274));
#2375=CARTESIAN_POINT('',(0.0148771796323223,0.057,0.033737970007147));
#2376=CARTESIAN_POINT('',(0.0165443393313511,0.057,0.0314712469022687));
#2377=CARTESIAN_POINT('',(0.0174306711728873,0.057,0.0299205153184442));
#2378=CARTESIAN_POINT('',(0.0180553961022319,0.057,0.0285788766543468));
#2379=CARTESIAN_POINT('',(0.018577775755685,0.057,0.0272904224174426));
#2380=CARTESIAN_POINT('',(0.0190245608728364,0.057,0.0259084211365838));
#2381=CARTESIAN_POINT('',(0.0193666173164024,0.057,0.024518328802129));
#2382=CARTESIAN_POINT('',(0.0195720142194436,0.057,0.0234877434707631));
#2383=CARTESIAN_POINT('',(0.0197376028644766,0.057,0.0224251779890713));
#2384=CARTESIAN_POINT('',(0.0198418221195556,0.057,0.021501130330789));
#2385=CARTESIAN_POINT('',(0.0199007007301974,0.057,0.0207893515007823));
#2386=CARTESIAN_POINT('',(0.0199340664592976,0.057,0.0202778626501061));
#2387=CARTESIAN_POINT('',(0.019956534786281,0.057,0.0198266285975316));
#2388=CARTESIAN_POINT('',(0.0199708080568562,0.057,0.0194522671628354));
#2389=CARTESIAN_POINT('',(0.0199779596278202,0.057,0.019225357431113));
#2390=CARTESIAN_POINT('',(0.0199833759981704,0.057,0.0190146680025964));
#2391=CARTESIAN_POINT('',(0.0199859509229979,0.057,0.0188994258192771));
#2392=CARTESIAN_POINT('',(0.0199906947860814,0.057,0.018649555091917));
#2393=CARTESIAN_POINT('',(0.0199975408116302,0.057,0.0180916086476028));
#2394=CARTESIAN_POINT('',(0.02,0.057,0.0174716410212416));
#2395=CARTESIAN_POINT('',(0.02,0.057,0.017));
#2396=CARTESIAN_POINT('',(0.,0.0212,0.026));
#2397=CARTESIAN_POINT('',(0.0101,0.0212,0.026));
#2398=CARTESIAN_POINT('',(0.0101,0.0312,0.026));
#2399=CARTESIAN_POINT('',(0.,0.0312,0.026));
#2400=CARTESIAN_POINT('',(0.00775,0.0312,0.0195233110310901));
#2401=CARTESIAN_POINT('',(0.00775,0.0464,0.0195233110310901));
#2402=CARTESIAN_POINT('',(-0.00775,0.0464,0.0195233110310901));
#2403=CARTESIAN_POINT('',(-0.00775,0.0312,0.0195233110310901));
#2404=CARTESIAN_POINT('',(0.,0.0312,0.026));
#2405=CARTESIAN_POINT('',(-0.0101,0.0312,0.026));
#2406=CARTESIAN_POINT('',(-0.0101,0.0212,0.026));
#2407=CARTESIAN_POINT('',(-0.002,0.0095,0.0149));
#2408=CARTESIAN_POINT('',(-0.002,0.017,0.0149));
#2409=CARTESIAN_POINT('',(0.002,0.0095,0.0149));
#2410=CARTESIAN_POINT('',(0.002,0.017,0.0149));
#2411=CARTESIAN_POINT('',(-5.63785129692462E-18,0.017,0.0149));
#2412=CARTESIAN_POINT('',(0.00775,0.0464,0.0226458980337503));
#2413=CARTESIAN_POINT('',(0.00775,0.0312,0.0226458980337503));
#2414=CARTESIAN_POINT('',(0.00775,0.0312,0.031));
#2415=CARTESIAN_POINT('',(0.00775,0.0464,0.031));
#2416=CARTESIAN_POINT('',(-0.00775,0.0464,0.0226458980337503));
#2417=CARTESIAN_POINT('',(-0.00775,0.0464,0.031));
#2418=CARTESIAN_POINT('',(-0.00775,0.0312,0.031));
#2419=CARTESIAN_POINT('',(-0.00775,0.0312,0.0226458980337503));
#2420=CARTESIAN_POINT('',(0.0121,0.0212,0.031));
#2421=CARTESIAN_POINT('',(0.0121,0.043,0.031));
#2422=CARTESIAN_POINT('',(0.0121,0.055,0.031));
#2423=CARTESIAN_POINT('',(0.0121,0.055,0.031));
#2424=CARTESIAN_POINT('',(0.0121,0.0212,0.031));
#2425=CARTESIAN_POINT('',(0.0101,0.0212,0.031));
#2426=CARTESIAN_POINT('',(0.0101,0.0212,0.031));
#2427=CARTESIAN_POINT('',(0.0101,0.0312,0.031));
#2428=CARTESIAN_POINT('',(0.0101,0.0312,0.031));
#2429=CARTESIAN_POINT('',(0.0111,0.0212,0.031));
#2430=CARTESIAN_POINT('',(0.008925,0.0312,0.031));
#2431=CARTESIAN_POINT('',(0.,0.055,0.031));
#2432=CARTESIAN_POINT('',(0.0081,0.055,0.031));
#2433=CARTESIAN_POINT('',(0.0081,0.049,0.031));
#2434=CARTESIAN_POINT('',(-0.0101,0.0212,0.031));
#2435=CARTESIAN_POINT('',(-0.0101,0.0312,0.031));
#2436=CARTESIAN_POINT('',(-0.0101,0.0312,0.031));
#2437=CARTESIAN_POINT('',(-0.0101,0.0212,0.031));
#2438=CARTESIAN_POINT('',(-0.0121,0.0212,0.031));
#2439=CARTESIAN_POINT('',(-0.0121,0.043,0.031));
#2440=CARTESIAN_POINT('',(-0.0121,0.0212,0.031));
#2441=CARTESIAN_POINT('',(-0.0121,0.055,0.031));
#2442=CARTESIAN_POINT('',(-0.0121,0.055,0.031));
#2443=CARTESIAN_POINT('',(-0.0111,0.0212,0.031));
#2444=CARTESIAN_POINT('',(-0.0111,0.0312,0.031));
#2445=CARTESIAN_POINT('',(-0.0081,0.049,0.031));
#2446=CARTESIAN_POINT('',(-0.0081,0.055,0.031));
#2447=CARTESIAN_POINT('',(0.,0.055,0.031));
#2448=CARTESIAN_POINT('',(0.,0.055,0.04));
#2449=CARTESIAN_POINT('',(0.02,0.055,0.017));
#2450=CARTESIAN_POINT('',(0.02,0.055,0.0174679419988492));
#2451=CARTESIAN_POINT('',(0.0199969415383469,0.055,0.0181041621119436));
#2452=CARTESIAN_POINT('',(0.0199865892759819,0.055,0.0188245627977716));
#2453=CARTESIAN_POINT('',(0.0199777671316945,0.055,0.0192157029403547));
#2454=CARTESIAN_POINT('',(0.0199686686673271,0.055,0.0195071207710305));
#2455=CARTESIAN_POINT('',(0.0199624376940097,0.055,0.0196791340387141));
#2456=CARTESIAN_POINT('',(0.0199485100250136,0.055,0.0199925867788347));
#2457=CARTESIAN_POINT('',(0.0199289275759686,0.055,0.0203558759126184));
#2458=CARTESIAN_POINT('',(0.0198984211904501,0.055,0.0208186729548856));
#2459=CARTESIAN_POINT('',(0.0198376379099557,0.055,0.0215367365816429));
#2460=CARTESIAN_POINT('',(0.0197441231185317,0.055,0.022377362554672));
#2461=CARTESIAN_POINT('',(0.0195172351601707,0.055,0.0238507764789928));
#2462=CARTESIAN_POINT('',(0.0192082529300101,0.055,0.0252296717425355));
#2463=CARTESIAN_POINT('',(0.0188043228501181,0.055,0.0265885845823361));
#2464=CARTESIAN_POINT('',(0.0184691342270006,0.055,0.0275550060137203));
#2465=CARTESIAN_POINT('',(0.0180269386141359,0.055,0.0286505284819963));
#2466=CARTESIAN_POINT('',(0.0173978124644411,0.055,0.0299877612292399));
#2467=CARTESIAN_POINT('',(0.0164893139877807,0.055,0.0315640543306581));
#2468=CARTESIAN_POINT('',(0.0147984042638518,0.055,0.0338250782659062));
#2469=CARTESIAN_POINT('',(0.0127265436085744,0.055,0.0357220476074306));
#2470=CARTESIAN_POINT('',(0.0103321237229803,0.055,0.037228371052755));
#2471=CARTESIAN_POINT('',(0.00833864863566951,0.055,0.0381873938198896));
#2472=CARTESIAN_POINT('',(0.00669931589838417,0.055,0.038781511729102));
#2473=CARTESIAN_POINT('',(0.00528982876750878,0.055,0.0391816353909293));
#2474=CARTESIAN_POINT('',(0.00426450044705692,0.055,0.0394215271271466));
#2475=CARTESIAN_POINT('',(0.00321853022463033,0.055,0.0396182084705682));
#2476=CARTESIAN_POINT('',(0.00215559072406625,0.055,0.0397726418548608));
#2477=CARTESIAN_POINT('',(0.00101875016225037,0.055,0.0398880770045516));
#2478=CARTESIAN_POINT('',(0.000360958752618599,0.055,0.039929727393427));
#2479=CARTESIAN_POINT('',(-8.69954521143463E-9,0.055,0.039947556644728));
#2480=CARTESIAN_POINT('',(-4.3497857664138E-9,0.055,0.0399476447090868));
#2481=CARTESIAN_POINT('',(-6.02496837725955E-9,0.055,0.0399476784221072));
#2482=CARTESIAN_POINT('',(-0.000374853969818241,0.055,0.0399290524208428));
#2483=CARTESIAN_POINT('',(-0.0011119840013022,0.055,0.0398794699699843));
#2484=CARTESIAN_POINT('',(-0.00248402566282846,0.055,0.0397389041005701));
#2485=CARTESIAN_POINT('',(-0.00429966493528776,0.055,0.0394410153052502));
#2486=CARTESIAN_POINT('',(-0.00602258976208189,0.055,0.038989052387683));
#2487=CARTESIAN_POINT('',(-0.00731373453789921,0.055,0.0385576054756277));
#2488=CARTESIAN_POINT('',(-0.00875185193076516,0.055,0.0379973140588191));
#2489=CARTESIAN_POINT('',(-0.010411544818006,0.055,0.0371878167710238));
#2490=CARTESIAN_POINT('',(-0.0128306417024079,0.055,0.035646561622218));
#2491=CARTESIAN_POINT('',(-0.0148771824448136,0.055,0.0337379668079952));
#2492=CARTESIAN_POINT('',(-0.0165443412505527,0.055,0.0314712439194273));
#2493=CARTESIAN_POINT('',(-0.017430672716926,0.055,0.0299205123266573));
#2494=CARTESIAN_POINT('',(-0.0180553971975555,0.055,0.0285788741165742));
#2495=CARTESIAN_POINT('',(-0.018577776599943,0.055,0.0272904200538982));
#2496=CARTESIAN_POINT('',(-0.0190245614833368,0.055,0.0259084189641728));
#2497=CARTESIAN_POINT('',(-0.0193666176906186,0.055,0.0245183271000222));
#2498=CARTESIAN_POINT('',(-0.0195720144893224,0.055,0.0234877419275624));
#2499=CARTESIAN_POINT('',(-0.0197376030335644,0.055,0.0224251767090757));
#2500=CARTESIAN_POINT('',(-0.019841822233293,0.055,0.0215011291490924));
#2501=CARTESIAN_POINT('',(-0.0199007007898559,0.055,0.0207893506751321));
#2502=CARTESIAN_POINT('',(-0.0199340665039467,0.055,0.0202778618657577));
#2503=CARTESIAN_POINT('',(-0.0199565348161443,0.055,0.0198266279190291));
#2504=CARTESIAN_POINT('',(-0.0199708080781664,0.055,0.0194522665406276));
#2505=CARTESIAN_POINT('',(-0.0199779596433494,0.055,0.0192253568981917));
#2506=CARTESIAN_POINT('',(-0.0199833760119466,0.055,0.0190146674258992));
#2507=CARTESIAN_POINT('',(-0.019985950926528,0.055,0.0188994256238866));
#2508=CARTESIAN_POINT('',(-0.0199906947929055,0.055,0.0186495546798825));
#2509=CARTESIAN_POINT('',(-0.0199975408110779,0.055,0.0180916084785762));
#2510=CARTESIAN_POINT('',(-0.02,0.055,0.0174716409070346));
#2511=CARTESIAN_POINT('',(-0.02,0.055,0.017));
#2512=CARTESIAN_POINT('',(-0.0191,0.055,0.0006));
#2513=CARTESIAN_POINT('',(-0.0191,0.055,0.0006));
#2514=CARTESIAN_POINT('',(0.,0.055,0.0006));
#2515=CARTESIAN_POINT('',(-0.018,0.055,0.0006));
#2516=CARTESIAN_POINT('',(-0.018,0.055,0.0006));
#2517=CARTESIAN_POINT('',(-0.0081,0.055,0.031));
#2518=CARTESIAN_POINT('',(-0.005,0.055,0.04));
#2519=CARTESIAN_POINT('',(-0.005,0.055,0.007));
#2520=CARTESIAN_POINT('',(-5.72458747072346E-18,0.055,0.007));
#2521=CARTESIAN_POINT('',(0.005,0.055,0.007));
#2522=CARTESIAN_POINT('',(0.005,0.055,0.04));
#2523=CARTESIAN_POINT('',(0.0081,0.055,0.031));
#2524=CARTESIAN_POINT('',(0.018,0.055,0.0006));
#2525=CARTESIAN_POINT('',(0.018,0.055,0.0006));
#2526=CARTESIAN_POINT('',(0.,0.055,0.0006));
#2527=CARTESIAN_POINT('',(0.0191,0.055,0.0006));
#2528=CARTESIAN_POINT('',(0.0191,0.055,0.0006));
#2529=CARTESIAN_POINT('',(0.0081,0.049,0.031));
#2530=CARTESIAN_POINT('',(0.0081,0.043,0.031));
#2531=CARTESIAN_POINT('',(0.0101,0.043,0.031));
#2532=CARTESIAN_POINT('',(-0.0081,0.049,0.031));
#2533=CARTESIAN_POINT('',(-0.0081,0.043,0.031));
#2534=CARTESIAN_POINT('',(-0.0101,0.043,0.031));
#2535=CARTESIAN_POINT('',(-0.005,0.054,0.0045));
#2536=CARTESIAN_POINT('',(-0.005,0.054,0.007));
#2537=CARTESIAN_POINT('',(8.67361737988404E-19,0.054,0.007));
#2538=CARTESIAN_POINT('',(0.005,0.054,0.007));
#2539=CARTESIAN_POINT('',(0.005,0.054,0.0045));
#2540=CARTESIAN_POINT('',(0.02,0.057,0.017));
#2541=CARTESIAN_POINT('',(0.02,0.055,0.017));
#2542=CARTESIAN_POINT('',(0.02,0.057,0.0183137339389296));
#2543=CARTESIAN_POINT('',(0.02,0.055,0.0183137339389296));
#2544=CARTESIAN_POINT('',(0.0199869469593699,0.057,0.0209602970851613));
#2545=CARTESIAN_POINT('',(0.0199869469593699,0.055,0.0209602970851613));
#2546=CARTESIAN_POINT('',(0.0193409342348674,0.057,0.0251904943926816));
#2547=CARTESIAN_POINT('',(0.0193409342348674,0.055,0.0251904943926816));
#2548=CARTESIAN_POINT('',(0.0178422527404372,0.057,0.0294110354618697));
#2549=CARTESIAN_POINT('',(0.0178422527404372,0.055,0.0294110354618697));
#2550=CARTESIAN_POINT('',(0.0154840405246257,0.057,0.0331697884240019));
#2551=CARTESIAN_POINT('',(0.0154840405246257,0.055,0.0331697884240019));
#2552=CARTESIAN_POINT('',(0.0123109142109479,0.057,0.0361403375038981));
#2553=CARTESIAN_POINT('',(0.0123109142109479,0.055,0.0361403375038981));
#2554=CARTESIAN_POINT('',(0.00839600375015967,0.057,0.0382937043672302));
#2555=CARTESIAN_POINT('',(0.00839600375015967,0.055,0.0382937043672302));
#2556=CARTESIAN_POINT('',(0.00413370918148705,0.057,0.0395751792828643));
#2557=CARTESIAN_POINT('',(0.00413370918148705,0.055,0.0395751792828643));
#2558=CARTESIAN_POINT('',(0.00134906891253589,0.057,0.0398811075135435));
#2559=CARTESIAN_POINT('',(0.00134906891253589,0.055,0.0398811075135435));
#2560=CARTESIAN_POINT('',(-1.63705137770295E-11,0.057,0.0399477327742528));
#2561=CARTESIAN_POINT('',(-1.63705137770295E-11,0.055,0.0399477327742528));
#2562=CARTESIAN_POINT('',(-1.46042032633797E-16,0.057,0.0399477327734444));
#2563=CARTESIAN_POINT('',(-1.44730935733566E-16,0.0563333333333333,0.0399477327734444));
#2564=CARTESIAN_POINT('',(-1.4355842193033E-16,0.0556666666666666,0.0399477327734444));
#2565=CARTESIAN_POINT('',(-1.42247325030098E-16,0.055,0.0399477327734444));
#2566=CARTESIAN_POINT('',(-0.02,0.055,0.017));
#2567=CARTESIAN_POINT('',(-0.02,0.057,0.017));
#2568=CARTESIAN_POINT('',(-0.02,0.055,0.0183137339382654));
#2569=CARTESIAN_POINT('',(-0.02,0.057,0.0183137339382654));
#2570=CARTESIAN_POINT('',(-0.0199869469593962,0.055,0.0209602970831305));
#2571=CARTESIAN_POINT('',(-0.0199869469593962,0.057,0.0209602970831305));
#2572=CARTESIAN_POINT('',(-0.0193409342357882,0.055,0.0251904943883414));
#2573=CARTESIAN_POINT('',(-0.0193409342357882,0.057,0.0251904943883414));
#2574=CARTESIAN_POINT('',(-0.0178422527432371,0.055,0.0294110354556169));
#2575=CARTESIAN_POINT('',(-0.0178422527432371,0.057,0.0294110354556169));
#2576=CARTESIAN_POINT('',(-0.0154840405300727,0.055,0.0331697884170203));
#2577=CARTESIAN_POINT('',(-0.0154840405300727,0.057,0.0331697884170203));
#2578=CARTESIAN_POINT('',(-0.0123109142198857,0.055,0.0361403374972711));
#2579=CARTESIAN_POINT('',(-0.0123109142198857,0.057,0.0361403374972711));
#2580=CARTESIAN_POINT('',(-0.00839600376274532,0.055,0.0382937043618517));
#2581=CARTESIAN_POINT('',(-0.00839600376274532,0.057,0.0382937043618517));
#2582=CARTESIAN_POINT('',(-0.00413370919665456,0.055,0.0395751792797294));
#2583=CARTESIAN_POINT('',(-0.00413370919665456,0.057,0.0395751792797294));
#2584=CARTESIAN_POINT('',(-0.00134906892852148,0.055,0.0398811075121107));
#2585=CARTESIAN_POINT('',(-0.00134906892852148,0.057,0.0398811075121107));
#2586=CARTESIAN_POINT('',(-1.33465287432966E-16,0.055,0.0399477327734444));
#2587=CARTESIAN_POINT('',(-1.33465287432966E-16,0.057,0.0399477327734444));
#2588=CARTESIAN_POINT('',(1.63706443149711E-11,0.002,0.0399477327742528));
#2589=CARTESIAN_POINT('',(1.63706443149711E-11,-1.30104260698261E-18,0.0399477327742528));
#2590=CARTESIAN_POINT('',(-0.00134906891253576,0.002,0.0398811075135435));
#2591=CARTESIAN_POINT('',(-0.00134906891253576,-1.73472347597681E-18,0.0398811075135435));
#2592=CARTESIAN_POINT('',(-0.00413370918148693,0.002,0.0395751792828644));
#2593=CARTESIAN_POINT('',(-0.00413370918148693,-1.30104260698261E-18,0.0395751792828644));
#2594=CARTESIAN_POINT('',(-0.00839600375015956,0.002,0.0382937043672302));
#2595=CARTESIAN_POINT('',(-0.00839600375015956,-2.16840434497101E-18,0.0382937043672302));
#2596=CARTESIAN_POINT('',(-0.0123109142109479,0.002,0.0361403375038982));
#2597=CARTESIAN_POINT('',(-0.0123109142109479,-2.16840434497101E-18,0.0361403375038982));
#2598=CARTESIAN_POINT('',(-0.0154840405246257,0.002,0.033169788424002));
#2599=CARTESIAN_POINT('',(-0.0154840405246257,-1.73472347597681E-18,0.033169788424002));
#2600=CARTESIAN_POINT('',(-0.0178422527404371,0.002,0.0294110354618698));
#2601=CARTESIAN_POINT('',(-0.0178422527404371,-1.73472347597681E-18,0.0294110354618698));
#2602=CARTESIAN_POINT('',(-0.0193409342348674,0.002,0.0251904943926816));
#2603=CARTESIAN_POINT('',(-0.0193409342348674,-2.60208521396521E-18,0.0251904943926816));
#2604=CARTESIAN_POINT('',(-0.0199869469593699,0.002,0.0209602970851613));
#2605=CARTESIAN_POINT('',(-0.0199869469593699,-1.30104260698261E-18,0.0209602970851613));
#2606=CARTESIAN_POINT('',(-0.02,0.002,0.0183137339389296));
#2607=CARTESIAN_POINT('',(-0.02,-1.73472347597681E-18,0.0183137339389296));
#2608=CARTESIAN_POINT('',(-0.02,0.002,0.017));
#2609=CARTESIAN_POINT('',(-0.02,-1.73472347597681E-18,0.017));
#2610=CARTESIAN_POINT('',(1.51788304147971E-16,-1.73472347597681E-18,0.0399477327734444));
#2611=CARTESIAN_POINT('',(1.51788304147971E-16,0.000666666666666665,0.0399477327734444));
#2612=CARTESIAN_POINT('',(1.51788304147971E-16,0.00133333333333333,0.0399477327734444));
#2613=CARTESIAN_POINT('',(1.51788304147971E-16,0.002,0.0399477327734444));
#2614=CARTESIAN_POINT('',(1.50378841323739E-16,-1.73472347597681E-18,0.0399477327734444));
#2615=CARTESIAN_POINT('',(1.50378841323739E-16,0.00200000000000003,0.0399477327734444));
#2616=CARTESIAN_POINT('',(0.0013490689285215,-1.73472347597681E-18,0.0398811075121107));
#2617=CARTESIAN_POINT('',(0.0013490689285215,0.00200000000000003,0.0398811075121107));
#2618=CARTESIAN_POINT('',(0.0041337091966546,-1.73472347597681E-18,0.0395751792797294));
#2619=CARTESIAN_POINT('',(0.0041337091966546,0.00200000000000003,0.0395751792797294));
#2620=CARTESIAN_POINT('',(0.0083960037627453,-1.73472347597681E-18,0.0382937043618517));
#2621=CARTESIAN_POINT('',(0.0083960037627453,0.00200000000000003,0.0382937043618517));
#2622=CARTESIAN_POINT('',(0.0123109142198857,-1.73472347597681E-18,0.0361403374972711));
#2623=CARTESIAN_POINT('',(0.0123109142198857,0.00200000000000003,0.0361403374972711));
#2624=CARTESIAN_POINT('',(0.0154840405300727,-1.73472347597681E-18,0.0331697884170203));
#2625=CARTESIAN_POINT('',(0.0154840405300727,0.00200000000000003,0.0331697884170203));
#2626=CARTESIAN_POINT('',(0.0178422527432371,-1.73472347597681E-18,0.0294110354556168));
#2627=CARTESIAN_POINT('',(0.0178422527432371,0.00200000000000003,0.0294110354556168));
#2628=CARTESIAN_POINT('',(0.0193409342357882,-1.73472347597681E-18,0.0251904943883414));
#2629=CARTESIAN_POINT('',(0.0193409342357882,0.00200000000000003,0.0251904943883414));
#2630=CARTESIAN_POINT('',(0.0199869469593962,-1.73472347597681E-18,0.0209602970831304));
#2631=CARTESIAN_POINT('',(0.0199869469593962,0.00200000000000003,0.0209602970831304));
#2632=CARTESIAN_POINT('',(0.02,-1.73472347597681E-18,0.0183137339382654));
#2633=CARTESIAN_POINT('',(0.02,0.00200000000000003,0.0183137339382654));
#2634=CARTESIAN_POINT('',(0.02,-1.73472347597681E-18,0.017));
#2635=CARTESIAN_POINT('',(0.02,0.00200000000000003,0.017));
#2636=CARTESIAN_POINT('',(0.018,0.0285,0.0006));
#2637=CARTESIAN_POINT('',(0.018,0.0285,0.0006));
#2638=CARTESIAN_POINT('',(0.0191,0.0285,0.0006));
#2639=CARTESIAN_POINT('',(0.0191,0.0285,0.0006));
#2640=CARTESIAN_POINT('',(0.,0.0285,0.0006));
#2641=CARTESIAN_POINT('',(-0.018,0.0285,0.0006));
#2642=CARTESIAN_POINT('',(-0.018,0.0285,0.0006));
#2643=CARTESIAN_POINT('',(-0.0191,0.0285,0.0006));
#2644=CARTESIAN_POINT('',(-0.0191,0.0285,0.0006));
#2645=CARTESIAN_POINT('',(0.,0.0285,0.0006));
#2646=CARTESIAN_POINT('',(0.,0.0312,0.026));
#2647=CARTESIAN_POINT('',(0.,0.0312,0.026));
#2648=CARTESIAN_POINT('',(0.0125,0.0015,0.0025));
#2649=CARTESIAN_POINT('',(0.0125,0.0015,0.0025));
#2650=CARTESIAN_POINT('',(0.0125,0.0015,0.0015));
#2651=CARTESIAN_POINT('',(-3.46944695195361E-18,0.0015,0.0199988404070168));
#2652=CARTESIAN_POINT('',(-0.0125,0.0015,0.0025));
#2653=CARTESIAN_POINT('',(-0.0125,0.0015,0.0025));
#2654=CARTESIAN_POINT('',(-0.0125,0.0015,0.0015));
#2655=CARTESIAN_POINT('',(-3.46944695195361E-18,0.0015,0.0199988404070168));
#2656=CARTESIAN_POINT('',(0.0105,0.005,0.00282383883597112));
#2657=CARTESIAN_POINT('',(0.0105,0.005,0.00282383883597112));
#2658=CARTESIAN_POINT('',(0.0105,0.005,0.003));
#2659=CARTESIAN_POINT('',(0.0105,0.005,0.0035));
#2660=CARTESIAN_POINT('',(0.0105,0.00500000000000833,0.003));
#2661=CARTESIAN_POINT('',(0.0105,0.00400000000000543,0.003));
#2662=CARTESIAN_POINT('',(0.0105,0.00300000000000253,0.003));
#2663=CARTESIAN_POINT('',(0.0105,0.00199999999999963,0.003));
#2664=CARTESIAN_POINT('',(0.0105,0.00199999999999994,0.0035));
#2665=CARTESIAN_POINT('',(0.0105,0.003,0.0035));
#2666=CARTESIAN_POINT('',(0.0105,0.00400000000000006,0.0035));
#2667=CARTESIAN_POINT('',(0.0105,0.00500000000000012,0.0035));
#2668=CARTESIAN_POINT('',(0.0125,0.005,0.0045));
#2669=CARTESIAN_POINT('',(0.0135,0.00199999999999994,0.0045));
#2670=CARTESIAN_POINT('',(0.0135,0.00266666666666668,0.0045));
#2671=CARTESIAN_POINT('',(0.0135,0.00333333333333342,0.0045));
#2672=CARTESIAN_POINT('',(0.0135,0.00400000000000016,0.0045));
#2673=CARTESIAN_POINT('',(0.0134999999999984,0.004,0.0045));
#2674=CARTESIAN_POINT('',(0.0134999999999984,0.004,0.0045));
#2675=CARTESIAN_POINT('',(0.0128333333333326,0.004,0.0045));
#2676=CARTESIAN_POINT('',(0.0121666666666668,0.004,0.0045));
#2677=CARTESIAN_POINT('',(0.0115000000000011,0.004,0.0045));
#2678=CARTESIAN_POINT('',(0.0115,0.00400000000000023,0.0045));
#2679=CARTESIAN_POINT('',(0.0115,0.00400000000000023,0.0045));
#2680=CARTESIAN_POINT('',(0.0115,0.00333333333333347,0.0045));
#2681=CARTESIAN_POINT('',(0.0115,0.00266666666666671,0.0045));
#2682=CARTESIAN_POINT('',(0.0115,0.00199999999999994,0.0045));
#2683=CARTESIAN_POINT('',(0.0145,0.005,0.00325));
#2684=CARTESIAN_POINT('',(0.0145,0.002,0.003));
#2685=CARTESIAN_POINT('',(0.0145,0.00300000000000003,0.003));
#2686=CARTESIAN_POINT('',(0.0145,0.00400000000000006,0.003));
#2687=CARTESIAN_POINT('',(0.0145,0.00500000000000009,0.003));
#2688=CARTESIAN_POINT('',(0.0145,0.005,0.003));
#2689=CARTESIAN_POINT('',(0.0145,0.005,0.00325));
#2690=CARTESIAN_POINT('',(0.0145,0.005,0.0035));
#2691=CARTESIAN_POINT('',(0.0145,0.00500000000000012,0.0035));
#2692=CARTESIAN_POINT('',(0.0145,0.00400000000000006,0.0035));
#2693=CARTESIAN_POINT('',(0.0145,0.003,0.0035));
#2694=CARTESIAN_POINT('',(0.0145,0.00199999999999994,0.0035));
#2695=CARTESIAN_POINT('',(-3.46944695195361E-18,0.005,0.0202988394273072));
#2696=CARTESIAN_POINT('',(0.0144999999999989,0.005,0.003));
#2697=CARTESIAN_POINT('',(0.0131666666666658,0.005,0.003));
#2698=CARTESIAN_POINT('',(0.0118333333333328,0.005,0.003));
#2699=CARTESIAN_POINT('',(0.0104999999999998,0.005,0.003));
#2700=CARTESIAN_POINT('',(0.0104999999999991,0.005,0.0035));
#2701=CARTESIAN_POINT('',(0.011833333333333,0.005,0.0035));
#2702=CARTESIAN_POINT('',(0.013166666666667,0.005,0.0035));
#2703=CARTESIAN_POINT('',(0.0145000000000009,0.005,0.0035));
#2704=CARTESIAN_POINT('',(-0.0145,0.005,0.00282383883597112));
#2705=CARTESIAN_POINT('',(-0.0145,0.005,0.00282383883597112));
#2706=CARTESIAN_POINT('',(-0.0145,0.005,0.003));
#2707=CARTESIAN_POINT('',(-0.0145,0.005,0.0035));
#2708=CARTESIAN_POINT('',(-0.0145,0.00500000000000833,0.003));
#2709=CARTESIAN_POINT('',(-0.0145,0.00400000000000543,0.003));
#2710=CARTESIAN_POINT('',(-0.0145,0.00300000000000253,0.003));
#2711=CARTESIAN_POINT('',(-0.0145,0.00199999999999963,0.003));
#2712=CARTESIAN_POINT('',(-0.0145,0.00199999999999994,0.0035));
#2713=CARTESIAN_POINT('',(-0.0145,0.003,0.0035));
#2714=CARTESIAN_POINT('',(-0.0145,0.00400000000000006,0.0035));
#2715=CARTESIAN_POINT('',(-0.0145,0.00500000000000012,0.0035));
#2716=CARTESIAN_POINT('',(-0.0125,0.005,0.0045));
#2717=CARTESIAN_POINT('',(-0.0114999999999998,0.004,0.0045));
#2718=CARTESIAN_POINT('',(-0.0121666666666665,0.004,0.0045));
#2719=CARTESIAN_POINT('',(-0.0128333333333332,0.004,0.0045));
#2720=CARTESIAN_POINT('',(-0.0134999999999998,0.004,0.0045));
#2721=CARTESIAN_POINT('',(-0.0115,0.00400000000000023,0.0045));
#2722=CARTESIAN_POINT('',(-0.0134999999999998,0.004,0.0045));
#2723=CARTESIAN_POINT('',(-0.0135,0.00400000000000015,0.0045));
#2724=CARTESIAN_POINT('',(-0.0135,0.00333333333333342,0.0045));
#2725=CARTESIAN_POINT('',(-0.0135,0.00266666666666668,0.0045));
#2726=CARTESIAN_POINT('',(-0.0135,0.00199999999999994,0.0045));
#2727=CARTESIAN_POINT('',(-0.0115,0.00199999999999994,0.0045));
#2728=CARTESIAN_POINT('',(-0.0115,0.00266666666666671,0.0045));
#2729=CARTESIAN_POINT('',(-0.0115,0.00333333333333347,0.0045));
#2730=CARTESIAN_POINT('',(-0.0115,0.00400000000000023,0.0045));
#2731=CARTESIAN_POINT('',(-0.0105,0.005,0.00407383883597112));
#2732=CARTESIAN_POINT('',(-0.0105,0.002,0.003));
#2733=CARTESIAN_POINT('',(-0.0105,0.00300000000000003,0.003));
#2734=CARTESIAN_POINT('',(-0.0105,0.00400000000000006,0.003));
#2735=CARTESIAN_POINT('',(-0.0105,0.00500000000000009,0.00300000000000001));
#2736=CARTESIAN_POINT('',(-0.0105,0.005,0.003));
#2737=CARTESIAN_POINT('',(-0.0105,0.005,0.00407383883597112));
#2738=CARTESIAN_POINT('',(-0.0105,0.005,0.0035));
#2739=CARTESIAN_POINT('',(-0.0105,0.00500000000000012,0.0035));
#2740=CARTESIAN_POINT('',(-0.0105,0.00400000000000006,0.0035));
#2741=CARTESIAN_POINT('',(-0.0105,0.003,0.0035));
#2742=CARTESIAN_POINT('',(-0.0105,0.00199999999999994,0.0035));
#2743=CARTESIAN_POINT('',(-3.46944695195361E-18,0.005,0.0202988394273072));
#2744=CARTESIAN_POINT('',(-0.0105000000000006,0.005,0.003));
#2745=CARTESIAN_POINT('',(-0.0118333333333341,0.005,0.003));
#2746=CARTESIAN_POINT('',(-0.0131666666666675,0.005,0.003));
#2747=CARTESIAN_POINT('',(-0.0145000000000009,0.005,0.003));
#2748=CARTESIAN_POINT('',(-0.0145,0.005,0.0035));
#2749=CARTESIAN_POINT('',(-0.0131666666666667,0.005,0.0035));
#2750=CARTESIAN_POINT('',(-0.0118333333333333,0.005,0.0035));
#2751=CARTESIAN_POINT('',(-0.0105,0.005,0.0035));
#2752=CARTESIAN_POINT('',(0.0144999999999999,0.00602400000000001,0.003));
#2753=CARTESIAN_POINT('',(0.0144999999999999,0.002,0.003));
#2754=CARTESIAN_POINT('',(0.0144999999999999,0.00602400000000001,0.00284999999999996));
#2755=CARTESIAN_POINT('',(0.0144999999999999,0.002,0.00284999999999996));
#2756=CARTESIAN_POINT('',(0.0144999999999999,0.006024,0.00269999999999997));
#2757=CARTESIAN_POINT('',(0.0144999999999999,0.002,0.00269999999999997));
#2758=CARTESIAN_POINT('',(0.0145999999999999,0.006024,0.00233333333333333));
#2759=CARTESIAN_POINT('',(0.0145999999999999,0.002,0.00233333333333333));
#2760=CARTESIAN_POINT('',(0.014833333333333,0.006024,0.00209999999999995));
#2761=CARTESIAN_POINT('',(0.014833333333333,0.002,0.00209999999999995));
#2762=CARTESIAN_POINT('',(0.0152,0.00602400000000001,0.00199999999999998));
#2763=CARTESIAN_POINT('',(0.0152,0.002,0.00199999999999998));
#2764=CARTESIAN_POINT('',(0.0153499999999998,0.00602400000000001,0.00199999999999998));
#2765=CARTESIAN_POINT('',(0.0153499999999998,0.002,0.00199999999999998));
#2766=CARTESIAN_POINT('',(0.0155,0.00602400000000001,0.00199999999999998));
#2767=CARTESIAN_POINT('',(0.0155,0.002,0.00199999999999998));
#2768=CARTESIAN_POINT('',(0.0155,0.006,0.00199999999999998));
#2769=CARTESIAN_POINT('',(0.0153938367299921,0.0058938367297765,0.00199999999999998));
#2770=CARTESIAN_POINT('',(0.0152370411924025,0.00573581428648288,0.00199650215532915));
#2771=CARTESIAN_POINT('',(0.0149755170533769,0.00547715292799934,0.00208902482833342));
#2772=CARTESIAN_POINT('',(0.0148759759812305,0.00537655189351365,0.00214846241806787));
#2773=CARTESIAN_POINT('',(0.014833068097962,0.00533289789374139,0.00217628486041503));
#2774=CARTESIAN_POINT('',(0.0147398051881659,0.00523991009276592,0.00225556060196954));
#2775=CARTESIAN_POINT('',(0.0146528279030832,0.00515283012099652,0.00236144535963881));
#2776=CARTESIAN_POINT('',(0.0145319345536136,0.00503193289017893,0.00257828241172019));
#2777=CARTESIAN_POINT('',(0.0144999999999999,0.00500000000000002,0.00281365205294789));
#2778=CARTESIAN_POINT('',(0.0144999999999999,0.00500000000000002,0.003));
#2779=CARTESIAN_POINT('',(0.015536,0.00600000000000009,0.00200000000000001));
#2780=CARTESIAN_POINT('',(0.00946399999999999,0.00600000000000009,0.00200000000000001));
#2781=CARTESIAN_POINT('',(0.015536,0.0058500000000001,0.00200000000000003));
#2782=CARTESIAN_POINT('',(0.00946399999999999,0.0058500000000001,0.00200000000000003));
#2783=CARTESIAN_POINT('',(0.015536,0.00570000000000002,0.00200000000000003));
#2784=CARTESIAN_POINT('',(0.00946399999999998,0.00570000000000002,0.00200000000000003));
#2785=CARTESIAN_POINT('',(0.015536,0.00533333333333336,0.00209999999999997));
#2786=CARTESIAN_POINT('',(0.00946399999999998,0.00533333333333336,0.00209999999999997));
#2787=CARTESIAN_POINT('',(0.015536,0.00510000000000005,0.00233333333333331));
#2788=CARTESIAN_POINT('',(0.00946399999999998,0.00510000000000005,0.00233333333333331));
#2789=CARTESIAN_POINT('',(0.015536,0.00500000000000003,0.0027));
#2790=CARTESIAN_POINT('',(0.00946399999999999,0.00500000000000003,0.0027));
#2791=CARTESIAN_POINT('',(0.015536,0.00500000000000003,0.00285000000000005));
#2792=CARTESIAN_POINT('',(0.00946399999999999,0.00500000000000003,0.00285000000000005));
#2793=CARTESIAN_POINT('',(0.015536,0.00500000000000003,0.00300000000000001));
#2794=CARTESIAN_POINT('',(0.00946399999999999,0.00500000000000003,0.00300000000000001));
#2795=CARTESIAN_POINT('',(0.0095,0.00600000000000017,0.00200000000000001));
#2796=CARTESIAN_POINT('',(0.00960616326389072,0.00589383673589992,0.00200000000000003));
#2797=CARTESIAN_POINT('',(0.00976418571498841,0.00573704119103362,0.00199650215532405));
#2798=CARTESIAN_POINT('',(0.0100228470718858,0.00547551705347923,0.00208902482834034));
#2799=CARTESIAN_POINT('',(0.010123448106519,0.00537597598119809,0.00214846241807496));
#2800=CARTESIAN_POINT('',(0.0101671021062503,0.00533306809796999,0.00217628486041398));
#2801=CARTESIAN_POINT('',(0.0102600899072347,0.00523980518816725,0.00225556060196696));
#2802=CARTESIAN_POINT('',(0.0103471698789999,0.00515282790308797,0.00236144535963318));
#2803=CARTESIAN_POINT('',(0.0104680671098238,0.00503193455361036,0.00257828241172439));
#2804=CARTESIAN_POINT('',(0.0105,0.00500000000000003,0.00281365205294814));
#2805=CARTESIAN_POINT('',(0.0105,0.00500000000000003,0.00299999999999998));
#2806=CARTESIAN_POINT('',(0.0105,0.00199999999999963,0.003));
#2807=CARTESIAN_POINT('',(0.0105,0.00602400000000071,0.003));
#2808=CARTESIAN_POINT('',(0.0105,0.00199999999999963,0.00285));
#2809=CARTESIAN_POINT('',(0.0105,0.00602400000000071,0.00285));
#2810=CARTESIAN_POINT('',(0.0105,0.00199999999999963,0.00270000000000001));
#2811=CARTESIAN_POINT('',(0.0105,0.00602400000000071,0.00270000000000001));
#2812=CARTESIAN_POINT('',(0.0104,0.00199999999999963,0.00233333333333334));
#2813=CARTESIAN_POINT('',(0.0104,0.00602400000000071,0.00233333333333334));
#2814=CARTESIAN_POINT('',(0.0101666666666667,0.00199999999999963,0.0021));
#2815=CARTESIAN_POINT('',(0.0101666666666667,0.00602400000000071,0.0021));
#2816=CARTESIAN_POINT('',(0.00979999999999999,0.00199999999999963,0.002));
#2817=CARTESIAN_POINT('',(0.00979999999999999,0.00602400000000071,0.002));
#2818=CARTESIAN_POINT('',(0.00965,0.00199999999999963,0.002));
#2819=CARTESIAN_POINT('',(0.00965,0.00602400000000071,0.002));
#2820=CARTESIAN_POINT('',(0.0095,0.00199999999999963,0.002));
#2821=CARTESIAN_POINT('',(0.0095,0.00602400000000071,0.002));
#2822=CARTESIAN_POINT('',(-0.0104999999999998,0.00602400000000001,0.00300000000000001));
#2823=CARTESIAN_POINT('',(-0.0104999999999998,0.002,0.00300000000000001));
#2824=CARTESIAN_POINT('',(-0.0104999999999998,0.00602400000000001,0.00284999999999996));
#2825=CARTESIAN_POINT('',(-0.0104999999999998,0.002,0.00284999999999996));
#2826=CARTESIAN_POINT('',(-0.0104999999999997,0.006024,0.00269999999999997));
#2827=CARTESIAN_POINT('',(-0.0104999999999997,0.002,0.00269999999999997));
#2828=CARTESIAN_POINT('',(-0.0104000000000001,0.006024,0.00233333333333333));
#2829=CARTESIAN_POINT('',(-0.0104000000000001,0.002,0.00233333333333333));
#2830=CARTESIAN_POINT('',(-0.0101666666666667,0.006024,0.00209999999999995));
#2831=CARTESIAN_POINT('',(-0.0101666666666667,0.002,0.00209999999999995));
#2832=CARTESIAN_POINT('',(-0.00980000000000012,0.00602400000000001,0.00199999999999998));
#2833=CARTESIAN_POINT('',(-0.00980000000000012,0.002,0.00199999999999998));
#2834=CARTESIAN_POINT('',(-0.00964999999999981,0.00602400000000001,0.00199999999999998));
#2835=CARTESIAN_POINT('',(-0.00964999999999981,0.002,0.00199999999999998));
#2836=CARTESIAN_POINT('',(-0.00949999999999999,0.00602400000000001,0.00199999999999998));
#2837=CARTESIAN_POINT('',(-0.00949999999999999,0.002,0.00199999999999998));
#2838=CARTESIAN_POINT('',(-0.0095,0.006,0.00199999999999998));
#2839=CARTESIAN_POINT('',(-0.00960616326803474,0.00589383673189348,0.00199999999999998));
#2840=CARTESIAN_POINT('',(-0.00976295880806759,0.00573581428597954,0.00199650215533289));
#2841=CARTESIAN_POINT('',(-0.0100244829465718,0.00547715292805304,0.00208902482832848));
#2842=CARTESIAN_POINT('',(-0.0101240240187688,0.00537655189351432,0.00214846241806231));
#2843=CARTESIAN_POINT('',(-0.0101669319020387,0.00533289789374099,0.00217628486041713));
#2844=CARTESIAN_POINT('',(-0.0102601948118315,0.00523991009276686,0.00225556060196697));
#2845=CARTESIAN_POINT('',(-0.0103471720969143,0.00515283012099768,0.00236144535963527));
#2846=CARTESIAN_POINT('',(-0.0104680654463879,0.00503193289017803,0.00257828241172268));
#2847=CARTESIAN_POINT('',(-0.0104999999999998,0.00500000000000002,0.00281365205294909));
#2848=CARTESIAN_POINT('',(-0.0104999999999997,0.00500000000000002,0.003));
#2849=CARTESIAN_POINT('',(-0.009464,0.00600000000000007,0.002));
#2850=CARTESIAN_POINT('',(-0.015536,0.00600000000000007,0.002));
#2851=CARTESIAN_POINT('',(-0.009464,0.00585000000000007,0.002));
#2852=CARTESIAN_POINT('',(-0.015536,0.00585000000000007,0.002));
#2853=CARTESIAN_POINT('',(-0.009464,0.00570000000000003,0.00199999999999999));
#2854=CARTESIAN_POINT('',(-0.015536,0.00570000000000003,0.00199999999999999));
#2855=CARTESIAN_POINT('',(-0.009464,0.00533333333333331,0.00209999999999996));
#2856=CARTESIAN_POINT('',(-0.015536,0.00533333333333331,0.00209999999999996));
#2857=CARTESIAN_POINT('',(-0.009464,0.00510000000000001,0.00233333333333329));
#2858=CARTESIAN_POINT('',(-0.015536,0.00510000000000001,0.00233333333333329));
#2859=CARTESIAN_POINT('',(-0.009464,0.00500000000000003,0.00270000000000003));
#2860=CARTESIAN_POINT('',(-0.015536,0.00500000000000003,0.00270000000000003));
#2861=CARTESIAN_POINT('',(-0.009464,0.00500000000000003,0.00285000000000004));
#2862=CARTESIAN_POINT('',(-0.015536,0.00500000000000003,0.00285000000000004));
#2863=CARTESIAN_POINT('',(-0.009464,0.00500000000000003,0.003));
#2864=CARTESIAN_POINT('',(-0.015536,0.00500000000000003,0.003));
#2865=CARTESIAN_POINT('',(-0.0155,0.00600000000000017,0.002));
#2866=CARTESIAN_POINT('',(-0.0153938367360565,0.00589383673584706,0.002));
#2867=CARTESIAN_POINT('',(-0.0152358142850046,0.00573704119102394,0.00199650215533333));
#2868=CARTESIAN_POINT('',(-0.0149771529281389,0.00547551705350752,0.0020890248283279));
#2869=CARTESIAN_POINT('',(-0.0148765518935009,0.00537597598121817,0.0021484624180612));
#2870=CARTESIAN_POINT('',(-0.0148328978937437,0.00533306809796366,0.00217628486041848));
#2871=CARTESIAN_POINT('',(-0.0147399100927695,0.00523980518817235,0.0022555606019626));
#2872=CARTESIAN_POINT('',(-0.0146528301210029,0.0051528279030907,0.00236144535962782));
#2873=CARTESIAN_POINT('',(-0.0145319328901741,0.00503193455360827,0.00257828241172901));
#2874=CARTESIAN_POINT('',(-0.0145,0.00500000000000003,0.00281365205294539));
#2875=CARTESIAN_POINT('',(-0.0145,0.00500000000000003,0.003));
#2876=CARTESIAN_POINT('',(-0.0145,0.00199999999999963,0.003));
#2877=CARTESIAN_POINT('',(-0.0145,0.00602400000000071,0.003));
#2878=CARTESIAN_POINT('',(-0.0145,0.00199999999999963,0.00285));
#2879=CARTESIAN_POINT('',(-0.0145,0.00602400000000071,0.00285));
#2880=CARTESIAN_POINT('',(-0.0145,0.00199999999999963,0.00270000000000001));
#2881=CARTESIAN_POINT('',(-0.0145,0.00602400000000071,0.00270000000000001));
#2882=CARTESIAN_POINT('',(-0.0146000000000001,0.00199999999999963,0.00233333333333334));
#2883=CARTESIAN_POINT('',(-0.0146000000000001,0.00602400000000071,0.00233333333333334));
#2884=CARTESIAN_POINT('',(-0.0148333333333333,0.00199999999999963,0.0021));
#2885=CARTESIAN_POINT('',(-0.0148333333333333,0.00602400000000071,0.0021));
#2886=CARTESIAN_POINT('',(-0.0152,0.00199999999999963,0.002));
#2887=CARTESIAN_POINT('',(-0.0152,0.00602400000000071,0.002));
#2888=CARTESIAN_POINT('',(-0.01535,0.00199999999999963,0.002));
#2889=CARTESIAN_POINT('',(-0.01535,0.00602400000000071,0.002));
#2890=CARTESIAN_POINT('',(-0.0155,0.00199999999999963,0.002));
#2891=CARTESIAN_POINT('',(-0.0155,0.00602400000000071,0.002));
#2892=CARTESIAN_POINT('',(0.0105,0.00199999999999994,0.0035));
#2893=CARTESIAN_POINT('',(0.0105,0.00501800000000012,0.0035));
#2894=CARTESIAN_POINT('',(0.0105,0.00199999999999994,0.00365));
#2895=CARTESIAN_POINT('',(0.0105,0.00501800000000012,0.00365));
#2896=CARTESIAN_POINT('',(0.0105,0.00199999999999994,0.0038));
#2897=CARTESIAN_POINT('',(0.0105,0.00501800000000012,0.0038));
#2898=CARTESIAN_POINT('',(0.0106,0.00199999999999994,0.00416666666666671));
#2899=CARTESIAN_POINT('',(0.0106,0.00501800000000012,0.00416666666666671));
#2900=CARTESIAN_POINT('',(0.0108333333333334,0.00199999999999994,0.00440000000000003));
#2901=CARTESIAN_POINT('',(0.0108333333333334,0.00501800000000012,0.00440000000000003));
#2902=CARTESIAN_POINT('',(0.0112,0.00199999999999994,0.00450000000000001));
#2903=CARTESIAN_POINT('',(0.0112,0.00501800000000012,0.00450000000000001));
#2904=CARTESIAN_POINT('',(0.01135,0.00199999999999994,0.0045));
#2905=CARTESIAN_POINT('',(0.01135,0.00501800000000012,0.0045));
#2906=CARTESIAN_POINT('',(0.0115,0.00199999999999994,0.0045));
#2907=CARTESIAN_POINT('',(0.0115,0.00501800000000012,0.0045));
#2908=CARTESIAN_POINT('',(0.0115000000000002,0.004,0.0045));
#2909=CARTESIAN_POINT('',(0.01139383673293,0.00410616326707017,0.0045));
#2910=CARTESIAN_POINT('',(0.0112370411917169,0.00426418571425103,0.00450349784467119));
#2911=CARTESIAN_POINT('',(0.0109755170534344,0.00452284707194164,0.00441097517166606));
#2912=CARTESIAN_POINT('',(0.0108759759812181,0.00462344810650158,0.00435153758193096));
#2913=CARTESIAN_POINT('',(0.010833068097967,0.00466710210625382,0.00432371513958659));
#2914=CARTESIAN_POINT('',(0.0107398051881593,0.00476008990723776,0.00424443939802492));
#2915=CARTESIAN_POINT('',(0.0106528279030782,0.00484716987900638,0.00413855464035187));
#2916=CARTESIAN_POINT('',(0.0105319345536177,0.00496806710981891,0.0039217175882865));
#2917=CARTESIAN_POINT('',(0.0105,0.005,0.0036863479470535));
#2918=CARTESIAN_POINT('',(0.0105,0.005,0.0035));
#2919=CARTESIAN_POINT('',(0.0145240000000009,0.004,0.0045));
#2920=CARTESIAN_POINT('',(0.0104759999999991,0.004,0.0045));
#2921=CARTESIAN_POINT('',(0.0145240000000009,0.00415,0.0045));
#2922=CARTESIAN_POINT('',(0.0104759999999991,0.00415,0.0045));
#2923=CARTESIAN_POINT('',(0.0145240000000009,0.0043,0.0045));
#2924=CARTESIAN_POINT('',(0.0104759999999991,0.0043,0.0045));
#2925=CARTESIAN_POINT('',(0.0145240000000009,0.00466666666666667,0.0044));
#2926=CARTESIAN_POINT('',(0.0104759999999991,0.00466666666666667,0.0044));
#2927=CARTESIAN_POINT('',(0.0145240000000009,0.0049,0.00416666666666666));
#2928=CARTESIAN_POINT('',(0.0104759999999991,0.0049,0.00416666666666666));
#2929=CARTESIAN_POINT('',(0.0145240000000009,0.005,0.00379999999999999));
#2930=CARTESIAN_POINT('',(0.0104759999999991,0.005,0.00379999999999999));
#2931=CARTESIAN_POINT('',(0.0145240000000009,0.005,0.00365));
#2932=CARTESIAN_POINT('',(0.0104759999999991,0.005,0.00365));
#2933=CARTESIAN_POINT('',(0.0145240000000009,0.005,0.0035));
#2934=CARTESIAN_POINT('',(0.0104759999999991,0.005,0.0035));
#2935=CARTESIAN_POINT('',(0.0135,0.004,0.0045));
#2936=CARTESIAN_POINT('',(0.0136061632713011,0.00410616327101361,0.0045));
#2937=CARTESIAN_POINT('',(0.0137641857132547,0.00426295880735337,0.00450349784467447));
#2938=CARTESIAN_POINT('',(0.0140228470720363,0.00452448294665522,0.00441097517166163));
#2939=CARTESIAN_POINT('',(0.0141234481064938,0.00462402401877484,0.00435153758192551));
#2940=CARTESIAN_POINT('',(0.0141671021062545,0.00466693190203331,0.0043237151395895));
#2941=CARTESIAN_POINT('',(0.0142600899072432,0.0047601948118469,0.00424443939801851));
#2942=CARTESIAN_POINT('',(0.0143471698790146,0.00484717209692848,0.00413855464034147));
#2943=CARTESIAN_POINT('',(0.0144680671098128,0.00496806544637738,0.00392171758829611));
#2944=CARTESIAN_POINT('',(0.0145,0.005,0.00368634794704493));
#2945=CARTESIAN_POINT('',(0.0145,0.005,0.0035));
#2946=CARTESIAN_POINT('',(0.0145,0.00501800000000012,0.0035));
#2947=CARTESIAN_POINT('',(0.0145,0.00199999999999994,0.0035));
#2948=CARTESIAN_POINT('',(0.0145,0.00501800000000012,0.00365));
#2949=CARTESIAN_POINT('',(0.0145,0.00199999999999994,0.00365));
#2950=CARTESIAN_POINT('',(0.0145,0.00501800000000012,0.0038));
#2951=CARTESIAN_POINT('',(0.0145,0.00199999999999994,0.0038));
#2952=CARTESIAN_POINT('',(0.0144,0.00501800000000012,0.00416666666666667));
#2953=CARTESIAN_POINT('',(0.0144,0.00199999999999994,0.00416666666666667));
#2954=CARTESIAN_POINT('',(0.0141666666666667,0.00501800000000012,0.0044));
#2955=CARTESIAN_POINT('',(0.0141666666666667,0.00199999999999994,0.0044));
#2956=CARTESIAN_POINT('',(0.0138,0.00501800000000012,0.0045));
#2957=CARTESIAN_POINT('',(0.0138,0.00199999999999994,0.0045));
#2958=CARTESIAN_POINT('',(0.01365,0.00501800000000012,0.0045));
#2959=CARTESIAN_POINT('',(0.01365,0.00199999999999994,0.0045));
#2960=CARTESIAN_POINT('',(0.0135,0.00501800000000012,0.0045));
#2961=CARTESIAN_POINT('',(0.0135,0.00199999999999994,0.0045));
#2962=CARTESIAN_POINT('',(-0.0115,0.00199999999999994,0.0045));
#2963=CARTESIAN_POINT('',(-0.0115,0.00501800000000012,0.0045));
#2964=CARTESIAN_POINT('',(-0.01135,0.00199999999999994,0.0045));
#2965=CARTESIAN_POINT('',(-0.01135,0.00501800000000012,0.0045));
#2966=CARTESIAN_POINT('',(-0.0112,0.00199999999999995,0.0045));
#2967=CARTESIAN_POINT('',(-0.0112,0.00501800000000012,0.0045));
#2968=CARTESIAN_POINT('',(-0.0108333333333333,0.00199999999999995,0.0044));
#2969=CARTESIAN_POINT('',(-0.0108333333333333,0.00501800000000012,0.0044));
#2970=CARTESIAN_POINT('',(-0.0106,0.00199999999999995,0.00416666666666667));
#2971=CARTESIAN_POINT('',(-0.0106,0.00501800000000012,0.00416666666666667));
#2972=CARTESIAN_POINT('',(-0.0105,0.00199999999999994,0.0038));
#2973=CARTESIAN_POINT('',(-0.0105,0.00501800000000012,0.0038));
#2974=CARTESIAN_POINT('',(-0.0105,0.00199999999999994,0.00365));
#2975=CARTESIAN_POINT('',(-0.0105,0.00501800000000012,0.00365));
#2976=CARTESIAN_POINT('',(-0.0105,0.00199999999999994,0.0035));
#2977=CARTESIAN_POINT('',(-0.0105,0.00501800000000012,0.0035));
#2978=CARTESIAN_POINT('',(-0.0105,0.005,0.0035));
#2979=CARTESIAN_POINT('',(-0.0105,0.005,0.00368506495839223));
#2980=CARTESIAN_POINT('',(-0.0105306154231493,0.00496937868758473,0.00391717207973918));
#2981=CARTESIAN_POINT('',(-0.0106508973329658,0.00484911051938881,0.00413571007508378));
#2982=CARTESIAN_POINT('',(-0.0107376360581562,0.00476226087002125,0.00424219928955709));
#2983=CARTESIAN_POINT('',(-0.0108306794591938,0.00466948869052756,0.00432196871484978));
#2984=CARTESIAN_POINT('',(-0.0108738884461714,0.00462554202676546,0.00435021598942171));
#2985=CARTESIAN_POINT('',(-0.01097356390174,0.0045248095576119,0.00441007018837248));
#2986=CARTESIAN_POINT('',(-0.0112342133549297,0.00426700655049623,0.00450313303770688));
#2987=CARTESIAN_POINT('',(-0.0113938540959722,0.00410614590430293,0.0045));
#2988=CARTESIAN_POINT('',(-0.0115,0.004,0.0045));
#2989=CARTESIAN_POINT('',(-0.010476,0.004,0.0045));
#2990=CARTESIAN_POINT('',(-0.014524,0.004,0.0045));
#2991=CARTESIAN_POINT('',(-0.010476,0.00415,0.0045));
#2992=CARTESIAN_POINT('',(-0.014524,0.00415,0.0045));
#2993=CARTESIAN_POINT('',(-0.010476,0.0043,0.0045));
#2994=CARTESIAN_POINT('',(-0.014524,0.0043,0.0045));
#2995=CARTESIAN_POINT('',(-0.010476,0.00466666666666667,0.0044));
#2996=CARTESIAN_POINT('',(-0.014524,0.00466666666666667,0.0044));
#2997=CARTESIAN_POINT('',(-0.010476,0.0049,0.00416666666666667));
#2998=CARTESIAN_POINT('',(-0.014524,0.0049,0.00416666666666667));
#2999=CARTESIAN_POINT('',(-0.010476,0.005,0.00379999999999999));
#3000=CARTESIAN_POINT('',(-0.014524,0.005,0.00379999999999999));
#3001=CARTESIAN_POINT('',(-0.010476,0.005,0.00364999999999999));
#3002=CARTESIAN_POINT('',(-0.014524,0.005,0.00364999999999999));
#3003=CARTESIAN_POINT('',(-0.010476,0.005,0.0035));
#3004=CARTESIAN_POINT('',(-0.014524,0.005,0.0035));
#3005=CARTESIAN_POINT('',(-0.0145,0.005,0.0035));
#3006=CARTESIAN_POINT('',(-0.0145,0.005,0.00368506495839098));
#3007=CARTESIAN_POINT('',(-0.0144693786875849,0.00496938457685159,0.00391717207973742));
#3008=CARTESIAN_POINT('',(-0.0143491105193886,0.00484910266703299,0.00413571007508651));
#3009=CARTESIAN_POINT('',(-0.0142622608700198,0.00476236394184124,0.0042421992895588));
#3010=CARTESIAN_POINT('',(-0.014169488690531,0.00466932054080957,0.00432196871484907));
#3011=CARTESIAN_POINT('',(-0.014125542026753,0.00462611155381745,0.00435021598942288));
#3012=CARTESIAN_POINT('',(-0.014024809557663,0.00452643609830819,0.00441007018837339));
#3013=CARTESIAN_POINT('',(-0.0137670065498666,0.004265786644483,0.00450313303770621));
#3014=CARTESIAN_POINT('',(-0.013606145907006,0.00410614590654736,0.0045));
#3015=CARTESIAN_POINT('',(-0.0135,0.00400000000000003,0.0045));
#3016=CARTESIAN_POINT('',(-0.0135,0.00501800000000012,0.0045));
#3017=CARTESIAN_POINT('',(-0.0135,0.00199999999999994,0.0045));
#3018=CARTESIAN_POINT('',(-0.01365,0.00501800000000012,0.0045));
#3019=CARTESIAN_POINT('',(-0.01365,0.00199999999999994,0.0045));
#3020=CARTESIAN_POINT('',(-0.0138,0.00501800000000012,0.0045));
#3021=CARTESIAN_POINT('',(-0.0138,0.00199999999999994,0.0045));
#3022=CARTESIAN_POINT('',(-0.0141666666666667,0.00501800000000012,0.0044));
#3023=CARTESIAN_POINT('',(-0.0141666666666667,0.00199999999999994,0.0044));
#3024=CARTESIAN_POINT('',(-0.0144,0.00501800000000012,0.00416666666666667));
#3025=CARTESIAN_POINT('',(-0.0144,0.00199999999999994,0.00416666666666667));
#3026=CARTESIAN_POINT('',(-0.0145,0.00501800000000012,0.0038));
#3027=CARTESIAN_POINT('',(-0.0145,0.00199999999999994,0.0038));
#3028=CARTESIAN_POINT('',(-0.0145,0.00501800000000012,0.00365));
#3029=CARTESIAN_POINT('',(-0.0145,0.00199999999999994,0.00365));
#3030=CARTESIAN_POINT('',(-0.0145,0.00501800000000012,0.0035));
#3031=CARTESIAN_POINT('',(-0.0145,0.00199999999999994,0.0035));
#3032=CARTESIAN_POINT('',(0.00888538624346256,0.0349044219255447,0.005));
#3033=CARTESIAN_POINT('',(0.00888538624346256,0.0349044219255447,0.002));
#3034=CARTESIAN_POINT('',(0.00888538624346257,0.0211544219255447,0.002));
#3035=CARTESIAN_POINT('',(0.00888538624346256,0.0396544219255447,0.002));
#3036=CARTESIAN_POINT('',(0.00888538624346257,0.0211544219255447,0.005));
#3037=CARTESIAN_POINT('',(0.00888538624346257,0.0211544219255447,0.005));
#3038=CARTESIAN_POINT('',(0.00888538624346256,0.0349044219255447,0.005));
#3039=CARTESIAN_POINT('',(0.00888538624346256,0.0396544219255447,0.005));
#3040=CARTESIAN_POINT('',(0.00888538624346256,0.0396544219255447,0.005));
#3041=CARTESIAN_POINT('',(0.000885386243462565,0.0211544219255447,0.005));
#3042=CARTESIAN_POINT('',(0.000885386243462565,0.0211544219255447,0.002));
#3043=CARTESIAN_POINT('',(-0.00711461375653744,0.0211544219255447,0.002));
#3044=CARTESIAN_POINT('',(-0.00711461375653744,0.0211544219255447,0.005));
#3045=CARTESIAN_POINT('',(-0.00711461375653744,0.0211544219255447,0.005));
#3046=CARTESIAN_POINT('',(0.000885386243462565,0.0211544219255447,0.005));
#3047=CARTESIAN_POINT('',(-0.00711461375653744,0.0304044219255447,0.005));
#3048=CARTESIAN_POINT('',(-0.00711461375653744,0.0304044219255447,0.002));
#3049=CARTESIAN_POINT('',(-0.00711461375653744,0.0396544219255447,0.002));
#3050=CARTESIAN_POINT('',(-0.00711461375653744,0.0396544219255447,0.005));
#3051=CARTESIAN_POINT('',(-0.00711461375653744,0.0396544219255447,0.005));
#3052=CARTESIAN_POINT('',(-0.00711461375653744,0.0304044219255447,0.005));
#3053=CARTESIAN_POINT('',(0.0108853862434626,0.0201544219255447,0.005));
#3054=CARTESIAN_POINT('',(0.0108853862434626,0.0421544219255447,0.005));
#3055=CARTESIAN_POINT('',(0.0108853862434626,0.0421544219255447,0.005));
#3056=CARTESIAN_POINT('',(0.0108853862434626,0.0201544219255447,0.005));
#3057=CARTESIAN_POINT('',(0.0108853862434626,0.0191544219255447,0.005));
#3058=CARTESIAN_POINT('',(0.0108853862434626,0.0191544219255447,0.005));
#3059=CARTESIAN_POINT('',(0.000885386243462561,0.0421544219255447,0.005));
#3060=CARTESIAN_POINT('',(-0.00911461375653744,0.0421544219255447,0.005));
#3061=CARTESIAN_POINT('',(-0.00911461375653744,0.0421544219255447,0.005));
#3062=CARTESIAN_POINT('',(0.000885386243462561,0.0421544219255447,0.005));
#3063=CARTESIAN_POINT('',(-0.00911461375653744,0.0306544219255447,0.005));
#3064=CARTESIAN_POINT('',(-0.00911461375653744,0.0191544219255447,0.005));
#3065=CARTESIAN_POINT('',(-0.00911461375653744,0.0191544219255447,0.005));
#3066=CARTESIAN_POINT('',(-0.00911461375653744,0.0306544219255447,0.005));
#3067=CARTESIAN_POINT('',(0.000885386243462565,0.0191544219255447,0.005));
#3068=CARTESIAN_POINT('',(0.000885386243462565,0.0191544219255447,0.005));
#3069=CARTESIAN_POINT('',(0.000885386243462559,0.0396544219255447,0.005));
#3070=CARTESIAN_POINT('',(0.000885386243462559,0.0396544219255447,0.002));
#3071=CARTESIAN_POINT('',(0.000885386243462559,0.0396544219255447,0.005));
#3072=CARTESIAN_POINT('',(0.,0.029475,0.005));
#3073=CARTESIAN_POINT('',(1.7347234759768E-18,0.057,0.002));
#3074=MECHANICAL_DESIGN_GEOMETRIC_PRESENTATION_REPRESENTATION('',(#1521),
#3075);
#3075=(
GEOMETRIC_REPRESENTATION_CONTEXT(3)
GLOBAL_UNCERTAINTY_ASSIGNED_CONTEXT((#3076))
GLOBAL_UNIT_ASSIGNED_CONTEXT((#3079,#3078,#3077))
REPRESENTATION_CONTEXT('dc_motor_holder','TOP_LEVEL_ASSEMBLY_PART')
);
#3076=UNCERTAINTY_MEASURE_WITH_UNIT(LENGTH_MEASURE(2.E-5),#3079,
'DISTANCE_ACCURACY_VALUE','Maximum Tolerance applied to model');
#3077=(
NAMED_UNIT(*)
SI_UNIT($,.STERADIAN.)
SOLID_ANGLE_UNIT()
);
#3078=(
NAMED_UNIT(*)
PLANE_ANGLE_UNIT()
SI_UNIT($,.RADIAN.)
);
#3079=(
LENGTH_UNIT()
NAMED_UNIT(*)
SI_UNIT($,.METRE.)
);
#3080=PRODUCT_DEFINITION_SHAPE('','',#3081);
#3081=PRODUCT_DEFINITION('','',#3083,#3082);
#3082=PRODUCT_DEFINITION_CONTEXT('',#3089,'design');
#3083=PRODUCT_DEFINITION_FORMATION_WITH_SPECIFIED_SOURCE('','',#3085,
 .NOT_KNOWN.);
#3084=PRODUCT_RELATED_PRODUCT_CATEGORY('','',(#3085));
#3085=PRODUCT('dc_motor_holder','dc_motor_holder','dc_motor_holder',(#3087));
#3086=PRODUCT_CATEGORY('','');
#3087=PRODUCT_CONTEXT('',#3089,'mechanical');
#3088=APPLICATION_PROTOCOL_DEFINITION('international standard',
'ap242_managed_model_based_3d_engineering',2020,#3089);
#3089=APPLICATION_CONTEXT('managed model based 3d engineering');
ENDSEC;
END-ISO-10303-21;
