ISO-10303-21;
HEADER;
/* Generated by software containing ST-Developer
 * from STEP Tools, Inc. (www.steptools.com) 
 */
/* OPTION: using custom renumber hook */

FILE_DESCRIPTION(
/* description */ ('STEP AP242 Edition 2',
'CAx-IF Rec.Pracs.---Representation and Presentation of Product Manufa
cturing Information (PMI)---4.0---2014-10-13',
'CAx-IF Rec.Pracs.---3D Tessellated Geometry---0.4---2014-09-14','2;1',
'CAx-IF Rec.Pracs.---User Defined Attributes---1.5---2016-08-15'),
/* implementation_level */ '2;1');

FILE_NAME(
/* name */ 'Assembly 1 - servo_holder',
/* time_stamp */ '2026-08-18T11:49:10Z',
/* author */ (''),
/* organization */ (''),
/* preprocessor_version */ 'ST-DEVELOPER v20',
/* originating_system */ 'ONSHAPE BY PTC INC, 1.219',
/* authorisation */ '  ');

FILE_SCHEMA (('AP242_MANAGED_MODEL_BASED_3D_ENGINEERING_MIM_LF { 1 0 10303 442 3 1 4 }'));
ENDSEC;

DATA;
#10=SHAPE_REPRESENTATION_RELATIONSHIP('','',#936,#11);
#11=ADVANCED_BREP_SHAPE_REPRESENTATION('',(#934),#2149);
#12=B_SPLINE_SURFACE_WITH_KNOTS('',5,1,((#1507,#1508),(#1509,#1510),(#1511,
#1512),(#1513,#1514),(#1515,#1516),(#1517,#1518),(#1519,#1520),(#1521,#1522)),
 .SURF_OF_LINEAR_EXTRUSION.,.F.,.F.,.F.,(6,2,6),(2,2),(0.,0.5,1.),(0.,1.),
 .UNSPECIFIED.);
#13=B_SPLINE_SURFACE_WITH_KNOTS('',5,1,((#1523,#1524),(#1525,#1526),(#1527,
#1528),(#1529,#1530),(#1531,#1532),(#1533,#1534),(#1535,#1536),(#1537,#1538)),
 .SURF_OF_LINEAR_EXTRUSION.,.F.,.F.,.F.,(6,2,6),(2,2),(0.,0.5,1.),(0.,1.),
 .UNSPECIFIED.);
#14=B_SPLINE_SURFACE_WITH_KNOTS('',5,1,((#1539,#1540),(#1541,#1542),(#1543,
#1544),(#1545,#1546),(#1547,#1548),(#1549,#1550),(#1551,#1552),(#1553,#1554)),
 .SURF_OF_LINEAR_EXTRUSION.,.F.,.F.,.F.,(6,2,6),(2,2),(0.,0.5,1.),(0.,1.),
 .UNSPECIFIED.);
#15=B_SPLINE_SURFACE_WITH_KNOTS('',5,1,((#1575,#1576),(#1577,#1578),(#1579,
#1580),(#1581,#1582),(#1583,#1584),(#1585,#1586),(#1587,#1588),(#1589,#1590)),
 .SURF_OF_LINEAR_EXTRUSION.,.F.,.F.,.F.,(6,2,6),(2,2),(0.,0.5,1.),(0.,1.),
 .UNSPECIFIED.);
#16=B_SPLINE_SURFACE_WITH_KNOTS('',5,1,((#1598,#1599),(#1600,#1601),(#1602,
#1603),(#1604,#1605),(#1606,#1607),(#1608,#1609),(#1610,#1611),(#1612,#1613)),
 .SURF_OF_LINEAR_EXTRUSION.,.F.,.F.,.F.,(6,2,6),(2,2),(0.,0.5,1.),(0.,1.),
 .UNSPECIFIED.);
#17=B_SPLINE_SURFACE_WITH_KNOTS('',5,1,((#1621,#1622),(#1623,#1624),(#1625,
#1626),(#1627,#1628),(#1629,#1630),(#1631,#1632),(#1633,#1634),(#1635,#1636)),
 .SURF_OF_LINEAR_EXTRUSION.,.F.,.F.,.F.,(6,2,6),(2,2),(0.,0.5,1.),(0.,1.),
 .UNSPECIFIED.);
#18=B_SPLINE_SURFACE_WITH_KNOTS('',5,1,((#1667,#1668),(#1669,#1670),(#1671,
#1672),(#1673,#1674),(#1675,#1676),(#1677,#1678),(#1679,#1680),(#1681,#1682)),
 .SURF_OF_LINEAR_EXTRUSION.,.F.,.F.,.F.,(6,2,6),(2,2),(0.,0.5,1.),(0.,1.),
 .UNSPECIFIED.);
#19=B_SPLINE_SURFACE_WITH_KNOTS('',3,3,((#1690,#1691,#1692,#1693,#1694,
#1695,#1696,#1697,#1698,#1699,#1700,#1701,#1702,#1703),(#1704,#1705,#1706,
#1707,#1708,#1709,#1710,#1711,#1712,#1713,#1714,#1715,#1716,#1717),(#1718,
#1719,#1720,#1721,#1722,#1723,#1724,#1725,#1726,#1727,#1728,#1729,#1730,
#1731),(#1732,#1733,#1734,#1735,#1736,#1737,#1738,#1739,#1740,#1741,#1742,
#1743,#1744,#1745),(#1746,#1747,#1748,#1749,#1750,#1751,#1752,#1753,#1754,
#1755,#1756,#1757,#1758,#1759),(#1760,#1761,#1762,#1763,#1764,#1765,#1766,
#1767,#1768,#1769,#1770,#1771,#1772,#1773),(#1774,#1775,#1776,#1777,#1778,
#1779,#1780,#1781,#1782,#1783,#1784,#1785,#1786,#1787),(#1788,#1789,#1790,
#1791,#1792,#1793,#1794,#1795,#1796,#1797,#1798,#1799,#1800,#1801),(#1802,
#1803,#1804,#1805,#1806,#1807,#1808,#1809,#1810,#1811,#1812,#1813,#1814,
#1815),(#1816,#1817,#1818,#1819,#1820,#1821,#1822,#1823,#1824,#1825,#1826,
#1827,#1828,#1829),(#1830,#1831,#1832,#1833,#1834,#1835,#1836,#1837,#1838,
#1839,#1840,#1841,#1842,#1843),(#1844,#1845,#1846,#1847,#1848,#1849,#1850,
#1851,#1852,#1853,#1854,#1855,#1856,#1857),(#1858,#1859,#1860,#1861,#1862,
#1863,#1864,#1865,#1866,#1867,#1868,#1869,#1870,#1871),(#1872,#1873,#1874,
#1875,#1876,#1877,#1878,#1879,#1880,#1881,#1882,#1883,#1884,#1885)),
 .UNSPECIFIED.,.F.,.F.,.F.,(4,1,1,1,1,1,1,1,1,1,1,4),(4,1,1,1,1,1,1,1,1,
1,1,4),(-0.00124974202309387,-0.000975579705542113,-0.000701417387990359,
-0.000427255070438606,-0.000153092752886853,-1.60115941109764E-5,0.0001210695646649,
0.000258150723440777,0.000395231882216654,0.00053231304099253,0.000669394199768407,
0.00092980411401489),(-0.00108697839307236,-0.00095127117993712,-0.000815563966801877,
-0.000679856753666635,-0.000544149540531393,-0.000272735114260908,-1.32068799042285E-6,
0.000270093738280062,0.000405800951415305,0.000541508164550547,0.000812922590821032,
0.00108433701709152),.UNSPECIFIED.);
#20=B_SPLINE_SURFACE_WITH_KNOTS('',3,3,((#1886,#1887,#1888,#1889,#1890,
#1891,#1892,#1893,#1894,#1895,#1896,#1897,#1898,#1899),(#1900,#1901,#1902,
#1903,#1904,#1905,#1906,#1907,#1908,#1909,#1910,#1911,#1912,#1913),(#1914,
#1915,#1916,#1917,#1918,#1919,#1920,#1921,#1922,#1923,#1924,#1925,#1926,
#1927),(#1928,#1929,#1930,#1931,#1932,#1933,#1934,#1935,#1936,#1937,#1938,
#1939,#1940,#1941),(#1942,#1943,#1944,#1945,#1946,#1947,#1948,#1949,#1950,
#1951,#1952,#1953,#1954,#1955),(#1956,#1957,#1958,#1959,#1960,#1961,#1962,
#1963,#1964,#1965,#1966,#1967,#1968,#1969),(#1970,#1971,#1972,#1973,#1974,
#1975,#1976,#1977,#1978,#1979,#1980,#1981,#1982,#1983),(#1984,#1985,#1986,
#1987,#1988,#1989,#1990,#1991,#1992,#1993,#1994,#1995,#1996,#1997),(#1998,
#1999,#2000,#2001,#2002,#2003,#2004,#2005,#2006,#2007,#2008,#2009,#2010,
#2011),(#2012,#2013,#2014,#2015,#2016,#2017,#2018,#2019,#2020,#2021,#2022,
#2023,#2024,#2025),(#2026,#2027,#2028,#2029,#2030,#2031,#2032,#2033,#2034,
#2035,#2036,#2037,#2038,#2039),(#2040,#2041,#2042,#2043,#2044,#2045,#2046,
#2047,#2048,#2049,#2050,#2051,#2052,#2053),(#2054,#2055,#2056,#2057,#2058,
#2059,#2060,#2061,#2062,#2063,#2064,#2065,#2066,#2067),(#2068,#2069,#2070,
#2071,#2072,#2073,#2074,#2075,#2076,#2077,#2078,#2079,#2080,#2081),(#2082,
#2083,#2084,#2085,#2086,#2087,#2088,#2089,#2090,#2091,#2092,#2093,#2094,
#2095),(#2096,#2097,#2098,#2099,#2100,#2101,#2102,#2103,#2104,#2105,#2106,
#2107,#2108,#2109),(#2110,#2111,#2112,#2113,#2114,#2115,#2116,#2117,#2118,
#2119,#2120,#2121,#2122,#2123),(#2124,#2125,#2126,#2127,#2128,#2129,#2130,
#2131,#2132,#2133,#2134,#2135,#2136,#2137)),.UNSPECIFIED.,.F.,.F.,.F.,(4,
1,1,1,1,1,1,1,1,1,1,1,1,1,1,4),(4,1,1,1,1,1,1,1,1,1,1,4),(-0.00124974202309386,
-0.000975579705542117,-0.00070141738799037,-0.000427255070438622,-0.000153092752886874,
-1.60115941109998E-5,0.000121069564664874,0.000258150723440748,0.000395231882216622,
0.000463772461604559,0.000532313040992496,0.000600853620380433,0.00066939419976837,
0.000737934779156307,0.000806475358544244,0.000929884455756599),(-0.00108433701709132,
-0.000948629803956082,-0.000812922590820841,-0.0006772153776856,-0.000541508164550359,
-0.000405800951415118,-0.000270093738279877,1.32068799060499E-6,0.000272735114261087,
0.000544149540531569,0.000815563966802051,0.00108697839307253),
 .UNSPECIFIED.);
#21=CYLINDRICAL_SURFACE('',#955,0.0015);
#22=CYLINDRICAL_SURFACE('',#958,0.0015);
#23=CYLINDRICAL_SURFACE('',#961,0.0015);
#24=CYLINDRICAL_SURFACE('',#964,0.0015);
#25=CYLINDRICAL_SURFACE('',#975,0.001);
#26=CYLINDRICAL_SURFACE('',#978,0.001);
#27=CIRCLE('',#950,0.0015);
#28=CIRCLE('',#951,0.0015);
#29=CIRCLE('',#953,0.0015);
#30=CIRCLE('',#954,0.0015);
#31=CIRCLE('',#956,0.0015);
#32=CIRCLE('',#959,0.0015);
#33=CIRCLE('',#962,0.0015);
#34=CIRCLE('',#965,0.0015);
#35=CIRCLE('',#971,0.001);
#36=CIRCLE('',#972,0.001);
#37=CIRCLE('',#974,0.001);
#38=CIRCLE('',#977,0.001);
#39=B_SPLINE_CURVE_WITH_KNOTS('',3,(#1187,#1188,#1189,#1190),
 .UNSPECIFIED.,.F.,.F.,(4,4),(0.,1.),.UNSPECIFIED.);
#40=B_SPLINE_CURVE_WITH_KNOTS('',3,(#1194,#1195,#1196,#1197),
 .UNSPECIFIED.,.F.,.F.,(4,4),(0.,1.),.UNSPECIFIED.);
#41=B_SPLINE_CURVE_WITH_KNOTS('',3,(#1201,#1202,#1203,#1204),
 .UNSPECIFIED.,.F.,.F.,(4,4),(0.,1.),.UNSPECIFIED.);
#42=B_SPLINE_CURVE_WITH_KNOTS('',3,(#1206,#1207,#1208,#1209),
 .UNSPECIFIED.,.F.,.F.,(4,4),(0.,1.),.UNSPECIFIED.);
#43=B_SPLINE_CURVE_WITH_KNOTS('',3,(#1211,#1212,#1213,#1214),
 .UNSPECIFIED.,.F.,.F.,(4,4),(0.,1.),.UNSPECIFIED.);
#44=B_SPLINE_CURVE_WITH_KNOTS('',3,(#1262,#1263,#1264,#1265),
 .UNSPECIFIED.,.F.,.F.,(4,4),(0.15629296875,1.),.UNSPECIFIED.);
#45=B_SPLINE_CURVE_WITH_KNOTS('',3,(#1280,#1281,#1282,#1283),
 .UNSPECIFIED.,.F.,.F.,(4,4),(0.,0.84370703125),.UNSPECIFIED.);
#46=B_SPLINE_CURVE_WITH_KNOTS('',3,(#1292,#1293,#1294,#1295),
 .UNSPECIFIED.,.F.,.F.,(4,4),(0.,1.),.UNSPECIFIED.);
#47=B_SPLINE_CURVE_WITH_KNOTS('',3,(#1308,#1309,#1310,#1311),
 .UNSPECIFIED.,.F.,.F.,(4,4),(0.,1.),.UNSPECIFIED.);
#48=B_SPLINE_CURVE_WITH_KNOTS('',3,(#1313,#1314,#1315,#1316),
 .UNSPECIFIED.,.F.,.F.,(4,4),(0.,1.),.UNSPECIFIED.);
#49=B_SPLINE_CURVE_WITH_KNOTS('',3,(#1318,#1319,#1320,#1321),
 .UNSPECIFIED.,.F.,.F.,(4,4),(0.,1.),.UNSPECIFIED.);
#50=B_SPLINE_CURVE_WITH_KNOTS('',3,(#1323,#1324,#1325,#1326),
 .UNSPECIFIED.,.F.,.F.,(4,4),(0.,1.),.UNSPECIFIED.);
#51=B_SPLINE_CURVE_WITH_KNOTS('',3,(#1341,#1342,#1343,#1344),
 .UNSPECIFIED.,.F.,.F.,(4,4),(0.,1.),.UNSPECIFIED.);
#52=B_SPLINE_CURVE_WITH_KNOTS('',3,(#1347,#1348,#1349,#1350),
 .UNSPECIFIED.,.F.,.F.,(4,4),(0.,1.),.UNSPECIFIED.);
#53=B_SPLINE_CURVE_WITH_KNOTS('',3,(#1357,#1358,#1359,#1360),
 .UNSPECIFIED.,.F.,.F.,(4,4),(0.,1.),.UNSPECIFIED.);
#54=B_SPLINE_CURVE_WITH_KNOTS('',3,(#1366,#1367,#1368,#1369,#1370,#1371,
#1372),.UNSPECIFIED.,.F.,.F.,(4,1,1,1,4),(0.,0.000606517346894788,0.00121303469378958,
0.00181955204068437,0.00242606938757915),.UNSPECIFIED.);
#55=B_SPLINE_CURVE_WITH_KNOTS('',3,(#1387,#1388,#1389,#1390),
 .UNSPECIFIED.,.F.,.F.,(4,4),(0.,1.),.UNSPECIFIED.);
#56=B_SPLINE_CURVE_WITH_KNOTS('',3,(#1391,#1392,#1393,#1394,#1395,#1396,
#1397),.UNSPECIFIED.,.F.,.F.,(4,1,1,1,4),(0.,0.000606517346894787,0.00121303469378957,
0.00181955204068436,0.00242606938757915),.UNSPECIFIED.);
#57=B_SPLINE_CURVE_WITH_KNOTS('',3,(#1439,#1440,#1441,#1442),
 .UNSPECIFIED.,.F.,.F.,(4,4),(0.,1.),.UNSPECIFIED.);
#58=B_SPLINE_CURVE_WITH_KNOTS('',3,(#1450,#1451,#1452,#1453),
 .UNSPECIFIED.,.F.,.F.,(4,4),(0.,1.),.UNSPECIFIED.);
#59=B_SPLINE_CURVE_WITH_KNOTS('',3,(#1481,#1482,#1483,#1484,#1485,#1486,
#1487),.UNSPECIFIED.,.F.,.F.,(4,1,1,1,4),(0.,0.000606517346894788,0.00121303469378958,
0.00181955204068436,0.00242606938757915),.UNSPECIFIED.);
#60=B_SPLINE_CURVE_WITH_KNOTS('',3,(#1490,#1491,#1492,#1493,#1494,#1495,
#1496),.UNSPECIFIED.,.F.,.F.,(4,1,1,1,4),(0.,0.000606517346894791,0.00121303469378958,
0.00181955204068437,0.00242606938757916),.UNSPECIFIED.);
#61=B_SPLINE_CURVE_WITH_KNOTS('',3,(#1498,#1499,#1500,#1501),
 .UNSPECIFIED.,.F.,.F.,(4,4),(0.,1.),.UNSPECIFIED.);
#62=B_SPLINE_CURVE_WITH_KNOTS('',3,(#1503,#1504,#1505,#1506),
 .UNSPECIFIED.,.F.,.F.,(4,4),(0.,1.),.UNSPECIFIED.);
#63=B_SPLINE_CURVE_WITH_KNOTS('',3,(#1555,#1556,#1557,#1558,#1559,#1560,
#1561,#1562,#1563,#1564,#1565,#1566,#1567,#1568,#1569,#1570,#1571,#1572,
#1573,#1574),.UNSPECIFIED.,.F.,.F.,(4,1,1,1,1,1,1,1,1,1,1,1,1,1,1,1,1,4),
(0.,0.0625,0.125,0.1875,0.25,0.3125,0.375,0.4375,0.5,0.5625,0.625,0.75,
0.8125,0.84375,0.875,0.90625,0.9375,1.),.UNSPECIFIED.);
#64=B_SPLINE_CURVE_WITH_KNOTS('',3,(#1591,#1592,#1593,#1594,#1595,#1596,
#1597),.UNSPECIFIED.,.F.,.F.,(4,1,1,1,4),(0.,0.25,0.5,0.75,1.),
 .UNSPECIFIED.);
#65=B_SPLINE_CURVE_WITH_KNOTS('',3,(#1614,#1615,#1616,#1617,#1618,#1619,
#1620),.UNSPECIFIED.,.F.,.F.,(4,1,1,1,4),(0.,0.25,0.5,0.75,1.),
 .UNSPECIFIED.);
#66=B_SPLINE_CURVE_WITH_KNOTS('',3,(#1637,#1638,#1639,#1640,#1641,#1642,
#1643),.UNSPECIFIED.,.F.,.F.,(4,1,1,1,4),(0.,0.25,0.5,0.75,1.),
 .UNSPECIFIED.);
#67=B_SPLINE_CURVE_WITH_KNOTS('',3,(#1644,#1645,#1646,#1647,#1648,#1649,
#1650,#1651,#1652,#1653,#1654,#1655,#1656,#1657,#1658,#1659,#1660,#1661,
#1662,#1663,#1664,#1665,#1666),.UNSPECIFIED.,.F.,.F.,(4,1,1,1,1,1,1,1,1,
1,1,1,1,1,1,1,1,1,1,1,4),(0.,0.0625,0.125,0.1875,0.21875,0.25,0.3125,0.34375,
0.375,0.40625,0.4375,0.5,0.5625,0.625,0.6875,0.75,0.8125,0.875,0.90625,
0.9375,1.),.UNSPECIFIED.);
#68=B_SPLINE_CURVE_WITH_KNOTS('',3,(#1683,#1684,#1685,#1686,#1687,#1688,
#1689),.UNSPECIFIED.,.F.,.F.,(4,1,1,1,4),(0.,0.25,0.5,0.75,1.),
 .UNSPECIFIED.);
#69=ORIENTED_EDGE('',*,*,#331,.F.);
#70=ORIENTED_EDGE('',*,*,#332,.T.);
#71=ORIENTED_EDGE('',*,*,#333,.T.);
#72=ORIENTED_EDGE('',*,*,#334,.T.);
#73=ORIENTED_EDGE('',*,*,#335,.T.);
#74=ORIENTED_EDGE('',*,*,#336,.T.);
#75=ORIENTED_EDGE('',*,*,#337,.T.);
#76=ORIENTED_EDGE('',*,*,#338,.T.);
#77=ORIENTED_EDGE('',*,*,#339,.T.);
#78=ORIENTED_EDGE('',*,*,#340,.T.);
#79=ORIENTED_EDGE('',*,*,#341,.F.);
#80=ORIENTED_EDGE('',*,*,#342,.F.);
#81=ORIENTED_EDGE('',*,*,#343,.F.);
#82=ORIENTED_EDGE('',*,*,#344,.T.);
#83=ORIENTED_EDGE('',*,*,#345,.F.);
#84=ORIENTED_EDGE('',*,*,#346,.F.);
#85=ORIENTED_EDGE('',*,*,#347,.F.);
#86=ORIENTED_EDGE('',*,*,#348,.F.);
#87=ORIENTED_EDGE('',*,*,#349,.T.);
#88=ORIENTED_EDGE('',*,*,#350,.F.);
#89=ORIENTED_EDGE('',*,*,#351,.F.);
#90=ORIENTED_EDGE('',*,*,#352,.T.);
#91=ORIENTED_EDGE('',*,*,#353,.T.);
#92=ORIENTED_EDGE('',*,*,#354,.T.);
#93=ORIENTED_EDGE('',*,*,#355,.T.);
#94=ORIENTED_EDGE('',*,*,#356,.T.);
#95=ORIENTED_EDGE('',*,*,#357,.F.);
#96=ORIENTED_EDGE('',*,*,#358,.F.);
#97=ORIENTED_EDGE('',*,*,#359,.F.);
#98=ORIENTED_EDGE('',*,*,#360,.T.);
#99=ORIENTED_EDGE('',*,*,#361,.T.);
#100=ORIENTED_EDGE('',*,*,#362,.T.);
#101=ORIENTED_EDGE('',*,*,#363,.T.);
#102=ORIENTED_EDGE('',*,*,#364,.T.);
#103=ORIENTED_EDGE('',*,*,#349,.F.);
#104=ORIENTED_EDGE('',*,*,#365,.F.);
#105=ORIENTED_EDGE('',*,*,#366,.T.);
#106=ORIENTED_EDGE('',*,*,#367,.T.);
#107=ORIENTED_EDGE('',*,*,#353,.F.);
#108=ORIENTED_EDGE('',*,*,#368,.T.);
#109=ORIENTED_EDGE('',*,*,#369,.T.);
#110=ORIENTED_EDGE('',*,*,#370,.T.);
#111=ORIENTED_EDGE('',*,*,#371,.F.);
#112=ORIENTED_EDGE('',*,*,#372,.T.);
#113=ORIENTED_EDGE('',*,*,#373,.T.);
#114=ORIENTED_EDGE('',*,*,#374,.F.);
#115=ORIENTED_EDGE('',*,*,#375,.T.);
#116=ORIENTED_EDGE('',*,*,#376,.F.);
#117=ORIENTED_EDGE('',*,*,#377,.F.);
#118=ORIENTED_EDGE('',*,*,#378,.T.);
#119=ORIENTED_EDGE('',*,*,#379,.T.);
#120=ORIENTED_EDGE('',*,*,#380,.T.);
#121=ORIENTED_EDGE('',*,*,#345,.T.);
#122=ORIENTED_EDGE('',*,*,#381,.T.);
#123=ORIENTED_EDGE('',*,*,#382,.T.);
#124=ORIENTED_EDGE('',*,*,#383,.F.);
#125=ORIENTED_EDGE('',*,*,#384,.F.);
#126=ORIENTED_EDGE('',*,*,#385,.F.);
#127=ORIENTED_EDGE('',*,*,#343,.T.);
#128=ORIENTED_EDGE('',*,*,#386,.F.);
#129=ORIENTED_EDGE('',*,*,#387,.F.);
#130=ORIENTED_EDGE('',*,*,#388,.T.);
#131=ORIENTED_EDGE('',*,*,#347,.T.);
#132=ORIENTED_EDGE('',*,*,#389,.F.);
#133=ORIENTED_EDGE('',*,*,#390,.T.);
#134=ORIENTED_EDGE('',*,*,#391,.T.);
#135=ORIENTED_EDGE('',*,*,#351,.T.);
#136=ORIENTED_EDGE('',*,*,#392,.F.);
#137=ORIENTED_EDGE('',*,*,#348,.T.);
#138=ORIENTED_EDGE('',*,*,#388,.F.);
#139=ORIENTED_EDGE('',*,*,#393,.F.);
#140=ORIENTED_EDGE('',*,*,#365,.T.);
#141=ORIENTED_EDGE('',*,*,#354,.F.);
#142=ORIENTED_EDGE('',*,*,#367,.F.);
#143=ORIENTED_EDGE('',*,*,#394,.T.);
#144=ORIENTED_EDGE('',*,*,#386,.T.);
#145=ORIENTED_EDGE('',*,*,#335,.F.);
#146=ORIENTED_EDGE('',*,*,#395,.T.);
#147=ORIENTED_EDGE('',*,*,#396,.F.);
#148=ORIENTED_EDGE('',*,*,#397,.T.);
#149=ORIENTED_EDGE('',*,*,#371,.T.);
#150=ORIENTED_EDGE('',*,*,#398,.F.);
#151=ORIENTED_EDGE('',*,*,#389,.T.);
#152=ORIENTED_EDGE('',*,*,#346,.T.);
#153=ORIENTED_EDGE('',*,*,#383,.T.);
#154=ORIENTED_EDGE('',*,*,#399,.T.);
#155=ORIENTED_EDGE('',*,*,#400,.T.);
#156=ORIENTED_EDGE('',*,*,#401,.T.);
#157=ORIENTED_EDGE('',*,*,#402,.T.);
#158=ORIENTED_EDGE('',*,*,#403,.F.);
#159=ORIENTED_EDGE('',*,*,#404,.F.);
#160=ORIENTED_EDGE('',*,*,#359,.T.);
#161=ORIENTED_EDGE('',*,*,#405,.F.);
#162=ORIENTED_EDGE('',*,*,#406,.F.);
#163=ORIENTED_EDGE('',*,*,#407,.T.);
#164=ORIENTED_EDGE('',*,*,#331,.T.);
#165=ORIENTED_EDGE('',*,*,#408,.T.);
#166=ORIENTED_EDGE('',*,*,#392,.T.);
#167=ORIENTED_EDGE('',*,*,#350,.T.);
#168=ORIENTED_EDGE('',*,*,#364,.F.);
#169=ORIENTED_EDGE('',*,*,#409,.F.);
#170=ORIENTED_EDGE('',*,*,#410,.F.);
#171=ORIENTED_EDGE('',*,*,#411,.T.);
#172=ORIENTED_EDGE('',*,*,#412,.F.);
#173=ORIENTED_EDGE('',*,*,#413,.F.);
#174=ORIENTED_EDGE('',*,*,#414,.T.);
#175=ORIENTED_EDGE('',*,*,#415,.T.);
#176=ORIENTED_EDGE('',*,*,#400,.F.);
#177=ORIENTED_EDGE('',*,*,#413,.T.);
#178=ORIENTED_EDGE('',*,*,#403,.T.);
#179=ORIENTED_EDGE('',*,*,#416,.F.);
#180=ORIENTED_EDGE('',*,*,#417,.F.);
#181=ORIENTED_EDGE('',*,*,#418,.F.);
#182=ORIENTED_EDGE('',*,*,#419,.T.);
#183=ORIENTED_EDGE('',*,*,#416,.T.);
#184=ORIENTED_EDGE('',*,*,#402,.F.);
#185=ORIENTED_EDGE('',*,*,#415,.F.);
#186=ORIENTED_EDGE('',*,*,#420,.T.);
#187=ORIENTED_EDGE('',*,*,#418,.T.);
#188=ORIENTED_EDGE('',*,*,#401,.F.);
#189=ORIENTED_EDGE('',*,*,#421,.T.);
#190=ORIENTED_EDGE('',*,*,#410,.T.);
#191=ORIENTED_EDGE('',*,*,#422,.F.);
#192=ORIENTED_EDGE('',*,*,#423,.F.);
#193=ORIENTED_EDGE('',*,*,#422,.T.);
#194=ORIENTED_EDGE('',*,*,#409,.T.);
#195=ORIENTED_EDGE('',*,*,#424,.F.);
#196=ORIENTED_EDGE('',*,*,#425,.F.);
#197=ORIENTED_EDGE('',*,*,#424,.T.);
#198=ORIENTED_EDGE('',*,*,#412,.T.);
#199=ORIENTED_EDGE('',*,*,#426,.F.);
#200=ORIENTED_EDGE('',*,*,#427,.F.);
#201=ORIENTED_EDGE('',*,*,#421,.F.);
#202=ORIENTED_EDGE('',*,*,#428,.T.);
#203=ORIENTED_EDGE('',*,*,#426,.T.);
#204=ORIENTED_EDGE('',*,*,#411,.F.);
#205=ORIENTED_EDGE('',*,*,#428,.F.);
#206=ORIENTED_EDGE('',*,*,#423,.T.);
#207=ORIENTED_EDGE('',*,*,#425,.T.);
#208=ORIENTED_EDGE('',*,*,#427,.T.);
#209=ORIENTED_EDGE('',*,*,#333,.F.);
#210=ORIENTED_EDGE('',*,*,#429,.T.);
#211=ORIENTED_EDGE('',*,*,#430,.T.);
#212=ORIENTED_EDGE('',*,*,#431,.T.);
#213=ORIENTED_EDGE('',*,*,#432,.F.);
#214=ORIENTED_EDGE('',*,*,#433,.T.);
#215=ORIENTED_EDGE('',*,*,#414,.F.);
#216=ORIENTED_EDGE('',*,*,#417,.T.);
#217=ORIENTED_EDGE('',*,*,#419,.F.);
#218=ORIENTED_EDGE('',*,*,#420,.F.);
#219=ORIENTED_EDGE('',*,*,#434,.F.);
#220=ORIENTED_EDGE('',*,*,#435,.F.);
#221=ORIENTED_EDGE('',*,*,#436,.T.);
#222=ORIENTED_EDGE('',*,*,#368,.F.);
#223=ORIENTED_EDGE('',*,*,#352,.F.);
#224=ORIENTED_EDGE('',*,*,#385,.T.);
#225=ORIENTED_EDGE('',*,*,#437,.T.);
#226=ORIENTED_EDGE('',*,*,#438,.T.);
#227=ORIENTED_EDGE('',*,*,#439,.F.);
#228=ORIENTED_EDGE('',*,*,#344,.F.);
#229=ORIENTED_EDGE('',*,*,#376,.T.);
#230=ORIENTED_EDGE('',*,*,#440,.F.);
#231=ORIENTED_EDGE('',*,*,#431,.F.);
#232=ORIENTED_EDGE('',*,*,#441,.T.);
#233=ORIENTED_EDGE('',*,*,#366,.F.);
#234=ORIENTED_EDGE('',*,*,#393,.T.);
#235=ORIENTED_EDGE('',*,*,#387,.T.);
#236=ORIENTED_EDGE('',*,*,#394,.F.);
#237=ORIENTED_EDGE('',*,*,#442,.F.);
#238=ORIENTED_EDGE('',*,*,#443,.T.);
#239=ORIENTED_EDGE('',*,*,#444,.F.);
#240=ORIENTED_EDGE('',*,*,#444,.T.);
#241=ORIENTED_EDGE('',*,*,#443,.F.);
#242=ORIENTED_EDGE('',*,*,#445,.T.);
#243=ORIENTED_EDGE('',*,*,#445,.F.);
#244=ORIENTED_EDGE('',*,*,#442,.T.);
#245=ORIENTED_EDGE('',*,*,#378,.F.);
#246=ORIENTED_EDGE('',*,*,#446,.T.);
#247=ORIENTED_EDGE('',*,*,#405,.T.);
#248=ORIENTED_EDGE('',*,*,#362,.F.);
#249=ORIENTED_EDGE('',*,*,#447,.T.);
#250=ORIENTED_EDGE('',*,*,#397,.F.);
#251=ORIENTED_EDGE('',*,*,#448,.T.);
#252=ORIENTED_EDGE('',*,*,#374,.T.);
#253=ORIENTED_EDGE('',*,*,#449,.T.);
#254=ORIENTED_EDGE('',*,*,#372,.F.);
#255=ORIENTED_EDGE('',*,*,#396,.T.);
#256=ORIENTED_EDGE('',*,*,#450,.T.);
#257=ORIENTED_EDGE('',*,*,#432,.T.);
#258=ORIENTED_EDGE('',*,*,#440,.T.);
#259=ORIENTED_EDGE('',*,*,#375,.F.);
#260=ORIENTED_EDGE('',*,*,#448,.F.);
#261=ORIENTED_EDGE('',*,*,#430,.F.);
#262=ORIENTED_EDGE('',*,*,#451,.T.);
#263=ORIENTED_EDGE('',*,*,#406,.T.);
#264=ORIENTED_EDGE('',*,*,#446,.F.);
#265=ORIENTED_EDGE('',*,*,#377,.T.);
#266=ORIENTED_EDGE('',*,*,#441,.F.);
#267=ORIENTED_EDGE('',*,*,#429,.F.);
#268=ORIENTED_EDGE('',*,*,#332,.F.);
#269=ORIENTED_EDGE('',*,*,#407,.F.);
#270=ORIENTED_EDGE('',*,*,#451,.F.);
#271=ORIENTED_EDGE('',*,*,#433,.F.);
#272=ORIENTED_EDGE('',*,*,#450,.F.);
#273=ORIENTED_EDGE('',*,*,#395,.F.);
#274=ORIENTED_EDGE('',*,*,#334,.F.);
#275=ORIENTED_EDGE('',*,*,#408,.F.);
#276=ORIENTED_EDGE('',*,*,#338,.F.);
#277=ORIENTED_EDGE('',*,*,#452,.F.);
#278=ORIENTED_EDGE('',*,*,#390,.F.);
#279=ORIENTED_EDGE('',*,*,#434,.T.);
#280=ORIENTED_EDGE('',*,*,#391,.F.);
#281=ORIENTED_EDGE('',*,*,#453,.F.);
#282=ORIENTED_EDGE('',*,*,#379,.F.);
#283=ORIENTED_EDGE('',*,*,#447,.F.);
#284=ORIENTED_EDGE('',*,*,#361,.F.);
#285=ORIENTED_EDGE('',*,*,#435,.T.);
#286=ORIENTED_EDGE('',*,*,#399,.F.);
#287=ORIENTED_EDGE('',*,*,#382,.F.);
#288=ORIENTED_EDGE('',*,*,#454,.F.);
#289=ORIENTED_EDGE('',*,*,#336,.F.);
#290=ORIENTED_EDGE('',*,*,#455,.T.);
#291=ORIENTED_EDGE('',*,*,#337,.F.);
#292=ORIENTED_EDGE('',*,*,#456,.F.);
#293=ORIENTED_EDGE('',*,*,#380,.F.);
#294=ORIENTED_EDGE('',*,*,#439,.T.);
#295=ORIENTED_EDGE('',*,*,#438,.F.);
#296=ORIENTED_EDGE('',*,*,#369,.F.);
#297=ORIENTED_EDGE('',*,*,#449,.F.);
#298=ORIENTED_EDGE('',*,*,#373,.F.);
#299=ORIENTED_EDGE('',*,*,#457,.T.);
#300=ORIENTED_EDGE('',*,*,#381,.F.);
#301=ORIENTED_EDGE('',*,*,#453,.T.);
#302=ORIENTED_EDGE('',*,*,#452,.T.);
#303=ORIENTED_EDGE('',*,*,#455,.F.);
#304=ORIENTED_EDGE('',*,*,#456,.T.);
#305=ORIENTED_EDGE('',*,*,#454,.T.);
#306=ORIENTED_EDGE('',*,*,#457,.F.);
#307=ORIENTED_EDGE('',*,*,#404,.T.);
#308=ORIENTED_EDGE('',*,*,#363,.F.);
#309=ORIENTED_EDGE('',*,*,#436,.F.);
#310=ORIENTED_EDGE('',*,*,#360,.F.);
#311=ORIENTED_EDGE('',*,*,#384,.T.);
#312=ORIENTED_EDGE('',*,*,#398,.T.);
#313=ORIENTED_EDGE('',*,*,#370,.F.);
#314=ORIENTED_EDGE('',*,*,#437,.F.);
#315=ORIENTED_EDGE('',*,*,#458,.T.);
#316=ORIENTED_EDGE('',*,*,#339,.F.);
#317=ORIENTED_EDGE('',*,*,#459,.F.);
#318=ORIENTED_EDGE('',*,*,#356,.F.);
#319=ORIENTED_EDGE('',*,*,#357,.T.);
#320=ORIENTED_EDGE('',*,*,#459,.T.);
#321=ORIENTED_EDGE('',*,*,#342,.T.);
#322=ORIENTED_EDGE('',*,*,#460,.F.);
#323=ORIENTED_EDGE('',*,*,#358,.T.);
#324=ORIENTED_EDGE('',*,*,#460,.T.);
#325=ORIENTED_EDGE('',*,*,#341,.T.);
#326=ORIENTED_EDGE('',*,*,#461,.F.);
#327=ORIENTED_EDGE('',*,*,#461,.T.);
#328=ORIENTED_EDGE('',*,*,#340,.F.);
#329=ORIENTED_EDGE('',*,*,#458,.F.);
#330=ORIENTED_EDGE('',*,*,#355,.F.);
#331=EDGE_CURVE('',#462,#463,#548,.T.);
#332=EDGE_CURVE('',#462,#464,#39,.T.);
#333=EDGE_CURVE('',#464,#465,#549,.T.);
#334=EDGE_CURVE('',#465,#466,#40,.T.);
#335=EDGE_CURVE('',#466,#467,#550,.T.);
#336=EDGE_CURVE('',#467,#468,#41,.T.);
#337=EDGE_CURVE('',#468,#469,#42,.T.);
#338=EDGE_CURVE('',#469,#463,#43,.T.);
#339=EDGE_CURVE('',#470,#471,#551,.T.);
#340=EDGE_CURVE('',#471,#472,#552,.T.);
#341=EDGE_CURVE('',#473,#472,#553,.T.);
#342=EDGE_CURVE('',#470,#473,#554,.T.);
#343=EDGE_CURVE('',#474,#475,#555,.T.);
#344=EDGE_CURVE('',#474,#476,#556,.T.);
#345=EDGE_CURVE('',#477,#476,#557,.T.);
#346=EDGE_CURVE('',#478,#477,#558,.T.);
#347=EDGE_CURVE('',#479,#478,#559,.T.);
#348=EDGE_CURVE('',#480,#479,#560,.T.);
#349=EDGE_CURVE('',#480,#481,#561,.T.);
#350=EDGE_CURVE('',#482,#481,#562,.T.);
#351=EDGE_CURVE('',#483,#482,#563,.T.);
#352=EDGE_CURVE('',#483,#484,#564,.T.);
#353=EDGE_CURVE('',#484,#485,#565,.T.);
#354=EDGE_CURVE('',#485,#475,#566,.T.);
#355=EDGE_CURVE('',#486,#487,#567,.T.);
#356=EDGE_CURVE('',#487,#488,#568,.T.);
#357=EDGE_CURVE('',#489,#488,#569,.T.);
#358=EDGE_CURVE('',#486,#489,#570,.T.);
#359=EDGE_CURVE('',#490,#491,#571,.T.);
#360=EDGE_CURVE('',#490,#492,#572,.T.);
#361=EDGE_CURVE('',#492,#493,#44,.T.);
#362=EDGE_CURVE('',#493,#491,#573,.T.);
#363=EDGE_CURVE('',#494,#495,#574,.T.);
#364=EDGE_CURVE('',#495,#481,#575,.T.);
#365=EDGE_CURVE('',#496,#480,#576,.T.);
#366=EDGE_CURVE('',#496,#497,#577,.T.);
#367=EDGE_CURVE('',#497,#485,#578,.T.);
#368=EDGE_CURVE('',#484,#494,#579,.T.);
#369=EDGE_CURVE('',#498,#499,#45,.T.);
#370=EDGE_CURVE('',#499,#500,#580,.T.);
#371=EDGE_CURVE('',#501,#500,#581,.T.);
#372=EDGE_CURVE('',#501,#498,#582,.T.);
#373=EDGE_CURVE('',#502,#503,#46,.T.);
#374=EDGE_CURVE('',#504,#503,#583,.T.);
#375=EDGE_CURVE('',#504,#505,#584,.T.);
#376=EDGE_CURVE('',#506,#505,#585,.T.);
#377=EDGE_CURVE('',#507,#506,#586,.T.);
#378=EDGE_CURVE('',#507,#508,#587,.T.);
#379=EDGE_CURVE('',#508,#509,#47,.T.);
#380=EDGE_CURVE('',#509,#502,#48,.T.);
#381=EDGE_CURVE('',#476,#510,#49,.T.);
#382=EDGE_CURVE('',#510,#511,#50,.T.);
#383=EDGE_CURVE('',#477,#511,#588,.T.);
#384=EDGE_CURVE('',#512,#513,#589,.T.);
#385=EDGE_CURVE('',#474,#512,#590,.T.);
#386=EDGE_CURVE('',#514,#475,#591,.T.);
#387=EDGE_CURVE('',#515,#514,#592,.T.);
#388=EDGE_CURVE('',#515,#479,#593,.T.);
#389=EDGE_CURVE('',#513,#478,#594,.T.);
#390=EDGE_CURVE('',#516,#517,#51,.T.);
#391=EDGE_CURVE('',#517,#483,#52,.T.);
#392=EDGE_CURVE('',#516,#482,#595,.T.);
#393=EDGE_CURVE('',#496,#515,#596,.T.);
#394=EDGE_CURVE('',#497,#514,#597,.T.);
#395=EDGE_CURVE('',#466,#518,#53,.T.);
#396=EDGE_CURVE('',#519,#518,#598,.T.);
#397=EDGE_CURVE('',#519,#501,#599,.T.);
#398=EDGE_CURVE('',#513,#500,#600,.T.);
#399=EDGE_CURVE('',#511,#467,#54,.T.);
#400=EDGE_CURVE('',#520,#521,#27,.T.);
#401=EDGE_CURVE('',#521,#522,#601,.T.);
#402=EDGE_CURVE('',#522,#523,#28,.T.);
#403=EDGE_CURVE('',#520,#523,#602,.T.);
#404=EDGE_CURVE('',#490,#495,#603,.T.);
#405=EDGE_CURVE('',#524,#491,#604,.T.);
#406=EDGE_CURVE('',#525,#524,#605,.T.);
#407=EDGE_CURVE('',#525,#462,#55,.T.);
#408=EDGE_CURVE('',#463,#516,#56,.T.);
#409=EDGE_CURVE('',#526,#527,#606,.T.);
#410=EDGE_CURVE('',#528,#526,#29,.T.);
#411=EDGE_CURVE('',#528,#529,#607,.T.);
#412=EDGE_CURVE('',#527,#529,#30,.T.);
#413=EDGE_CURVE('',#530,#520,#608,.T.);
#414=EDGE_CURVE('',#530,#531,#31,.F.);
#415=EDGE_CURVE('',#531,#521,#609,.T.);
#416=EDGE_CURVE('',#532,#523,#610,.T.);
#417=EDGE_CURVE('',#530,#532,#611,.T.);
#418=EDGE_CURVE('',#533,#522,#612,.T.);
#419=EDGE_CURVE('',#533,#532,#32,.F.);
#420=EDGE_CURVE('',#531,#533,#613,.T.);
#421=EDGE_CURVE('',#534,#528,#614,.T.);
#422=EDGE_CURVE('',#535,#526,#615,.T.);
#423=EDGE_CURVE('',#534,#535,#33,.T.);
#424=EDGE_CURVE('',#536,#527,#616,.T.);
#425=EDGE_CURVE('',#535,#536,#617,.T.);
#426=EDGE_CURVE('',#537,#529,#618,.T.);
#427=EDGE_CURVE('',#536,#537,#34,.T.);
#428=EDGE_CURVE('',#534,#537,#619,.T.);
#429=EDGE_CURVE('',#464,#538,#57,.T.);
#430=EDGE_CURVE('',#538,#539,#620,.T.);
#431=EDGE_CURVE('',#539,#540,#621,.T.);
#432=EDGE_CURVE('',#541,#540,#622,.T.);
#433=EDGE_CURVE('',#541,#465,#58,.T.);
#434=EDGE_CURVE('',#542,#483,#623,.T.);
#435=EDGE_CURVE('',#492,#542,#624,.T.);
#436=EDGE_CURVE('',#492,#494,#625,.T.);
#437=EDGE_CURVE('',#512,#499,#626,.T.);
#438=EDGE_CURVE('',#499,#543,#627,.T.);
#439=EDGE_CURVE('',#476,#543,#628,.T.);
#440=EDGE_CURVE('',#540,#505,#629,.T.);
#441=EDGE_CURVE('',#539,#506,#630,.T.);
#442=EDGE_CURVE('',#544,#544,#35,.T.);
#443=EDGE_CURVE('',#545,#545,#36,.T.);
#444=EDGE_CURVE('',#546,#546,#37,.T.);
#445=EDGE_CURVE('',#547,#547,#38,.T.);
#446=EDGE_CURVE('',#507,#524,#631,.T.);
#447=EDGE_CURVE('',#493,#508,#59,.T.);
#448=EDGE_CURVE('',#519,#504,#632,.T.);
#449=EDGE_CURVE('',#503,#498,#60,.T.);
#450=EDGE_CURVE('',#518,#541,#61,.T.);
#451=EDGE_CURVE('',#538,#525,#62,.T.);
#452=EDGE_CURVE('',#517,#469,#63,.F.);
#453=EDGE_CURVE('',#509,#517,#64,.F.);
#454=EDGE_CURVE('',#468,#510,#65,.F.);
#455=EDGE_CURVE('',#509,#469,#66,.T.);
#456=EDGE_CURVE('',#502,#468,#67,.F.);
#457=EDGE_CURVE('',#502,#510,#68,.T.);
#458=EDGE_CURVE('',#487,#471,#633,.T.);
#459=EDGE_CURVE('',#488,#470,#634,.T.);
#460=EDGE_CURVE('',#489,#473,#635,.T.);
#461=EDGE_CURVE('',#486,#472,#636,.T.);
#462=VERTEX_POINT('',#1185);
#463=VERTEX_POINT('',#1186);
#464=VERTEX_POINT('',#1191);
#465=VERTEX_POINT('',#1193);
#466=VERTEX_POINT('',#1198);
#467=VERTEX_POINT('',#1200);
#468=VERTEX_POINT('',#1205);
#469=VERTEX_POINT('',#1210);
#470=VERTEX_POINT('',#1216);
#471=VERTEX_POINT('',#1217);
#472=VERTEX_POINT('',#1219);
#473=VERTEX_POINT('',#1221);
#474=VERTEX_POINT('',#1225);
#475=VERTEX_POINT('',#1226);
#476=VERTEX_POINT('',#1228);
#477=VERTEX_POINT('',#1230);
#478=VERTEX_POINT('',#1232);
#479=VERTEX_POINT('',#1234);
#480=VERTEX_POINT('',#1236);
#481=VERTEX_POINT('',#1238);
#482=VERTEX_POINT('',#1240);
#483=VERTEX_POINT('',#1242);
#484=VERTEX_POINT('',#1244);
#485=VERTEX_POINT('',#1246);
#486=VERTEX_POINT('',#1249);
#487=VERTEX_POINT('',#1250);
#488=VERTEX_POINT('',#1252);
#489=VERTEX_POINT('',#1254);
#490=VERTEX_POINT('',#1258);
#491=VERTEX_POINT('',#1259);
#492=VERTEX_POINT('',#1261);
#493=VERTEX_POINT('',#1266);
#494=VERTEX_POINT('',#1270);
#495=VERTEX_POINT('',#1271);
#496=VERTEX_POINT('',#1274);
#497=VERTEX_POINT('',#1276);
#498=VERTEX_POINT('',#1284);
#499=VERTEX_POINT('',#1285);
#500=VERTEX_POINT('',#1287);
#501=VERTEX_POINT('',#1289);
#502=VERTEX_POINT('',#1296);
#503=VERTEX_POINT('',#1297);
#504=VERTEX_POINT('',#1299);
#505=VERTEX_POINT('',#1301);
#506=VERTEX_POINT('',#1303);
#507=VERTEX_POINT('',#1305);
#508=VERTEX_POINT('',#1307);
#509=VERTEX_POINT('',#1312);
#510=VERTEX_POINT('',#1322);
#511=VERTEX_POINT('',#1327);
#512=VERTEX_POINT('',#1331);
#513=VERTEX_POINT('',#1332);
#514=VERTEX_POINT('',#1335);
#515=VERTEX_POINT('',#1337);
#516=VERTEX_POINT('',#1345);
#517=VERTEX_POINT('',#1346);
#518=VERTEX_POINT('',#1361);
#519=VERTEX_POINT('',#1363);
#520=VERTEX_POINT('',#1374);
#521=VERTEX_POINT('',#1375);
#522=VERTEX_POINT('',#1377);
#523=VERTEX_POINT('',#1379);
#524=VERTEX_POINT('',#1384);
#525=VERTEX_POINT('',#1386);
#526=VERTEX_POINT('',#1399);
#527=VERTEX_POINT('',#1400);
#528=VERTEX_POINT('',#1402);
#529=VERTEX_POINT('',#1404);
#530=VERTEX_POINT('',#1408);
#531=VERTEX_POINT('',#1410);
#532=VERTEX_POINT('',#1414);
#533=VERTEX_POINT('',#1418);
#534=VERTEX_POINT('',#1424);
#535=VERTEX_POINT('',#1426);
#536=VERTEX_POINT('',#1430);
#537=VERTEX_POINT('',#1434);
#538=VERTEX_POINT('',#1443);
#539=VERTEX_POINT('',#1445);
#540=VERTEX_POINT('',#1447);
#541=VERTEX_POINT('',#1449);
#542=VERTEX_POINT('',#1456);
#543=VERTEX_POINT('',#1462);
#544=VERTEX_POINT('',#1468);
#545=VERTEX_POINT('',#1470);
#546=VERTEX_POINT('',#1473);
#547=VERTEX_POINT('',#1477);
#548=LINE('',#1184,#637);
#549=LINE('',#1192,#638);
#550=LINE('',#1199,#639);
#551=LINE('',#1215,#640);
#552=LINE('',#1218,#641);
#553=LINE('',#1220,#642);
#554=LINE('',#1222,#643);
#555=LINE('',#1224,#644);
#556=LINE('',#1227,#645);
#557=LINE('',#1229,#646);
#558=LINE('',#1231,#647);
#559=LINE('',#1233,#648);
#560=LINE('',#1235,#649);
#561=LINE('',#1237,#650);
#562=LINE('',#1239,#651);
#563=LINE('',#1241,#652);
#564=LINE('',#1243,#653);
#565=LINE('',#1245,#654);
#566=LINE('',#1247,#655);
#567=LINE('',#1248,#656);
#568=LINE('',#1251,#657);
#569=LINE('',#1253,#658);
#570=LINE('',#1255,#659);
#571=LINE('',#1257,#660);
#572=LINE('',#1260,#661);
#573=LINE('',#1267,#662);
#574=LINE('',#1269,#663);
#575=LINE('',#1272,#664);
#576=LINE('',#1273,#665);
#577=LINE('',#1275,#666);
#578=LINE('',#1277,#667);
#579=LINE('',#1278,#668);
#580=LINE('',#1286,#669);
#581=LINE('',#1288,#670);
#582=LINE('',#1290,#671);
#583=LINE('',#1298,#672);
#584=LINE('',#1300,#673);
#585=LINE('',#1302,#674);
#586=LINE('',#1304,#675);
#587=LINE('',#1306,#676);
#588=LINE('',#1328,#677);
#589=LINE('',#1330,#678);
#590=LINE('',#1333,#679);
#591=LINE('',#1334,#680);
#592=LINE('',#1336,#681);
#593=LINE('',#1338,#682);
#594=LINE('',#1339,#683);
#595=LINE('',#1351,#684);
#596=LINE('',#1353,#685);
#597=LINE('',#1355,#686);
#598=LINE('',#1362,#687);
#599=LINE('',#1364,#688);
#600=LINE('',#1365,#689);
#601=LINE('',#1376,#690);
#602=LINE('',#1380,#691);
#603=LINE('',#1382,#692);
#604=LINE('',#1383,#693);
#605=LINE('',#1385,#694);
#606=LINE('',#1398,#695);
#607=LINE('',#1403,#696);
#608=LINE('',#1407,#697);
#609=LINE('',#1411,#698);
#610=LINE('',#1413,#699);
#611=LINE('',#1415,#700);
#612=LINE('',#1417,#701);
#613=LINE('',#1421,#702);
#614=LINE('',#1423,#703);
#615=LINE('',#1425,#704);
#616=LINE('',#1429,#705);
#617=LINE('',#1431,#706);
#618=LINE('',#1433,#707);
#619=LINE('',#1437,#708);
#620=LINE('',#1444,#709);
#621=LINE('',#1446,#710);
#622=LINE('',#1448,#711);
#623=LINE('',#1455,#712);
#624=LINE('',#1457,#713);
#625=LINE('',#1458,#714);
#626=LINE('',#1460,#715);
#627=LINE('',#1461,#716);
#628=LINE('',#1463,#717);
#629=LINE('',#1465,#718);
#630=LINE('',#1466,#719);
#631=LINE('',#1480,#720);
#632=LINE('',#1489,#721);
#633=LINE('',#2141,#722);
#634=LINE('',#2142,#723);
#635=LINE('',#2144,#724);
#636=LINE('',#2146,#725);
#637=VECTOR('',#993,1.);
#638=VECTOR('',#994,1.);
#639=VECTOR('',#995,1.);
#640=VECTOR('',#996,1.);
#641=VECTOR('',#997,1.);
#642=VECTOR('',#998,1.);
#643=VECTOR('',#999,1.);
#644=VECTOR('',#1002,1.);
#645=VECTOR('',#1003,1.);
#646=VECTOR('',#1004,1.);
#647=VECTOR('',#1005,1.);
#648=VECTOR('',#1006,1.);
#649=VECTOR('',#1007,1.);
#650=VECTOR('',#1008,1.);
#651=VECTOR('',#1009,1.);
#652=VECTOR('',#1010,1.);
#653=VECTOR('',#1011,1.);
#654=VECTOR('',#1012,1.);
#655=VECTOR('',#1013,1.);
#656=VECTOR('',#1014,1.);
#657=VECTOR('',#1015,1.);
#658=VECTOR('',#1016,1.);
#659=VECTOR('',#1017,1.);
#660=VECTOR('',#1020,1.);
#661=VECTOR('',#1021,1.);
#662=VECTOR('',#1022,1.);
#663=VECTOR('',#1025,1.);
#664=VECTOR('',#1026,1.);
#665=VECTOR('',#1027,1.);
#666=VECTOR('',#1028,1.);
#667=VECTOR('',#1029,1.);
#668=VECTOR('',#1030,1.);
#669=VECTOR('',#1033,1.);
#670=VECTOR('',#1034,1.);
#671=VECTOR('',#1035,1.);
#672=VECTOR('',#1038,1.);
#673=VECTOR('',#1039,1.);
#674=VECTOR('',#1040,1.);
#675=VECTOR('',#1041,1.);
#676=VECTOR('',#1042,1.);
#677=VECTOR('',#1045,1.);
#678=VECTOR('',#1048,1.);
#679=VECTOR('',#1049,1.);
#680=VECTOR('',#1050,1.);
#681=VECTOR('',#1051,1.);
#682=VECTOR('',#1052,1.);
#683=VECTOR('',#1053,1.);
#684=VECTOR('',#1056,1.);
#685=VECTOR('',#1059,1.);
#686=VECTOR('',#1062,1.);
#687=VECTOR('',#1065,1.);
#688=VECTOR('',#1066,1.);
#689=VECTOR('',#1067,1.);
#690=VECTOR('',#1070,1.);
#691=VECTOR('',#1073,1.);
#692=VECTOR('',#1076,1.);
#693=VECTOR('',#1077,1.);
#694=VECTOR('',#1078,1.);
#695=VECTOR('',#1079,1.);
#696=VECTOR('',#1082,1.);
#697=VECTOR('',#1087,1.);
#698=VECTOR('',#1090,1.);
#699=VECTOR('',#1093,1.);
#700=VECTOR('',#1094,1.);
#701=VECTOR('',#1097,1.);
#702=VECTOR('',#1102,1.);
#703=VECTOR('',#1105,1.);
#704=VECTOR('',#1106,1.);
#705=VECTOR('',#1111,1.);
#706=VECTOR('',#1112,1.);
#707=VECTOR('',#1115,1.);
#708=VECTOR('',#1120,1.);
#709=VECTOR('',#1123,1.);
#710=VECTOR('',#1124,1.);
#711=VECTOR('',#1125,1.);
#712=VECTOR('',#1128,1.);
#713=VECTOR('',#1129,1.);
#714=VECTOR('',#1130,1.);
#715=VECTOR('',#1133,1.);
#716=VECTOR('',#1134,1.);
#717=VECTOR('',#1135,1.);
#718=VECTOR('',#1138,1.);
#719=VECTOR('',#1139,1.);
#720=VECTOR('',#1158,1.);
#721=VECTOR('',#1161,1.);
#722=VECTOR('',#1172,1.);
#723=VECTOR('',#1173,1.);
#724=VECTOR('',#1176,1.);
#725=VECTOR('',#1179,1.);
#726=EDGE_LOOP('',(#69,#70,#71,#72,#73,#74,#75,#76));
#727=EDGE_LOOP('',(#77,#78,#79,#80));
#728=EDGE_LOOP('',(#81,#82,#83,#84,#85,#86,#87,#88,#89,#90,#91,#92));
#729=EDGE_LOOP('',(#93,#94,#95,#96));
#730=EDGE_LOOP('',(#97,#98,#99,#100));
#731=EDGE_LOOP('',(#101,#102,#103,#104,#105,#106,#107,#108));
#732=EDGE_LOOP('',(#109,#110,#111,#112));
#733=EDGE_LOOP('',(#113,#114,#115,#116,#117,#118,#119,#120));
#734=EDGE_LOOP('',(#121,#122,#123,#124));
#735=EDGE_LOOP('',(#125,#126,#127,#128,#129,#130,#131,#132));
#736=EDGE_LOOP('',(#133,#134,#135,#136));
#737=EDGE_LOOP('',(#137,#138,#139,#140));
#738=EDGE_LOOP('',(#141,#142,#143,#144));
#739=EDGE_LOOP('',(#145,#146,#147,#148,#149,#150,#151,#152,#153,#154));
#740=EDGE_LOOP('',(#155,#156,#157,#158));
#741=EDGE_LOOP('',(#159,#160,#161,#162,#163,#164,#165,#166,#167,#168));
#742=EDGE_LOOP('',(#169,#170,#171,#172));
#743=EDGE_LOOP('',(#173,#174,#175,#176));
#744=EDGE_LOOP('',(#177,#178,#179,#180));
#745=EDGE_LOOP('',(#181,#182,#183,#184));
#746=EDGE_LOOP('',(#185,#186,#187,#188));
#747=EDGE_LOOP('',(#189,#190,#191,#192));
#748=EDGE_LOOP('',(#193,#194,#195,#196));
#749=EDGE_LOOP('',(#197,#198,#199,#200));
#750=EDGE_LOOP('',(#201,#202,#203,#204));
#751=EDGE_LOOP('',(#205,#206,#207,#208));
#752=EDGE_LOOP('',(#209,#210,#211,#212,#213,#214));
#753=EDGE_LOOP('',(#215,#216,#217,#218));
#754=EDGE_LOOP('',(#219,#220,#221,#222,#223));
#755=EDGE_LOOP('',(#224,#225,#226,#227,#228));
#756=EDGE_LOOP('',(#229,#230,#231,#232));
#757=EDGE_LOOP('',(#233,#234,#235,#236));
#758=EDGE_LOOP('',(#237));
#759=EDGE_LOOP('',(#238));
#760=EDGE_LOOP('',(#239));
#761=EDGE_LOOP('',(#240));
#762=EDGE_LOOP('',(#241));
#763=EDGE_LOOP('',(#242));
#764=EDGE_LOOP('',(#243));
#765=EDGE_LOOP('',(#244));
#766=EDGE_LOOP('',(#245,#246,#247,#248,#249));
#767=EDGE_LOOP('',(#250,#251,#252,#253,#254));
#768=EDGE_LOOP('',(#255,#256,#257,#258,#259,#260));
#769=EDGE_LOOP('',(#261,#262,#263,#264,#265,#266));
#770=EDGE_LOOP('',(#267,#268,#269,#270));
#771=EDGE_LOOP('',(#271,#272,#273,#274));
#772=EDGE_LOOP('',(#275,#276,#277,#278));
#773=EDGE_LOOP('',(#279,#280,#281,#282,#283,#284,#285));
#774=EDGE_LOOP('',(#286,#287,#288,#289));
#775=EDGE_LOOP('',(#290,#291,#292,#293));
#776=EDGE_LOOP('',(#294,#295,#296,#297,#298,#299,#300));
#777=EDGE_LOOP('',(#301,#302,#303));
#778=EDGE_LOOP('',(#304,#305,#306));
#779=EDGE_LOOP('',(#307,#308,#309,#310));
#780=EDGE_LOOP('',(#311,#312,#313,#314));
#781=EDGE_LOOP('',(#315,#316,#317,#318));
#782=EDGE_LOOP('',(#319,#320,#321,#322));
#783=EDGE_LOOP('',(#323,#324,#325,#326));
#784=EDGE_LOOP('',(#327,#328,#329,#330));
#785=FACE_BOUND('',#726,.T.);
#786=FACE_BOUND('',#727,.T.);
#787=FACE_BOUND('',#728,.T.);
#788=FACE_BOUND('',#729,.T.);
#789=FACE_BOUND('',#730,.T.);
#790=FACE_BOUND('',#731,.T.);
#791=FACE_BOUND('',#732,.T.);
#792=FACE_BOUND('',#733,.T.);
#793=FACE_BOUND('',#734,.T.);
#794=FACE_BOUND('',#735,.T.);
#795=FACE_BOUND('',#736,.T.);
#796=FACE_BOUND('',#737,.T.);
#797=FACE_BOUND('',#738,.T.);
#798=FACE_BOUND('',#739,.T.);
#799=FACE_BOUND('',#740,.T.);
#800=FACE_BOUND('',#741,.T.);
#801=FACE_BOUND('',#742,.T.);
#802=FACE_BOUND('',#743,.T.);
#803=FACE_BOUND('',#744,.T.);
#804=FACE_BOUND('',#745,.T.);
#805=FACE_BOUND('',#746,.T.);
#806=FACE_BOUND('',#747,.T.);
#807=FACE_BOUND('',#748,.T.);
#808=FACE_BOUND('',#749,.T.);
#809=FACE_BOUND('',#750,.T.);
#810=FACE_BOUND('',#751,.T.);
#811=FACE_BOUND('',#752,.T.);
#812=FACE_BOUND('',#753,.T.);
#813=FACE_BOUND('',#754,.T.);
#814=FACE_BOUND('',#755,.T.);
#815=FACE_BOUND('',#756,.T.);
#816=FACE_BOUND('',#757,.T.);
#817=FACE_BOUND('',#758,.T.);
#818=FACE_BOUND('',#759,.T.);
#819=FACE_BOUND('',#760,.T.);
#820=FACE_BOUND('',#761,.T.);
#821=FACE_BOUND('',#762,.T.);
#822=FACE_BOUND('',#763,.T.);
#823=FACE_BOUND('',#764,.T.);
#824=FACE_BOUND('',#765,.T.);
#825=FACE_BOUND('',#766,.T.);
#826=FACE_BOUND('',#767,.T.);
#827=FACE_BOUND('',#768,.T.);
#828=FACE_BOUND('',#769,.T.);
#829=FACE_BOUND('',#770,.T.);
#830=FACE_BOUND('',#771,.T.);
#831=FACE_BOUND('',#772,.T.);
#832=FACE_BOUND('',#773,.T.);
#833=FACE_BOUND('',#774,.T.);
#834=FACE_BOUND('',#775,.T.);
#835=FACE_BOUND('',#776,.T.);
#836=FACE_BOUND('',#777,.T.);
#837=FACE_BOUND('',#778,.T.);
#838=FACE_BOUND('',#779,.T.);
#839=FACE_BOUND('',#780,.T.);
#840=FACE_BOUND('',#781,.T.);
#841=FACE_BOUND('',#782,.T.);
#842=FACE_BOUND('',#783,.T.);
#843=FACE_BOUND('',#784,.T.);
#844=PLANE('',#938);
#845=PLANE('',#939);
#846=PLANE('',#940);
#847=PLANE('',#941);
#848=PLANE('',#942);
#849=PLANE('',#943);
#850=PLANE('',#944);
#851=PLANE('',#945);
#852=PLANE('',#946);
#853=PLANE('',#947);
#854=PLANE('',#948);
#855=PLANE('',#949);
#856=PLANE('',#952);
#857=PLANE('',#957);
#858=PLANE('',#960);
#859=PLANE('',#963);
#860=PLANE('',#966);
#861=PLANE('',#967);
#862=PLANE('',#968);
#863=PLANE('',#969);
#864=PLANE('',#970);
#865=PLANE('',#973);
#866=PLANE('',#976);
#867=PLANE('',#979);
#868=PLANE('',#980);
#869=PLANE('',#981);
#870=PLANE('',#982);
#871=PLANE('',#983);
#872=PLANE('',#984);
#873=PLANE('',#985);
#874=PLANE('',#986);
#875=PLANE('',#987);
#876=PLANE('',#988);
#877=ADVANCED_FACE('',(#785,#786),#844,.F.);
#878=ADVANCED_FACE('',(#787,#788),#845,.T.);
#879=ADVANCED_FACE('',(#789),#846,.T.);
#880=ADVANCED_FACE('',(#790),#847,.T.);
#881=ADVANCED_FACE('',(#791),#848,.F.);
#882=ADVANCED_FACE('',(#792),#849,.T.);
#883=ADVANCED_FACE('',(#793),#850,.F.);
#884=ADVANCED_FACE('',(#794),#851,.F.);
#885=ADVANCED_FACE('',(#795),#852,.T.);
#886=ADVANCED_FACE('',(#796),#853,.F.);
#887=ADVANCED_FACE('',(#797),#854,.T.);
#888=ADVANCED_FACE('',(#798,#799),#855,.T.);
#889=ADVANCED_FACE('',(#800,#801),#856,.T.);
#890=ADVANCED_FACE('',(#802),#21,.F.);
#891=ADVANCED_FACE('',(#803),#857,.F.);
#892=ADVANCED_FACE('',(#804),#22,.F.);
#893=ADVANCED_FACE('',(#805),#858,.T.);
#894=ADVANCED_FACE('',(#806),#23,.F.);
#895=ADVANCED_FACE('',(#807),#859,.F.);
#896=ADVANCED_FACE('',(#808),#24,.F.);
#897=ADVANCED_FACE('',(#809),#860,.T.);
#898=ADVANCED_FACE('',(#810,#811,#812),#861,.F.);
#899=ADVANCED_FACE('',(#813),#862,.T.);
#900=ADVANCED_FACE('',(#814),#863,.T.);
#901=ADVANCED_FACE('',(#815,#816,#817,#818),#864,.T.);
#902=ADVANCED_FACE('',(#819),#865,.T.);
#903=ADVANCED_FACE('',(#820,#821),#25,.F.);
#904=ADVANCED_FACE('',(#822),#866,.T.);
#905=ADVANCED_FACE('',(#823,#824),#26,.F.);
#906=ADVANCED_FACE('',(#825),#867,.T.);
#907=ADVANCED_FACE('',(#826),#868,.T.);
#908=ADVANCED_FACE('',(#827),#869,.T.);
#909=ADVANCED_FACE('',(#828),#870,.T.);
#910=ADVANCED_FACE('',(#829),#12,.T.);
#911=ADVANCED_FACE('',(#830),#13,.T.);
#912=ADVANCED_FACE('',(#831),#14,.T.);
#913=ADVANCED_FACE('',(#832),#15,.T.);
#914=ADVANCED_FACE('',(#833),#16,.T.);
#915=ADVANCED_FACE('',(#834),#17,.T.);
#916=ADVANCED_FACE('',(#835),#18,.T.);
#917=ADVANCED_FACE('',(#836),#19,.F.);
#918=ADVANCED_FACE('',(#837),#20,.F.);
#919=ADVANCED_FACE('',(#838),#871,.T.);
#920=ADVANCED_FACE('',(#839),#872,.T.);
#921=ADVANCED_FACE('',(#840),#873,.T.);
#922=ADVANCED_FACE('',(#841),#874,.F.);
#923=ADVANCED_FACE('',(#842),#875,.F.);
#924=ADVANCED_FACE('',(#843),#876,.T.);
#925=CLOSED_SHELL('',(#877,#878,#879,#880,#881,#882,#883,#884,#885,#886,
#887,#888,#889,#890,#891,#892,#893,#894,#895,#896,#897,#898,#899,#900,#901,
#902,#903,#904,#905,#906,#907,#908,#909,#910,#911,#912,#913,#914,#915,#916,
#917,#918,#919,#920,#921,#922,#923,#924));
#926=STYLED_ITEM('',(#927),#934);
#927=PRESENTATION_STYLE_ASSIGNMENT((#928));
#928=SURFACE_STYLE_USAGE(.BOTH.,#929);
#929=SURFACE_SIDE_STYLE('',(#930));
#930=SURFACE_STYLE_FILL_AREA(#931);
#931=FILL_AREA_STYLE('',(#932));
#932=FILL_AREA_STYLE_COLOUR('',#933);
#933=COLOUR_RGB('',0.615686274509804,0.811764705882353,0.929411764705882);
#934=MANIFOLD_SOLID_BREP('servo_holder',#925);
#935=SHAPE_DEFINITION_REPRESENTATION(#2154,#936);
#936=SHAPE_REPRESENTATION('servo_holder',(#937),#2149);
#937=AXIS2_PLACEMENT_3D('',#1182,#989,#990);
#938=AXIS2_PLACEMENT_3D('',#1183,#991,#992);
#939=AXIS2_PLACEMENT_3D('',#1223,#1000,#1001);
#940=AXIS2_PLACEMENT_3D('',#1256,#1018,#1019);
#941=AXIS2_PLACEMENT_3D('',#1268,#1023,#1024);
#942=AXIS2_PLACEMENT_3D('',#1279,#1031,#1032);
#943=AXIS2_PLACEMENT_3D('',#1291,#1036,#1037);
#944=AXIS2_PLACEMENT_3D('',#1317,#1043,#1044);
#945=AXIS2_PLACEMENT_3D('',#1329,#1046,#1047);
#946=AXIS2_PLACEMENT_3D('',#1340,#1054,#1055);
#947=AXIS2_PLACEMENT_3D('',#1352,#1057,#1058);
#948=AXIS2_PLACEMENT_3D('',#1354,#1060,#1061);
#949=AXIS2_PLACEMENT_3D('',#1356,#1063,#1064);
#950=AXIS2_PLACEMENT_3D('',#1373,#1068,#1069);
#951=AXIS2_PLACEMENT_3D('',#1378,#1071,#1072);
#952=AXIS2_PLACEMENT_3D('',#1381,#1074,#1075);
#953=AXIS2_PLACEMENT_3D('',#1401,#1080,#1081);
#954=AXIS2_PLACEMENT_3D('',#1405,#1083,#1084);
#955=AXIS2_PLACEMENT_3D('',#1406,#1085,#1086);
#956=AXIS2_PLACEMENT_3D('',#1409,#1088,#1089);
#957=AXIS2_PLACEMENT_3D('',#1412,#1091,#1092);
#958=AXIS2_PLACEMENT_3D('',#1416,#1095,#1096);
#959=AXIS2_PLACEMENT_3D('',#1419,#1098,#1099);
#960=AXIS2_PLACEMENT_3D('',#1420,#1100,#1101);
#961=AXIS2_PLACEMENT_3D('',#1422,#1103,#1104);
#962=AXIS2_PLACEMENT_3D('',#1427,#1107,#1108);
#963=AXIS2_PLACEMENT_3D('',#1428,#1109,#1110);
#964=AXIS2_PLACEMENT_3D('',#1432,#1113,#1114);
#965=AXIS2_PLACEMENT_3D('',#1435,#1116,#1117);
#966=AXIS2_PLACEMENT_3D('',#1436,#1118,#1119);
#967=AXIS2_PLACEMENT_3D('',#1438,#1121,#1122);
#968=AXIS2_PLACEMENT_3D('',#1454,#1126,#1127);
#969=AXIS2_PLACEMENT_3D('',#1459,#1131,#1132);
#970=AXIS2_PLACEMENT_3D('',#1464,#1136,#1137);
#971=AXIS2_PLACEMENT_3D('',#1467,#1140,#1141);
#972=AXIS2_PLACEMENT_3D('',#1469,#1142,#1143);
#973=AXIS2_PLACEMENT_3D('',#1471,#1144,#1145);
#974=AXIS2_PLACEMENT_3D('',#1472,#1146,#1147);
#975=AXIS2_PLACEMENT_3D('',#1474,#1148,#1149);
#976=AXIS2_PLACEMENT_3D('',#1475,#1150,#1151);
#977=AXIS2_PLACEMENT_3D('',#1476,#1152,#1153);
#978=AXIS2_PLACEMENT_3D('',#1478,#1154,#1155);
#979=AXIS2_PLACEMENT_3D('',#1479,#1156,#1157);
#980=AXIS2_PLACEMENT_3D('',#1488,#1159,#1160);
#981=AXIS2_PLACEMENT_3D('',#1497,#1162,#1163);
#982=AXIS2_PLACEMENT_3D('',#1502,#1164,#1165);
#983=AXIS2_PLACEMENT_3D('',#2138,#1166,#1167);
#984=AXIS2_PLACEMENT_3D('',#2139,#1168,#1169);
#985=AXIS2_PLACEMENT_3D('',#2140,#1170,#1171);
#986=AXIS2_PLACEMENT_3D('',#2143,#1174,#1175);
#987=AXIS2_PLACEMENT_3D('',#2145,#1177,#1178);
#988=AXIS2_PLACEMENT_3D('',#2147,#1180,#1181);
#989=DIRECTION('',(0.,0.,1.));
#990=DIRECTION('',(1.,0.,0.));
#991=DIRECTION('',(0.,0.,1.));
#992=DIRECTION('',(1.,0.,0.));
#993=DIRECTION('',(-1.,0.,0.));
#994=DIRECTION('',(-1.,-1.39897054514259E-16,0.));
#995=DIRECTION('',(1.,0.,0.));
#996=DIRECTION('',(-1.,1.15648231731787E-16,0.));
#997=DIRECTION('',(0.,-1.,0.));
#998=DIRECTION('',(-1.,1.15648231731787E-16,0.));
#999=DIRECTION('',(0.,-1.,0.));
#1000=DIRECTION('',(0.,0.,1.));
#1001=DIRECTION('',(1.,0.,0.));
#1002=DIRECTION('',(0.,1.,0.));
#1003=DIRECTION('',(-1.,0.,0.));
#1004=DIRECTION('',(0.,1.,0.));
#1005=DIRECTION('',(-1.,0.,0.));
#1006=DIRECTION('',(0.,1.,0.));
#1007=DIRECTION('',(-1.,-1.13134139737618E-16,0.));
#1008=DIRECTION('',(0.,1.,0.));
#1009=DIRECTION('',(-1.,0.,0.));
#1010=DIRECTION('',(0.,-1.,0.));
#1011=DIRECTION('',(-1.,0.,0.));
#1012=DIRECTION('',(0.,1.,0.));
#1013=DIRECTION('',(-1.,-1.50845519650157E-16,0.));
#1014=DIRECTION('',(0.,1.,0.));
#1015=DIRECTION('',(1.,-1.15648231731787E-16,0.));
#1016=DIRECTION('',(0.,1.,0.));
#1017=DIRECTION('',(1.,-1.15648231731787E-16,0.));
#1018=DIRECTION('',(1.,0.,0.));
#1019=DIRECTION('',(0.,0.,-1.));
#1020=DIRECTION('',(0.,0.,1.));
#1021=DIRECTION('',(0.,1.,0.));
#1022=DIRECTION('',(0.,-1.,0.));
#1023=DIRECTION('',(-1.,0.,0.));
#1024=DIRECTION('',(0.,0.,1.));
#1025=DIRECTION('',(0.,-1.,0.));
#1026=DIRECTION('',(0.,0.,-1.));
#1027=DIRECTION('',(0.,0.,-1.));
#1028=DIRECTION('',(0.,1.,0.));
#1029=DIRECTION('',(0.,0.,-1.));
#1030=DIRECTION('',(0.,0.,1.));
#1031=DIRECTION('',(1.,0.,0.));
#1032=DIRECTION('',(0.,0.,-1.));
#1033=DIRECTION('',(0.,-1.,0.));
#1034=DIRECTION('',(0.,0.,-1.));
#1035=DIRECTION('',(0.,1.,0.));
#1036=DIRECTION('',(-1.39897054514259E-16,1.,0.));
#1037=DIRECTION('',(-1.,-1.39897054514259E-16,0.));
#1038=DIRECTION('',(1.,0.,0.));
#1039=DIRECTION('',(0.,0.,1.));
#1040=DIRECTION('',(-1.,-1.39897054514259E-16,0.));
#1041=DIRECTION('',(0.,0.,1.));
#1042=DIRECTION('',(-1.,0.,0.));
#1043=DIRECTION('',(1.,0.,0.));
#1044=DIRECTION('',(0.,0.,-1.));
#1045=DIRECTION('',(0.,0.,-1.));
#1046=DIRECTION('',(-1.,0.,0.));
#1047=DIRECTION('',(0.,0.,1.));
#1048=DIRECTION('',(0.,-1.,0.));
#1049=DIRECTION('',(0.,0.,1.));
#1050=DIRECTION('',(0.,0.,-1.));
#1051=DIRECTION('',(0.,1.,0.));
#1052=DIRECTION('',(0.,0.,-1.));
#1053=DIRECTION('',(0.,0.,-1.));
#1054=DIRECTION('',(1.,0.,0.));
#1055=DIRECTION('',(0.,0.,-1.));
#1056=DIRECTION('',(0.,0.,1.));
#1057=DIRECTION('',(1.13134139737618E-16,-1.,0.));
#1058=DIRECTION('',(1.,1.13134139737618E-16,0.));
#1059=DIRECTION('',(-1.,-1.13134139737618E-16,0.));
#1060=DIRECTION('',(1.50845519650157E-16,-1.,0.));
#1061=DIRECTION('',(1.,1.50845519650157E-16,0.));
#1062=DIRECTION('',(-1.,-1.50845519650157E-16,0.));
#1063=DIRECTION('',(0.,1.,0.));
#1064=DIRECTION('',(0.,0.,1.));
#1065=DIRECTION('',(0.,0.,-1.));
#1066=DIRECTION('',(1.,0.,0.));
#1067=DIRECTION('',(-1.,0.,0.));
#1068=DIRECTION('',(0.,-1.,0.));
#1069=DIRECTION('',(0.,0.,1.));
#1070=DIRECTION('',(0.,0.,-1.));
#1071=DIRECTION('',(0.,-1.,0.));
#1072=DIRECTION('',(0.,0.,1.));
#1073=DIRECTION('',(0.,0.,-1.));
#1074=DIRECTION('',(0.,1.,0.));
#1075=DIRECTION('',(0.,0.,1.));
#1076=DIRECTION('',(-1.,0.,0.));
#1077=DIRECTION('',(-1.,0.,0.));
#1078=DIRECTION('',(0.,0.,1.));
#1079=DIRECTION('',(0.,0.,-1.));
#1080=DIRECTION('',(0.,1.,0.));
#1081=DIRECTION('',(0.,0.,1.));
#1082=DIRECTION('',(0.,0.,-1.));
#1083=DIRECTION('',(0.,1.,0.));
#1084=DIRECTION('',(0.,0.,1.));
#1085=DIRECTION('',(0.,1.,0.));
#1086=DIRECTION('',(0.,0.,1.));
#1087=DIRECTION('',(0.,1.,0.));
#1088=DIRECTION('',(-1.39897054514259E-16,1.,0.));
#1089=DIRECTION('',(-1.,-1.39897054514259E-16,0.));
#1090=DIRECTION('',(0.,1.,0.));
#1091=DIRECTION('',(1.,0.,0.));
#1092=DIRECTION('',(0.,0.,-1.));
#1093=DIRECTION('',(0.,1.,0.));
#1094=DIRECTION('',(0.,0.,-1.));
#1095=DIRECTION('',(0.,1.,0.));
#1096=DIRECTION('',(0.,0.,1.));
#1097=DIRECTION('',(0.,1.,0.));
#1098=DIRECTION('',(-1.39897054514259E-16,1.,0.));
#1099=DIRECTION('',(-1.,-1.39897054514259E-16,0.));
#1100=DIRECTION('',(1.,0.,0.));
#1101=DIRECTION('',(0.,0.,-1.));
#1102=DIRECTION('',(0.,0.,-1.));
#1103=DIRECTION('',(0.,1.,0.));
#1104=DIRECTION('',(0.,0.,1.));
#1105=DIRECTION('',(0.,1.,0.));
#1106=DIRECTION('',(0.,1.,0.));
#1107=DIRECTION('',(-1.39897054514259E-16,1.,0.));
#1108=DIRECTION('',(-1.,-1.39897054514259E-16,0.));
#1109=DIRECTION('',(1.,0.,0.));
#1110=DIRECTION('',(0.,0.,-1.));
#1111=DIRECTION('',(0.,1.,0.));
#1112=DIRECTION('',(0.,0.,-1.));
#1113=DIRECTION('',(0.,1.,0.));
#1114=DIRECTION('',(0.,0.,1.));
#1115=DIRECTION('',(0.,1.,0.));
#1116=DIRECTION('',(-1.39897054514259E-16,1.,0.));
#1117=DIRECTION('',(-1.,-1.39897054514259E-16,0.));
#1118=DIRECTION('',(1.,0.,0.));
#1119=DIRECTION('',(0.,0.,-1.));
#1120=DIRECTION('',(0.,0.,-1.));
#1121=DIRECTION('',(-1.39897054514259E-16,1.,0.));
#1122=DIRECTION('',(-1.,-1.39897054514259E-16,0.));
#1123=DIRECTION('',(0.,0.,1.));
#1124=DIRECTION('',(-1.,-1.39897054514259E-16,0.));
#1125=DIRECTION('',(0.,0.,1.));
#1126=DIRECTION('',(0.,-1.,0.));
#1127=DIRECTION('',(0.,0.,-1.));
#1128=DIRECTION('',(0.,0.,-1.));
#1129=DIRECTION('',(0.,0.,-1.));
#1130=DIRECTION('',(-1.,0.,0.));
#1131=DIRECTION('',(0.,-1.,0.));
#1132=DIRECTION('',(0.,0.,-1.));
#1133=DIRECTION('',(-1.,0.,0.));
#1134=DIRECTION('',(0.,0.,-1.));
#1135=DIRECTION('',(0.,0.,1.));
#1136=DIRECTION('',(0.,0.,1.));
#1137=DIRECTION('',(1.,0.,0.));
#1138=DIRECTION('',(0.,1.,0.));
#1139=DIRECTION('',(0.,1.,0.));
#1140=DIRECTION('',(0.,0.,1.));
#1141=DIRECTION('',(1.,0.,0.));
#1142=DIRECTION('',(0.,0.,-1.));
#1143=DIRECTION('',(1.,0.,0.));
#1144=DIRECTION('',(0.,0.,1.));
#1145=DIRECTION('',(1.,0.,0.));
#1146=DIRECTION('',(0.,0.,-1.));
#1147=DIRECTION('',(1.,0.,0.));
#1148=DIRECTION('',(0.,0.,1.));
#1149=DIRECTION('',(1.,0.,0.));
#1150=DIRECTION('',(0.,0.,1.));
#1151=DIRECTION('',(1.,0.,0.));
#1152=DIRECTION('',(0.,0.,1.));
#1153=DIRECTION('',(1.,0.,0.));
#1154=DIRECTION('',(0.,0.,1.));
#1155=DIRECTION('',(1.,0.,0.));
#1156=DIRECTION('',(0.,0.,-1.));
#1157=DIRECTION('',(-1.,0.,0.));
#1158=DIRECTION('',(0.,-1.,0.));
#1159=DIRECTION('',(0.,0.,-1.));
#1160=DIRECTION('',(-1.,0.,0.));
#1161=DIRECTION('',(0.,1.,0.));
#1162=DIRECTION('',(-1.,0.,0.));
#1163=DIRECTION('',(0.,-1.,0.));
#1164=DIRECTION('',(1.,0.,0.));
#1165=DIRECTION('',(0.,1.,0.));
#1166=DIRECTION('',(0.,0.,-1.));
#1167=DIRECTION('',(-1.,0.,0.));
#1168=DIRECTION('',(0.,0.,-1.));
#1169=DIRECTION('',(-1.,0.,0.));
#1170=DIRECTION('',(-1.15648231731787E-16,-1.,0.));
#1171=DIRECTION('',(1.,-1.15648231731787E-16,0.));
#1172=DIRECTION('',(0.,0.,-1.));
#1173=DIRECTION('',(0.,0.,-1.));
#1174=DIRECTION('',(1.,0.,0.));
#1175=DIRECTION('',(0.,0.,-1.));
#1176=DIRECTION('',(0.,0.,-1.));
#1177=DIRECTION('',(-1.15648231731787E-16,-1.,0.));
#1178=DIRECTION('',(1.,-1.15648231731787E-16,0.));
#1179=DIRECTION('',(0.,0.,-1.));
#1180=DIRECTION('',(1.,0.,0.));
#1181=DIRECTION('',(0.,0.,-1.));
#1182=CARTESIAN_POINT('',(0.,0.,0.));
#1183=CARTESIAN_POINT('',(0.,-1.7347234759768E-18,-0.002));
#1184=CARTESIAN_POINT('',(0.0174,-0.004,-0.002));
#1185=CARTESIAN_POINT('',(0.0164,-0.004,-0.002));
#1186=CARTESIAN_POINT('',(0.0109,-0.0040000000000012,-0.002));
#1187=CARTESIAN_POINT('',(0.0164,-0.004,-0.002));
#1188=CARTESIAN_POINT('',(0.0164,-0.00523333333333334,-0.002));
#1189=CARTESIAN_POINT('',(0.0164,-0.00646666666666667,-0.002));
#1190=CARTESIAN_POINT('',(0.0164,-0.0077,-0.002));
#1191=CARTESIAN_POINT('',(0.0164,-0.0077,-0.002));
#1192=CARTESIAN_POINT('',(-1.66477494871968E-18,-0.0077,-0.002));
#1193=CARTESIAN_POINT('',(-0.0164,-0.0077,-0.002));
#1194=CARTESIAN_POINT('',(-0.0164,-0.0077,-0.002));
#1195=CARTESIAN_POINT('',(-0.0164,-0.00646666666666667,-0.002));
#1196=CARTESIAN_POINT('',(-0.0164,-0.00523333333333334,-0.002));
#1197=CARTESIAN_POINT('',(-0.0164,-0.004,-0.002));
#1198=CARTESIAN_POINT('',(-0.0164,-0.004,-0.002));
#1199=CARTESIAN_POINT('',(-0.0174,-0.004,-0.002));
#1200=CARTESIAN_POINT('',(-0.0109,-0.004,-0.002));
#1201=CARTESIAN_POINT('',(-0.0109,-0.004,-0.002));
#1202=CARTESIAN_POINT('',(-0.0109,-0.000600000000000002,-0.002));
#1203=CARTESIAN_POINT('',(-0.0109,0.0028,-0.002));
#1204=CARTESIAN_POINT('',(-0.0109,0.0062,-0.002));
#1205=CARTESIAN_POINT('',(-0.0109,0.0062,-0.002));
#1206=CARTESIAN_POINT('',(-0.0109,0.0062,-0.002));
#1207=CARTESIAN_POINT('',(-0.00363333333333333,0.0062,-0.002));
#1208=CARTESIAN_POINT('',(0.00363333333333333,0.0062,-0.002));
#1209=CARTESIAN_POINT('',(0.0109,0.0062,-0.002));
#1210=CARTESIAN_POINT('',(0.0109,0.0062,-0.002));
#1211=CARTESIAN_POINT('',(0.0109,0.0061999999999997,-0.002));
#1212=CARTESIAN_POINT('',(0.0109,0.0027999999999994,-0.002));
#1213=CARTESIAN_POINT('',(0.0109,-0.000600000000000905,-0.002));
#1214=CARTESIAN_POINT('',(0.0109,-0.00400000000000121,-0.002));
#1215=CARTESIAN_POINT('',(0.,0.00519887904636562,-0.002));
#1216=CARTESIAN_POINT('',(0.0075,0.00519887904636562,-0.002));
#1217=CARTESIAN_POINT('',(-0.0075,0.00519887904636562,-0.002));
#1218=CARTESIAN_POINT('',(-0.0075,0.000198879046365619,-0.002));
#1219=CARTESIAN_POINT('',(-0.0075,-0.00480112095363438,-0.002));
#1220=CARTESIAN_POINT('',(0.,-0.00480112095363438,-0.002));
#1221=CARTESIAN_POINT('',(0.0075,-0.00480112095363438,-0.002));
#1222=CARTESIAN_POINT('',(0.0075,0.000198879046365618,-0.002));
#1223=CARTESIAN_POINT('',(0.,-1.7347234759768E-18,0.));
#1224=CARTESIAN_POINT('',(-0.0115,-8.67361737988404E-19,0.));
#1225=CARTESIAN_POINT('',(-0.0115,0.0062,0.));
#1226=CARTESIAN_POINT('',(-0.0115,0.0064,0.));
#1227=CARTESIAN_POINT('',(0.0126,0.0062,0.));
#1228=CARTESIAN_POINT('',(-0.0124,0.0062,0.));
#1229=CARTESIAN_POINT('',(-0.0124,0.002,0.));
#1230=CARTESIAN_POINT('',(-0.0124,-0.004,0.));
#1231=CARTESIAN_POINT('',(0.0126,-0.004,0.));
#1232=CARTESIAN_POINT('',(-0.0115,-0.004,0.));
#1233=CARTESIAN_POINT('',(-0.0115,-8.67361737988404E-19,0.));
#1234=CARTESIAN_POINT('',(-0.0115,-0.0064,0.));
#1235=CARTESIAN_POINT('',(0.,-0.0064,0.));
#1236=CARTESIAN_POINT('',(0.0115,-0.0064,0.));
#1237=CARTESIAN_POINT('',(0.0115,1.7347234759768E-18,0.));
#1238=CARTESIAN_POINT('',(0.0115,-0.004,0.));
#1239=CARTESIAN_POINT('',(0.0126,-0.004,0.));
#1240=CARTESIAN_POINT('',(0.0124,-0.004,0.));
#1241=CARTESIAN_POINT('',(0.0124,4.33680868994202E-19,0.));
#1242=CARTESIAN_POINT('',(0.0124,0.0062,0.));
#1243=CARTESIAN_POINT('',(0.0126,0.0062,0.));
#1244=CARTESIAN_POINT('',(0.0115,0.0062,0.));
#1245=CARTESIAN_POINT('',(0.0115,1.7347234759768E-18,0.));
#1246=CARTESIAN_POINT('',(0.0115,0.0064,0.));
#1247=CARTESIAN_POINT('',(0.,0.0064,0.));
#1248=CARTESIAN_POINT('',(-0.0075,-1.7347234759768E-18,0.));
#1249=CARTESIAN_POINT('',(-0.0075,-0.00480112095363438,0.));
#1250=CARTESIAN_POINT('',(-0.0075,0.00519887904636562,0.));
#1251=CARTESIAN_POINT('',(6.01241168699624E-19,0.00519887904636562,0.));
#1252=CARTESIAN_POINT('',(0.0075,0.00519887904636562,0.));
#1253=CARTESIAN_POINT('',(0.0075,-1.7347234759768E-18,0.));
#1254=CARTESIAN_POINT('',(0.0075,-0.00480112095363438,0.));
#1255=CARTESIAN_POINT('',(-5.55241148618248E-19,-0.00480112095363438,0.));
#1256=CARTESIAN_POINT('',(0.0124,4.33680868994202E-19,-0.002));
#1257=CARTESIAN_POINT('',(0.0124,-0.004,0.0035));
#1258=CARTESIAN_POINT('',(0.0124,-0.004,0.004));
#1259=CARTESIAN_POINT('',(0.0124,-0.004,0.0094));
#1260=CARTESIAN_POINT('',(0.0124,4.33680868994202E-19,0.004));
#1261=CARTESIAN_POINT('',(0.0124,0.0062,0.004000275));
#1262=CARTESIAN_POINT('',(0.0124,0.0062,0.004000275));
#1263=CARTESIAN_POINT('',(0.0124,0.0062,0.00580018333333333));
#1264=CARTESIAN_POINT('',(0.0124,0.0062,0.00760009166666667));
#1265=CARTESIAN_POINT('',(0.0124,0.0062,0.0094));
#1266=CARTESIAN_POINT('',(0.0124,0.0062,0.0094));
#1267=CARTESIAN_POINT('',(0.0124,1.7347234759768E-18,0.0094));
#1268=CARTESIAN_POINT('',(0.0115,1.7347234759768E-18,0.016));
#1269=CARTESIAN_POINT('',(0.0115,1.7347234759768E-18,0.004));
#1270=CARTESIAN_POINT('',(0.0115,0.0062,0.004));
#1271=CARTESIAN_POINT('',(0.0115,-0.004,0.004));
#1272=CARTESIAN_POINT('',(0.0115,-0.004,0.016));
#1273=CARTESIAN_POINT('',(0.0115,-0.0064,0.016));
#1274=CARTESIAN_POINT('',(0.0115,-0.0064,0.0164));
#1275=CARTESIAN_POINT('',(0.0115,1.7347234759768E-18,0.0164));
#1276=CARTESIAN_POINT('',(0.0115,0.0064,0.0164));
#1277=CARTESIAN_POINT('',(0.0115,0.0064,0.016));
#1278=CARTESIAN_POINT('',(0.0115,0.0062,0.016));
#1279=CARTESIAN_POINT('',(-0.0124,-1.7347234759768E-18,-0.002));
#1280=CARTESIAN_POINT('',(-0.0124,0.0062,0.0094));
#1281=CARTESIAN_POINT('',(-0.0124,0.0062,0.00760009166666667));
#1282=CARTESIAN_POINT('',(-0.0124,0.0062,0.00580018333333333));
#1283=CARTESIAN_POINT('',(-0.0124,0.0062,0.004000275));
#1284=CARTESIAN_POINT('',(-0.0124,0.0062,0.0094));
#1285=CARTESIAN_POINT('',(-0.0124,0.0062,0.004000275));
#1286=CARTESIAN_POINT('',(-0.0124,0.,0.004));
#1287=CARTESIAN_POINT('',(-0.0124,-0.004,0.004));
#1288=CARTESIAN_POINT('',(-0.0124,-0.004,0.0035));
#1289=CARTESIAN_POINT('',(-0.0124,-0.004,0.0094));
#1290=CARTESIAN_POINT('',(-0.0124,-1.7347234759768E-18,0.0094));
#1291=CARTESIAN_POINT('',(-6.99485272571293E-20,0.0077,-0.002));
#1292=CARTESIAN_POINT('',(-0.0109,0.0077,-0.000500000000002612));
#1293=CARTESIAN_POINT('',(-0.0109,0.0077,0.00279999999999826));
#1294=CARTESIAN_POINT('',(-0.0109,0.0077,0.00609999999999913));
#1295=CARTESIAN_POINT('',(-0.0109,0.0077,0.0094));
#1296=CARTESIAN_POINT('',(-0.0109,0.0077,-0.0005));
#1297=CARTESIAN_POINT('',(-0.0109,0.0077,0.0094));
#1298=CARTESIAN_POINT('',(-0.0174,0.0077,0.0094));
#1299=CARTESIAN_POINT('',(-0.0179,0.0077,0.0094));
#1300=CARTESIAN_POINT('',(-0.0179,0.0077,-0.002));
#1301=CARTESIAN_POINT('',(-0.0179,0.0077,0.0164));
#1302=CARTESIAN_POINT('',(-6.99485272571293E-20,0.0077,0.0164));
#1303=CARTESIAN_POINT('',(0.0179,0.0077,0.0164));
#1304=CARTESIAN_POINT('',(0.0179,0.0077,-0.002));
#1305=CARTESIAN_POINT('',(0.0179,0.0077,0.0094));
#1306=CARTESIAN_POINT('',(0.0174,0.0077,0.0094));
#1307=CARTESIAN_POINT('',(0.0109,0.0077,0.0094));
#1308=CARTESIAN_POINT('',(0.0109,0.0077,0.0094));
#1309=CARTESIAN_POINT('',(0.0109,0.0077,0.00609999999999916));
#1310=CARTESIAN_POINT('',(0.0109,0.0077,0.00279999999999831));
#1311=CARTESIAN_POINT('',(0.0109,0.0077,-0.00050000000000253));
#1312=CARTESIAN_POINT('',(0.0109,0.0077,-0.0005));
#1313=CARTESIAN_POINT('',(0.0109,0.0077,-0.0005));
#1314=CARTESIAN_POINT('',(0.00363333333333333,0.0077,-0.0005));
#1315=CARTESIAN_POINT('',(-0.00363333333333333,0.0077,-0.0005));
#1316=CARTESIAN_POINT('',(-0.0109,0.0077,-0.0005));
#1317=CARTESIAN_POINT('',(-0.0124,-1.7347234759768E-18,-0.002));
#1318=CARTESIAN_POINT('',(-0.0124,0.0062,0.));
#1319=CARTESIAN_POINT('',(-0.0124,0.0062,-0.000166666666667537));
#1320=CARTESIAN_POINT('',(-0.0124,0.0062,-0.000333333333335075));
#1321=CARTESIAN_POINT('',(-0.0124,0.0062,-0.000500000000002612));
#1322=CARTESIAN_POINT('',(-0.0124,0.0062,-0.0005));
#1323=CARTESIAN_POINT('',(-0.0124,0.0062,-0.0005));
#1324=CARTESIAN_POINT('',(-0.0124,0.0028,-0.0005));
#1325=CARTESIAN_POINT('',(-0.0124,-0.000600000000000002,-0.0005));
#1326=CARTESIAN_POINT('',(-0.0124,-0.004,-0.0005));
#1327=CARTESIAN_POINT('',(-0.0124,-0.004,-0.0005));
#1328=CARTESIAN_POINT('',(-0.0124,-0.004,0.0035));
#1329=CARTESIAN_POINT('',(-0.0115,-8.67361737988404E-19,0.016));
#1330=CARTESIAN_POINT('',(-0.0115,-8.67361737988404E-19,0.004));
#1331=CARTESIAN_POINT('',(-0.0115,0.0062,0.004));
#1332=CARTESIAN_POINT('',(-0.0115,-0.004,0.004));
#1333=CARTESIAN_POINT('',(-0.0115,0.0062,0.016));
#1334=CARTESIAN_POINT('',(-0.0115,0.0064,0.016));
#1335=CARTESIAN_POINT('',(-0.0115,0.0064,0.0164));
#1336=CARTESIAN_POINT('',(-0.0115,-8.67361737988404E-19,0.0164));
#1337=CARTESIAN_POINT('',(-0.0115,-0.0064,0.0164));
#1338=CARTESIAN_POINT('',(-0.0115,-0.0064,0.016));
#1339=CARTESIAN_POINT('',(-0.0115,-0.004,0.016));
#1340=CARTESIAN_POINT('',(0.0124,4.33680868994202E-19,-0.002));
#1341=CARTESIAN_POINT('',(0.0124,-0.00400000000000121,-0.0005));
#1342=CARTESIAN_POINT('',(0.0124,-0.000600000000000806,-0.0005));
#1343=CARTESIAN_POINT('',(0.0124,0.0027999999999996,-0.0005));
#1344=CARTESIAN_POINT('',(0.0124,0.0062,-0.0005));
#1345=CARTESIAN_POINT('',(0.0124,-0.004,-0.0005));
#1346=CARTESIAN_POINT('',(0.0124,0.0062,-0.0005));
#1347=CARTESIAN_POINT('',(0.0124,0.0062,-0.00050000000000253));
#1348=CARTESIAN_POINT('',(0.0124,0.0062,-0.00033333333333502));
#1349=CARTESIAN_POINT('',(0.0124,0.0062,-0.00016666666666751));
#1350=CARTESIAN_POINT('',(0.0124,0.0062,0.));
#1351=CARTESIAN_POINT('',(0.0124,-0.004,0.0035));
#1352=CARTESIAN_POINT('',(0.,-0.0064,0.016));
#1353=CARTESIAN_POINT('',(0.,-0.0064,0.0164));
#1354=CARTESIAN_POINT('',(0.,0.0064,0.016));
#1355=CARTESIAN_POINT('',(0.,0.0064,0.0164));
#1356=CARTESIAN_POINT('',(0.0126,-0.004,0.0015));
#1357=CARTESIAN_POINT('',(-0.0164,-0.004,-0.002));
#1358=CARTESIAN_POINT('',(-0.0174,-0.004,-0.002));
#1359=CARTESIAN_POINT('',(-0.0179,-0.004,-0.0015));
#1360=CARTESIAN_POINT('',(-0.0179,-0.004,-0.0005));
#1361=CARTESIAN_POINT('',(-0.0179,-0.004,-0.0005));
#1362=CARTESIAN_POINT('',(-0.0179,-0.004,0.0035));
#1363=CARTESIAN_POINT('',(-0.0179,-0.004,0.0094));
#1364=CARTESIAN_POINT('',(-0.0174,-0.004,0.0094));
#1365=CARTESIAN_POINT('',(0.0126,-0.004,0.004));
#1366=CARTESIAN_POINT('',(-0.0124,-0.004,-0.0005));
#1367=CARTESIAN_POINT('',(-0.0124,-0.004,-0.00070340417396009));
#1368=CARTESIAN_POINT('',(-0.0123729522463804,-0.004,-0.00111230081170423));
#1369=CARTESIAN_POINT('',(-0.0120670060918621,-0.004,-0.00166538726386844));
#1370=CARTESIAN_POINT('',(-0.0115118451234196,-0.004,-0.00197332666124018));
#1371=CARTESIAN_POINT('',(-0.0111040627798721,-0.004,-0.002));
#1372=CARTESIAN_POINT('',(-0.0109,-0.004,-0.002));
#1373=CARTESIAN_POINT('',(-0.0149,-0.004,0.004));
#1374=CARTESIAN_POINT('',(-0.0134,-0.004,0.004));
#1375=CARTESIAN_POINT('',(-0.0164,-0.004,0.004));
#1376=CARTESIAN_POINT('',(-0.0164,-0.004,0.0025));
#1377=CARTESIAN_POINT('',(-0.0164,-0.004,0.001));
#1378=CARTESIAN_POINT('',(-0.0149,-0.004,0.001));
#1379=CARTESIAN_POINT('',(-0.0134,-0.004,0.001));
#1380=CARTESIAN_POINT('',(-0.0134,-0.004,0.0025));
#1381=CARTESIAN_POINT('',(0.0126,-0.004,0.0015));
#1382=CARTESIAN_POINT('',(0.0126,-0.004,0.004));
#1383=CARTESIAN_POINT('',(0.0174,-0.004,0.0094));
#1384=CARTESIAN_POINT('',(0.0179,-0.004,0.0094));
#1385=CARTESIAN_POINT('',(0.0179,-0.004,0.0035));
#1386=CARTESIAN_POINT('',(0.0179,-0.004,-0.0005));
#1387=CARTESIAN_POINT('',(0.0179,-0.004,-0.0005));
#1388=CARTESIAN_POINT('',(0.0179,-0.004,-0.0015));
#1389=CARTESIAN_POINT('',(0.0174,-0.004,-0.002));
#1390=CARTESIAN_POINT('',(0.0164,-0.004,-0.002));
#1391=CARTESIAN_POINT('',(0.0109,-0.004,-0.002));
#1392=CARTESIAN_POINT('',(0.0111034041739601,-0.004,-0.002));
#1393=CARTESIAN_POINT('',(0.0115123008117042,-0.004,-0.00197295224638036));
#1394=CARTESIAN_POINT('',(0.0120653872638684,-0.004,-0.00166700609186208));
#1395=CARTESIAN_POINT('',(0.0123733266612402,-0.004,-0.00111184512341961));
#1396=CARTESIAN_POINT('',(0.0124,-0.004,-0.000704062779872149));
#1397=CARTESIAN_POINT('',(0.0124,-0.004,-0.0005));
#1398=CARTESIAN_POINT('',(0.0164,-0.004,0.0025));
#1399=CARTESIAN_POINT('',(0.0164,-0.004,0.004));
#1400=CARTESIAN_POINT('',(0.0164,-0.004,0.001));
#1401=CARTESIAN_POINT('',(0.0149,-0.004,0.004));
#1402=CARTESIAN_POINT('',(0.0134,-0.004,0.004));
#1403=CARTESIAN_POINT('',(0.0134,-0.004,0.0025));
#1404=CARTESIAN_POINT('',(0.0134,-0.004,0.001));
#1405=CARTESIAN_POINT('',(0.0149,-0.004,0.001));
#1406=CARTESIAN_POINT('',(-0.0149,-0.0302,0.004));
#1407=CARTESIAN_POINT('',(-0.0134,-0.0302,0.004));
#1408=CARTESIAN_POINT('',(-0.0134,-0.0077,0.004));
#1409=CARTESIAN_POINT('',(-0.0149,-0.0077,0.004));
#1410=CARTESIAN_POINT('',(-0.0164,-0.0077,0.004));
#1411=CARTESIAN_POINT('',(-0.0164,-0.0302,0.004));
#1412=CARTESIAN_POINT('',(-0.0134,-0.0302,0.0025));
#1413=CARTESIAN_POINT('',(-0.0134,-0.0302,0.001));
#1414=CARTESIAN_POINT('',(-0.0134,-0.0077,0.001));
#1415=CARTESIAN_POINT('',(-0.0134,-0.0077,-0.002));
#1416=CARTESIAN_POINT('',(-0.0149,-0.0302,0.001));
#1417=CARTESIAN_POINT('',(-0.0164,-0.0302,0.001));
#1418=CARTESIAN_POINT('',(-0.0164,-0.0077,0.001));
#1419=CARTESIAN_POINT('',(-0.0149,-0.0077,0.001));
#1420=CARTESIAN_POINT('',(-0.0164,-0.0302,0.0025));
#1421=CARTESIAN_POINT('',(-0.0164,-0.0077,-0.002));
#1422=CARTESIAN_POINT('',(0.0149,-0.0302,0.004));
#1423=CARTESIAN_POINT('',(0.0134,-0.0302,0.004));
#1424=CARTESIAN_POINT('',(0.0134,-0.0077,0.004));
#1425=CARTESIAN_POINT('',(0.0164,-0.0302,0.004));
#1426=CARTESIAN_POINT('',(0.0164,-0.0077,0.004));
#1427=CARTESIAN_POINT('',(0.0149,-0.0077,0.004));
#1428=CARTESIAN_POINT('',(0.0164,-0.0302,0.0025));
#1429=CARTESIAN_POINT('',(0.0164,-0.0302,0.001));
#1430=CARTESIAN_POINT('',(0.0164,-0.0077,0.001));
#1431=CARTESIAN_POINT('',(0.0164,-0.0077,-0.002));
#1432=CARTESIAN_POINT('',(0.0149,-0.0302,0.001));
#1433=CARTESIAN_POINT('',(0.0134,-0.0302,0.001));
#1434=CARTESIAN_POINT('',(0.0134,-0.0077,0.001));
#1435=CARTESIAN_POINT('',(0.0149,-0.0077,0.001));
#1436=CARTESIAN_POINT('',(0.0134,-0.0302,0.0025));
#1437=CARTESIAN_POINT('',(0.0134,-0.0077,-0.002));
#1438=CARTESIAN_POINT('',(-1.66477494871968E-18,-0.0077,-0.002));
#1439=CARTESIAN_POINT('',(0.0164,-0.0077,-0.002));
#1440=CARTESIAN_POINT('',(0.0174,-0.0077,-0.002));
#1441=CARTESIAN_POINT('',(0.0179,-0.0077,-0.0015));
#1442=CARTESIAN_POINT('',(0.0179,-0.0077,-0.0005));
#1443=CARTESIAN_POINT('',(0.0179,-0.0077,-0.0005));
#1444=CARTESIAN_POINT('',(0.0179,-0.0077,-0.002));
#1445=CARTESIAN_POINT('',(0.0179,-0.0077,0.0164));
#1446=CARTESIAN_POINT('',(-1.66477494871968E-18,-0.0077,0.0164));
#1447=CARTESIAN_POINT('',(-0.0179,-0.0077,0.0164));
#1448=CARTESIAN_POINT('',(-0.0179,-0.0077,-0.002));
#1449=CARTESIAN_POINT('',(-0.0179,-0.0077,-0.0005));
#1450=CARTESIAN_POINT('',(-0.0179,-0.0077,-0.0005));
#1451=CARTESIAN_POINT('',(-0.0179,-0.0077,-0.0015));
#1452=CARTESIAN_POINT('',(-0.0174,-0.0077,-0.002));
#1453=CARTESIAN_POINT('',(-0.0164,-0.0077,-0.002));
#1454=CARTESIAN_POINT('',(0.0126,0.0062,0.0015));
#1455=CARTESIAN_POINT('',(0.0124,0.0062,-0.002));
#1456=CARTESIAN_POINT('',(0.0124,0.0062,0.003));
#1457=CARTESIAN_POINT('',(0.0124,0.0062,0.004));
#1458=CARTESIAN_POINT('',(0.0126,0.0062,0.004));
#1459=CARTESIAN_POINT('',(0.0126,0.0062,0.0015));
#1460=CARTESIAN_POINT('',(0.0126,0.0062,0.004));
#1461=CARTESIAN_POINT('',(-0.0124,0.0062,0.004));
#1462=CARTESIAN_POINT('',(-0.0124,0.0062,0.003));
#1463=CARTESIAN_POINT('',(-0.0124,0.0062,0.0015));
#1464=CARTESIAN_POINT('',(0.,-1.7347234759768E-18,0.0164));
#1465=CARTESIAN_POINT('',(-0.0179,-1.7347234759768E-18,0.0164));
#1466=CARTESIAN_POINT('',(0.0179,4.33680868994202E-19,0.0164));
#1467=CARTESIAN_POINT('',(0.0144,-1.56507823939029E-19,0.0164));
#1468=CARTESIAN_POINT('',(0.0154,-1.56507823939029E-19,0.0164));
#1469=CARTESIAN_POINT('',(-0.0144,-1.56507823939029E-19,0.0164));
#1470=CARTESIAN_POINT('',(-0.0134,-1.56507823939029E-19,0.0164));
#1471=CARTESIAN_POINT('',(0.,0.,0.01));
#1472=CARTESIAN_POINT('',(-0.0144,-1.56507823939029E-19,0.01));
#1473=CARTESIAN_POINT('',(-0.0134,-1.56507823939029E-19,0.01));
#1474=CARTESIAN_POINT('',(-0.0144,-1.56507823939029E-19,0.01));
#1475=CARTESIAN_POINT('',(0.,0.,0.01));
#1476=CARTESIAN_POINT('',(0.0144,-1.56507823939029E-19,0.01));
#1477=CARTESIAN_POINT('',(0.0154,-1.56507823939029E-19,0.01));
#1478=CARTESIAN_POINT('',(0.0144,-1.56507823939029E-19,0.01));
#1479=CARTESIAN_POINT('',(0.0174,1.7347234759768E-18,0.0094));
#1480=CARTESIAN_POINT('',(0.0179,1.7347234759768E-18,0.0094));
#1481=CARTESIAN_POINT('',(0.0124,0.0062,0.0094));
#1482=CARTESIAN_POINT('',(0.0124,0.00640340417396009,0.0094));
#1483=CARTESIAN_POINT('',(0.0123729522463804,0.00681230081170423,0.0094));
#1484=CARTESIAN_POINT('',(0.0120670060918621,0.00736538726386844,0.00940000000000001));
#1485=CARTESIAN_POINT('',(0.0115118451234196,0.00767332666124018,0.0094));
#1486=CARTESIAN_POINT('',(0.0111040627798721,0.0077,0.0094));
#1487=CARTESIAN_POINT('',(0.0109,0.0077,0.0094));
#1488=CARTESIAN_POINT('',(-0.0174,-1.7347234759768E-18,0.0094));
#1489=CARTESIAN_POINT('',(-0.0179,-1.7347234759768E-18,0.0094));
#1490=CARTESIAN_POINT('',(-0.0109,0.0077,0.0094));
#1491=CARTESIAN_POINT('',(-0.0111034041739601,0.0077,0.0094));
#1492=CARTESIAN_POINT('',(-0.0115123008117042,0.00767295224638036,0.0094));
#1493=CARTESIAN_POINT('',(-0.0120653872638684,0.00736700609186208,0.0094));
#1494=CARTESIAN_POINT('',(-0.0123733266612402,0.0068118451234196,0.0094));
#1495=CARTESIAN_POINT('',(-0.0124,0.00640406277987215,0.0094));
#1496=CARTESIAN_POINT('',(-0.0124,0.0062,0.0094));
#1497=CARTESIAN_POINT('',(-0.0179,-1.7347234759768E-18,0.007));
#1498=CARTESIAN_POINT('',(-0.0179,-0.004,-0.0005));
#1499=CARTESIAN_POINT('',(-0.0179,-0.00523333333333334,-0.0005));
#1500=CARTESIAN_POINT('',(-0.0179,-0.00646666666666667,-0.0005));
#1501=CARTESIAN_POINT('',(-0.0179,-0.0077,-0.0005));
#1502=CARTESIAN_POINT('',(0.0179,0.,0.007));
#1503=CARTESIAN_POINT('',(0.0179,-0.0077,-0.0005));
#1504=CARTESIAN_POINT('',(0.0179,-0.00646666666666667,-0.0005));
#1505=CARTESIAN_POINT('',(0.0179,-0.00523333333333333,-0.0005));
#1506=CARTESIAN_POINT('',(0.0179,-0.004,-0.0005));
#1507=CARTESIAN_POINT('',(0.0164,-0.004,-0.002));
#1508=CARTESIAN_POINT('',(0.0164,-0.0077,-0.002));
#1509=CARTESIAN_POINT('',(0.016625,-0.004,-0.002));
#1510=CARTESIAN_POINT('',(0.016625,-0.0077,-0.002));
#1511=CARTESIAN_POINT('',(0.01685,-0.004,-0.002));
#1512=CARTESIAN_POINT('',(0.01685,-0.0077,-0.002));
#1513=CARTESIAN_POINT('',(0.0174,-0.004,-0.00185));
#1514=CARTESIAN_POINT('',(0.0174,-0.0077,-0.00185));
#1515=CARTESIAN_POINT('',(0.01775,-0.004,-0.00149999999999999));
#1516=CARTESIAN_POINT('',(0.01775,-0.0077,-0.00149999999999999));
#1517=CARTESIAN_POINT('',(0.0179,-0.004,-0.000949999999999992));
#1518=CARTESIAN_POINT('',(0.0179,-0.0077,-0.000949999999999992));
#1519=CARTESIAN_POINT('',(0.0179,-0.004,-0.000724999999999993));
#1520=CARTESIAN_POINT('',(0.0179,-0.0077,-0.000724999999999993));
#1521=CARTESIAN_POINT('',(0.0179,-0.004,-0.000499999999999993));
#1522=CARTESIAN_POINT('',(0.0179,-0.0077,-0.000499999999999993));
#1523=CARTESIAN_POINT('',(-0.0179,-0.004,-0.000499999999999994));
#1524=CARTESIAN_POINT('',(-0.0179,-0.0077,-0.000499999999999994));
#1525=CARTESIAN_POINT('',(-0.0179,-0.004,-0.000724999999999994));
#1526=CARTESIAN_POINT('',(-0.0179,-0.0077,-0.000724999999999994));
#1527=CARTESIAN_POINT('',(-0.0179,-0.004,-0.000949999999999993));
#1528=CARTESIAN_POINT('',(-0.0179,-0.0077,-0.000949999999999993));
#1529=CARTESIAN_POINT('',(-0.01775,-0.004,-0.0015));
#1530=CARTESIAN_POINT('',(-0.01775,-0.0077,-0.0015));
#1531=CARTESIAN_POINT('',(-0.0174,-0.004,-0.00185));
#1532=CARTESIAN_POINT('',(-0.0174,-0.0077,-0.00185));
#1533=CARTESIAN_POINT('',(-0.01685,-0.004,-0.002));
#1534=CARTESIAN_POINT('',(-0.01685,-0.0077,-0.002));
#1535=CARTESIAN_POINT('',(-0.016625,-0.004,-0.002));
#1536=CARTESIAN_POINT('',(-0.016625,-0.0077,-0.002));
#1537=CARTESIAN_POINT('',(-0.0164,-0.004,-0.002));
#1538=CARTESIAN_POINT('',(-0.0164,-0.0077,-0.002));
#1539=CARTESIAN_POINT('',(0.0109,0.00626870671534978,-0.002));
#1540=CARTESIAN_POINT('',(0.0109,-0.00400000000000121,-0.002));
#1541=CARTESIAN_POINT('',(0.011125,0.00626870671534978,-0.002));
#1542=CARTESIAN_POINT('',(0.011125,-0.00400000000000121,-0.002));
#1543=CARTESIAN_POINT('',(0.01135,0.00626870671534978,-0.002));
#1544=CARTESIAN_POINT('',(0.01135,-0.00400000000000121,-0.002));
#1545=CARTESIAN_POINT('',(0.0119,0.00626870671534978,-0.00185));
#1546=CARTESIAN_POINT('',(0.0119,-0.00400000000000121,-0.00185));
#1547=CARTESIAN_POINT('',(0.01225,0.00626870671534978,-0.0015));
#1548=CARTESIAN_POINT('',(0.01225,-0.00400000000000121,-0.0015));
#1549=CARTESIAN_POINT('',(0.0124,0.00626870671534978,-0.00095));
#1550=CARTESIAN_POINT('',(0.0124,-0.00400000000000121,-0.00095));
#1551=CARTESIAN_POINT('',(0.0124,0.00626870671534978,-0.000725));
#1552=CARTESIAN_POINT('',(0.0124,-0.00400000000000121,-0.000725));
#1553=CARTESIAN_POINT('',(0.0124,0.00626870671534978,-0.0005));
#1554=CARTESIAN_POINT('',(0.0124,-0.00400000000000121,-0.0005));
#1555=CARTESIAN_POINT('',(0.010900000021877,0.00620000001283956,-0.002));
#1556=CARTESIAN_POINT('',(0.0109295758327556,0.00620000001283956,-0.002));
#1557=CARTESIAN_POINT('',(0.0110421267251854,0.00620254886067308,-0.00200074641413194));
#1558=CARTESIAN_POINT('',(0.0112177772828119,0.00620755352764663,-0.00198900137346828));
#1559=CARTESIAN_POINT('',(0.0113444109213945,0.00620788229844118,-0.00196977312309981));
#1560=CARTESIAN_POINT('',(0.0114938044776162,0.00619950246838807,-0.00193361602374928));
#1561=CARTESIAN_POINT('',(0.0115962574835044,0.0061940884651634,-0.00189724891919694));
#1562=CARTESIAN_POINT('',(0.0117169715101714,0.00619455302894648,-0.00184964848613926));
#1563=CARTESIAN_POINT('',(0.0119015952136731,0.00619833821355034,-0.00173468379487714));
#1564=CARTESIAN_POINT('',(0.0119604208258344,0.00619907766455509,-0.0016902437170384));
#1565=CARTESIAN_POINT('',(0.0121302976641224,0.00620048017666581,-0.00151507603360275));
#1566=CARTESIAN_POINT('',(0.0122381972917441,0.00620097450709403,-0.00134009550015637));
#1567=CARTESIAN_POINT('',(0.0123231694972878,0.00620094151818964,-0.00113926014331139));
#1568=CARTESIAN_POINT('',(0.0123647220437998,0.00619954236074145,-0.000970298366381064));
#1569=CARTESIAN_POINT('',(0.0123827533598137,0.00620001551759225,-0.000851594069858025));
#1570=CARTESIAN_POINT('',(0.0123880704992964,0.00620000678099212,-0.000820773559355183));
#1571=CARTESIAN_POINT('',(0.0124002467976225,0.00619722688339572,-0.000638830893658376));
#1572=CARTESIAN_POINT('',(0.012399391157735,0.00619638717730429,-0.000558350400685549));
#1573=CARTESIAN_POINT('',(0.0123999999999507,0.00619809202706543,-0.00051209918170852));
#1574=CARTESIAN_POINT('',(0.0123999999999999,0.00620027999177627,-0.000500050849874819));
#1575=CARTESIAN_POINT('',(0.0124,0.0062,-0.00055965567019268));
#1576=CARTESIAN_POINT('',(0.0124,0.0062,0.0094));
#1577=CARTESIAN_POINT('',(0.0124,0.006425,-0.00055965567019268));
#1578=CARTESIAN_POINT('',(0.0124,0.006425,0.0094));
#1579=CARTESIAN_POINT('',(0.0124,0.00665,-0.00055965567019268));
#1580=CARTESIAN_POINT('',(0.0124,0.00665,0.0094));
#1581=CARTESIAN_POINT('',(0.01225,0.0072,-0.00055965567019268));
#1582=CARTESIAN_POINT('',(0.01225,0.0072,0.0094));
#1583=CARTESIAN_POINT('',(0.0119,0.00755,-0.00055965567019268));
#1584=CARTESIAN_POINT('',(0.0119,0.00755,0.0094));
#1585=CARTESIAN_POINT('',(0.01135,0.0077,-0.00055965567019268));
#1586=CARTESIAN_POINT('',(0.01135,0.0077,0.0094));
#1587=CARTESIAN_POINT('',(0.011125,0.0077,-0.00055965567019268));
#1588=CARTESIAN_POINT('',(0.011125,0.0077,0.0094));
#1589=CARTESIAN_POINT('',(0.0109,0.0077,-0.00055965567019268));
#1590=CARTESIAN_POINT('',(0.0109,0.0077,0.0094));
#1591=CARTESIAN_POINT('',(0.0124,0.00620000840651026,-0.000500114889346568));
#1592=CARTESIAN_POINT('',(0.0123999999999791,0.00638750725311878,-0.000500126494011084));
#1593=CARTESIAN_POINT('',(0.0123804666060064,0.00678984954031794,-0.000500149703340116));
#1594=CARTESIAN_POINT('',(0.0120699201046463,0.00736992246792131,-0.000500184517333662));
#1595=CARTESIAN_POINT('',(0.0114898460403741,0.00768046752302057,-0.000500219331327208));
#1596=CARTESIAN_POINT('',(0.0110875042809554,0.00769999999999125,-0.00050024254065624));
#1597=CARTESIAN_POINT('',(0.010900005434355,0.0077,-0.000500254145320756));
#1598=CARTESIAN_POINT('',(-0.0109,-0.004,-0.002));
#1599=CARTESIAN_POINT('',(-0.0109,0.0062618004301063,-0.002));
#1600=CARTESIAN_POINT('',(-0.011125,-0.004,-0.002));
#1601=CARTESIAN_POINT('',(-0.011125,0.0062618004301063,-0.002));
#1602=CARTESIAN_POINT('',(-0.01135,-0.004,-0.002));
#1603=CARTESIAN_POINT('',(-0.01135,0.0062618004301063,-0.002));
#1604=CARTESIAN_POINT('',(-0.0119,-0.004,-0.00185));
#1605=CARTESIAN_POINT('',(-0.0119,0.0062618004301063,-0.00185));
#1606=CARTESIAN_POINT('',(-0.01225,-0.004,-0.0015));
#1607=CARTESIAN_POINT('',(-0.01225,0.0062618004301063,-0.0015));
#1608=CARTESIAN_POINT('',(-0.0124,-0.004,-0.00095));
#1609=CARTESIAN_POINT('',(-0.0124,0.0062618004301063,-0.00095));
#1610=CARTESIAN_POINT('',(-0.0124,-0.004,-0.000725));
#1611=CARTESIAN_POINT('',(-0.0124,0.0062618004301063,-0.000725));
#1612=CARTESIAN_POINT('',(-0.0124,-0.004,-0.0005));
#1613=CARTESIAN_POINT('',(-0.0124,0.0062618004301063,-0.0005));
#1614=CARTESIAN_POINT('',(-0.0123999999999994,0.00620059684901223,-0.000500106390998692));
#1615=CARTESIAN_POINT('',(-0.012399999996646,0.0062005471148984,-0.000687597524220596));
#1616=CARTESIAN_POINT('',(-0.0123804393800075,0.00620044764667074,-0.00108993743687804));
#1617=CARTESIAN_POINT('',(-0.0120698750640516,0.00620029844432924,-0.00166995962977285));
#1618=CARTESIAN_POINT('',(-0.0114898121981338,0.00620014924198775,-0.00198047219627696));
#1619=CARTESIAN_POINT('',(-0.0110874911681494,0.00620004977376008,-0.002));
#1620=CARTESIAN_POINT('',(-0.0109000000371629,0.00620000003964625,-0.002));
#1621=CARTESIAN_POINT('',(-0.0110376791166453,0.00619999999999999,-0.002));
#1622=CARTESIAN_POINT('',(0.0110315812759376,0.00619999999999999,-0.002));
#1623=CARTESIAN_POINT('',(-0.0110376791166453,0.00642499999999999,-0.00199999999999574));
#1624=CARTESIAN_POINT('',(0.0110315812759376,0.00642499999999999,-0.00199999999999574));
#1625=CARTESIAN_POINT('',(-0.0110376791166453,0.00664999999999999,-0.00199999999999574));
#1626=CARTESIAN_POINT('',(0.0110315812759376,0.00664999999999999,-0.00199999999999574));
#1627=CARTESIAN_POINT('',(-0.0110376791166453,0.00719999999999999,-0.00184999999999788));
#1628=CARTESIAN_POINT('',(0.0110315812759376,0.00719999999999999,-0.00184999999999788));
#1629=CARTESIAN_POINT('',(-0.0110376791166453,0.00755,-0.00150000000000001));
#1630=CARTESIAN_POINT('',(0.0110315812759376,0.00755,-0.00150000000000001));
#1631=CARTESIAN_POINT('',(-0.0110376791166453,0.0077,-0.00095));
#1632=CARTESIAN_POINT('',(0.0110315812759376,0.0077,-0.00095));
#1633=CARTESIAN_POINT('',(-0.0110376791166453,0.0077,-0.000725));
#1634=CARTESIAN_POINT('',(0.0110315812759376,0.0077,-0.000725));
#1635=CARTESIAN_POINT('',(-0.0110376791166453,0.0077,-0.0005));
#1636=CARTESIAN_POINT('',(0.0110315812759376,0.0077,-0.0005));
#1637=CARTESIAN_POINT('',(0.0109007358585903,0.00769999999999871,-0.000500134982812029));
#1638=CARTESIAN_POINT('',(0.0109006745388642,0.00769999999460098,-0.000687623736772446));
#1639=CARTESIAN_POINT('',(0.010900551899412,0.0076804314849462,-0.00108996262435931));
#1640=CARTESIAN_POINT('',(0.0109003679402337,0.0073698624714165,-0.00166996979072626));
#1641=CARTESIAN_POINT('',(0.0109001839810553,0.0067898036886596,-0.00198047313186547));
#1642=CARTESIAN_POINT('',(0.0109000613416031,0.00638748876320229,-0.00199999999999645));
#1643=CARTESIAN_POINT('',(0.010900000021877,0.00620000001283988,-0.002));
#1644=CARTESIAN_POINT('',(-0.0109000000371629,0.00620000003964628,-0.002));
#1645=CARTESIAN_POINT('',(-0.0109000000185914,0.00623534091015417,-0.00199999999999933));
#1646=CARTESIAN_POINT('',(-0.0109074028779969,0.00650932446346597,-0.00199509929770754));
#1647=CARTESIAN_POINT('',(-0.0109070413101057,0.00661979436138854,-0.00197209805895949));
#1648=CARTESIAN_POINT('',(-0.0109035320657756,0.00672488571803298,-0.00195116222014902));
#1649=CARTESIAN_POINT('',(-0.0109003368174612,0.00678164983242253,-0.00193463922826652));
#1650=CARTESIAN_POINT('',(-0.0108998108595008,0.0067887673438392,-0.00193394944394004));
#1651=CARTESIAN_POINT('',(-0.0109002631806173,0.00694142274400825,-0.00187991638342697));
#1652=CARTESIAN_POINT('',(-0.0109002757609878,0.00697049184330437,-0.00186570976641063));
#1653=CARTESIAN_POINT('',(-0.0109002309077044,0.00704704383936813,-0.00183041376678144));
#1654=CARTESIAN_POINT('',(-0.0109000674200765,0.00715603766195884,-0.00176544326918734));
#1655=CARTESIAN_POINT('',(-0.0108999665208155,0.00725111918828992,-0.00169550374811899));
#1656=CARTESIAN_POINT('',(-0.0108999640431993,0.00734888463607203,-0.00160382863930623));
#1657=CARTESIAN_POINT('',(-0.0109003445137255,0.00742286493109096,-0.00151865318227607));
#1658=CARTESIAN_POINT('',(-0.0109008104161625,0.00752917390235768,-0.00135538082797263));
#1659=CARTESIAN_POINT('',(-0.0109005209754791,0.00758601347342974,-0.00122492191558924));
#1660=CARTESIAN_POINT('',(-0.0109002241672565,0.00761477028691951,-0.00115156382788661));
#1661=CARTESIAN_POINT('',(-0.0108998475273438,0.00766448300618351,-0.000979990770112503));
#1662=CARTESIAN_POINT('',(-0.0109005168785101,0.00769142266526468,-0.00081014995511067));
#1663=CARTESIAN_POINT('',(-0.0108973995126847,0.00769959957792053,-0.000628595287765518));
#1664=CARTESIAN_POINT('',(-0.0108967180860847,0.00769977068654671,-0.000565371627926519));
#1665=CARTESIAN_POINT('',(-0.0108981785843581,0.00769999999994003,-0.00051235049846515));
#1666=CARTESIAN_POINT('',(-0.010900318915936,0.00769999999999991,-0.000500055515549285));
#1667=CARTESIAN_POINT('',(-0.0124,0.00619999999999999,0.0094));
#1668=CARTESIAN_POINT('',(-0.0124,0.00619999999999999,-0.000559611254333115));
#1669=CARTESIAN_POINT('',(-0.0124,0.00642499999999999,0.0094));
#1670=CARTESIAN_POINT('',(-0.0124,0.00642499999999999,-0.000559611254333115));
#1671=CARTESIAN_POINT('',(-0.0124,0.00664999999999999,0.0094));
#1672=CARTESIAN_POINT('',(-0.0124,0.00664999999999999,-0.000559611254333117));
#1673=CARTESIAN_POINT('',(-0.01225,0.00719999999999999,0.0094));
#1674=CARTESIAN_POINT('',(-0.01225,0.00719999999999999,-0.000559611254333117));
#1675=CARTESIAN_POINT('',(-0.0119,0.00755,0.0094));
#1676=CARTESIAN_POINT('',(-0.0119,0.00755,-0.000559611254333117));
#1677=CARTESIAN_POINT('',(-0.01135,0.0077,0.0094));
#1678=CARTESIAN_POINT('',(-0.01135,0.0077,-0.000559611254333115));
#1679=CARTESIAN_POINT('',(-0.011125,0.0077,0.0094));
#1680=CARTESIAN_POINT('',(-0.011125,0.0077,-0.000559611254333115));
#1681=CARTESIAN_POINT('',(-0.0109,0.0077,0.0094));
#1682=CARTESIAN_POINT('',(-0.0109,0.0077,-0.000559611254333115));
#1683=CARTESIAN_POINT('',(-0.0109000108431381,0.0077,-0.000500130263799135));
#1684=CARTESIAN_POINT('',(-0.0110875096295757,0.00769999999996517,-0.000500136908013117));
#1685=CARTESIAN_POINT('',(-0.0114898521952441,0.00768046587767972,-0.00050015019644108));
#1686=CARTESIAN_POINT('',(-0.0120699240875468,0.00736991842357759,-0.000500170129083024));
#1687=CARTESIAN_POINT('',(-0.0123804680754533,0.00678984380706518,-0.000500190061724969));
#1688=CARTESIAN_POINT('',(-0.0123999999999959,0.00638750250630609,-0.00050020335015293));
#1689=CARTESIAN_POINT('',(-0.0124,0.00620000371988894,-0.000500209994366911));
#1690=CARTESIAN_POINT('',(0.0116340044100321,0.00538528790405651,-0.00190635338895377));
#1691=CARTESIAN_POINT('',(0.011610205563545,0.00542424272194258,-0.00191639272407213));
#1692=CARTESIAN_POINT('',(0.0115623760162961,0.00550193282054258,-0.0019360423851857));
#1693=CARTESIAN_POINT('',(0.011486225672899,0.00561523122833484,-0.00196120619337159));
#1694=CARTESIAN_POINT('',(0.0114046642505013,0.00572369925952992,-0.0019805099901205));
#1695=CARTESIAN_POINT('',(0.0112827930027097,0.00585854846105905,-0.00198819212783181));
#1696=CARTESIAN_POINT('',(0.0111208772254702,0.00601976721794266,-0.00200012209015342));
#1697=CARTESIAN_POINT('',(0.0108895454211156,0.00618722543355982,-0.00199968611800774));
#1698=CARTESIAN_POINT('',(0.0107507716918863,0.00637901871144897,-0.00200002214225219));
#1699=CARTESIAN_POINT('',(0.0106218311982856,0.00651186075836056,-0.00199357137365952));
#1700=CARTESIAN_POINT('',(0.0104904564253011,0.00663790133075315,-0.0019891344654997));
#1701=CARTESIAN_POINT('',(0.0103105377325857,0.00678072301790021,-0.00197366037972914));
#1702=CARTESIAN_POINT('',(0.0101543890508542,0.00688148605290795,-0.00194432967524506));
#1703=CARTESIAN_POINT('',(0.0100754929815493,0.00693082439016521,-0.00192887376499505));
#1704=CARTESIAN_POINT('',(0.0116986728244136,0.00545141085147725,-0.00187439516355649));
#1705=CARTESIAN_POINT('',(0.011674943636118,0.00549042617941749,-0.00188452536051666));
#1706=CARTESIAN_POINT('',(0.0116277858593518,0.00556873465958901,-0.00190520025062818));
#1707=CARTESIAN_POINT('',(0.0115527391633363,0.0056834263235854,-0.00193126399554731));
#1708=CARTESIAN_POINT('',(0.0114733082199554,0.00579418493067914,-0.00195758822720567));
#1709=CARTESIAN_POINT('',(0.0113561438201004,0.00593187145791981,-0.00197218046505094));
#1710=CARTESIAN_POINT('',(0.0111924528080976,0.00609354803575864,-0.00199304565220036));
#1711=CARTESIAN_POINT('',(0.0109733511290681,0.00627165418198698,-0.00200315270148495));
#1712=CARTESIAN_POINT('',(0.0108255604718655,0.00645279807598946,-0.00199504279118635));
#1713=CARTESIAN_POINT('',(0.0106976485241366,0.00658757641025543,-0.00198107669408759));
#1714=CARTESIAN_POINT('',(0.0105621356466949,0.00670621887516377,-0.0019654650376342));
#1715=CARTESIAN_POINT('',(0.0103796982482331,0.00685039146657966,-0.00194660138804775));
#1716=CARTESIAN_POINT('',(0.0102213696823317,0.00694559559520912,-0.00191028237951953));
#1717=CARTESIAN_POINT('',(0.0101424810536235,0.00699641359113479,-0.00189688966687389));
#1718=CARTESIAN_POINT('',(0.0118267147789569,0.00558250253527202,-0.00180853934884733));
#1719=CARTESIAN_POINT('',(0.0118040842013409,0.0056222728655872,-0.00181986731797719));
#1720=CARTESIAN_POINT('',(0.0117584838700886,0.00570142691103727,-0.00184262558346097));
#1721=CARTESIAN_POINT('',(0.0116889721513137,0.00581998970755535,-0.00187680728102485));
#1722=CARTESIAN_POINT('',(0.0116092714114993,0.00593537508906499,-0.00189966850537267));
#1723=CARTESIAN_POINT('',(0.0114996701514207,0.00608075369731327,-0.00193467389712011));
#1724=CARTESIAN_POINT('',(0.0113378003165327,0.00624945778992459,-0.00197964598477737));
#1725=CARTESIAN_POINT('',(0.0111368079658519,0.00643758850340399,-0.00200802657240907));
#1726=CARTESIAN_POINT('',(0.0109810796819021,0.00659905019451826,-0.0019849461476862));
#1727=CARTESIAN_POINT('',(0.0108502547515682,0.00673431556663724,-0.00195320776889719));
#1728=CARTESIAN_POINT('',(0.0107080803866824,0.00684966024896631,-0.00191989071996622));
#1729=CARTESIAN_POINT('',(0.0105170881136771,0.00697905375758269,-0.00187839717563896));
#1730=CARTESIAN_POINT('',(0.0103555661205262,0.00708327321118153,-0.00185369641735901));
#1731=CARTESIAN_POINT('',(0.0102751110399944,0.00712843244367711,-0.00183277319955612));
#1732=CARTESIAN_POINT('',(0.0119947436647857,0.00576015135758915,-0.00167880149596071));
#1733=CARTESIAN_POINT('',(0.0119752642917411,0.0058021217223395,-0.00169242832500413));
#1734=CARTESIAN_POINT('',(0.0119366126797899,0.00588661384958841,-0.0017189991037523));
#1735=CARTESIAN_POINT('',(0.0118748590881124,0.00600967548979193,-0.00175948322218885));
#1736=CARTESIAN_POINT('',(0.0118083946376599,0.00613339793277375,-0.00180167813958718));
#1737=CARTESIAN_POINT('',(0.0117087118028243,0.00629261927413087,-0.00185906237584647));
#1738=CARTESIAN_POINT('',(0.0115582371759648,0.00647544757470392,-0.00192538660912279));
#1739=CARTESIAN_POINT('',(0.0113654858721393,0.00666856923027432,-0.00194006944467763));
#1740=CARTESIAN_POINT('',(0.0112067671515436,0.00681884365706302,-0.00193105181860937));
#1741=CARTESIAN_POINT('',(0.0110648845313506,0.00694644545927747,-0.00188613510863787));
#1742=CARTESIAN_POINT('',(0.0109153937775806,0.00706042811942245,-0.00183236105071852));
#1743=CARTESIAN_POINT('',(0.0107080165498136,0.00717168423164501,-0.00176150570893587));
#1744=CARTESIAN_POINT('',(0.0105401779182023,0.00724929364902942,-0.00171477808505116));
#1745=CARTESIAN_POINT('',(0.01045548436824,0.00728879033939246,-0.00169220499535558));
#1746=CARTESIAN_POINT('',(0.0121412265456608,0.00590818945123874,-0.00151172676934917));
#1747=CARTESIAN_POINT('',(0.0121261999208754,0.00595270354708366,-0.00152782099843302));
#1748=CARTESIAN_POINT('',(0.01209550982247,0.00604133751291711,-0.00156126684384545));
#1749=CARTESIAN_POINT('',(0.0120509076302666,0.0061762766577768,-0.00161204470035729));
#1750=CARTESIAN_POINT('',(0.0119983229571885,0.00630858527000199,-0.00166592501011686));
#1751=CARTESIAN_POINT('',(0.0119129516537587,0.00647471184183286,-0.00173633253843243));
#1752=CARTESIAN_POINT('',(0.011777971772576,0.00666109929877324,-0.00179696091740319));
#1753=CARTESIAN_POINT('',(0.0115778727946629,0.00687733664192182,-0.00180772787401121));
#1754=CARTESIAN_POINT('',(0.0114002047668995,0.0070442738967791,-0.00179676777244705));
#1755=CARTESIAN_POINT('',(0.0112483784082814,0.00715570324709998,-0.00176540303897699));
#1756=CARTESIAN_POINT('',(0.0110932454620193,0.00725962654900344,-0.00170371443427899));
#1757=CARTESIAN_POINT('',(0.0108756581756987,0.00735295398648691,-0.001612796830289));
#1758=CARTESIAN_POINT('',(0.0106936257112782,0.00740549245864647,-0.00154885963364194));
#1759=CARTESIAN_POINT('',(0.010603405103916,0.00743845056527079,-0.00151822065524181));
#1760=CARTESIAN_POINT('',(0.0122390582274655,0.00600545446877428,-0.00134105124903416));
#1761=CARTESIAN_POINT('',(0.012229694920364,0.00605258883492895,-0.00135729932509423));
#1762=CARTESIAN_POINT('',(0.0122107690727658,0.00614647372438449,-0.00138876518656903));
#1763=CARTESIAN_POINT('',(0.0121820437993466,0.00628886103546907,-0.00144080612854985));
#1764=CARTESIAN_POINT('',(0.0121400630170317,0.00642332452722351,-0.00150071516455157));
#1765=CARTESIAN_POINT('',(0.0120637858377154,0.00659467308915695,-0.00157018805536045));
#1766=CARTESIAN_POINT('',(0.0119200486847781,0.00679837385646186,-0.00161641209299622));
#1767=CARTESIAN_POINT('',(0.0117232759163773,0.00702210319015923,-0.00164307673302133));
#1768=CARTESIAN_POINT('',(0.0115356655302053,0.00718828104470803,-0.00162571176770683));
#1769=CARTESIAN_POINT('',(0.0113770289204229,0.00730757238026382,-0.00159177116159887));
#1770=CARTESIAN_POINT('',(0.0112117001940946,0.0074075446121039,-0.00154287324746584));
#1771=CARTESIAN_POINT('',(0.0109881729893234,0.00748642445820556,-0.00143997238402532));
#1772=CARTESIAN_POINT('',(0.0107954008431091,0.00751616240343957,-0.00137651847648648));
#1773=CARTESIAN_POINT('',(0.0107036369962399,0.00753861068072983,-0.0013464676025292));
#1774=CARTESIAN_POINT('',(0.0123069737808672,0.00606550580881718,-0.00117917801873792));
#1775=CARTESIAN_POINT('',(0.0122990034006959,0.00611391948442525,-0.00119514802642982));
#1776=CARTESIAN_POINT('',(0.0122875740587207,0.00621173129600287,-0.00122621242794162));
#1777=CARTESIAN_POINT('',(0.0122643202505894,0.00635770458884911,-0.0012801564339604));
#1778=CARTESIAN_POINT('',(0.0122195005485981,0.00649501054405733,-0.00133062768149015));
#1779=CARTESIAN_POINT('',(0.0121475660441548,0.00667338196425744,-0.00139772402958578));
#1780=CARTESIAN_POINT('',(0.0120179118634561,0.0068845010329256,-0.00145602190491839));
#1781=CARTESIAN_POINT('',(0.0118168301383456,0.00711661117508181,-0.00147905975125325));
#1782=CARTESIAN_POINT('',(0.0116239319963789,0.0072843122700084,-0.00146206194133457));
#1783=CARTESIAN_POINT('',(0.0114578955001571,0.00739543448263651,-0.00142411016384542));
#1784=CARTESIAN_POINT('',(0.0112854210618518,0.00748709819176726,-0.00137032944374892));
#1785=CARTESIAN_POINT('',(0.0110576287171842,0.00757315826434344,-0.00128142456544025));
#1786=CARTESIAN_POINT('',(0.0108589328756886,0.0075898903481302,-0.00121347249453499));
#1787=CARTESIAN_POINT('',(0.0107630280834077,0.00760454686437944,-0.00118565499649691));
#1788=CARTESIAN_POINT('',(0.0123473611240481,0.00610274179972714,-0.00104730043037932));
#1789=CARTESIAN_POINT('',(0.0123418739542312,0.00615214210107747,-0.00106282184649183));
#1790=CARTESIAN_POINT('',(0.0123345996853805,0.00625216426833984,-0.00109455995564549));
#1791=CARTESIAN_POINT('',(0.012313492531958,0.00639884806767835,-0.00114844547975446));
#1792=CARTESIAN_POINT('',(0.0122739476797264,0.00653957828935298,-0.00119972217056248));
#1793=CARTESIAN_POINT('',(0.0122033393047072,0.00672217162685766,-0.00126341527430684));
#1794=CARTESIAN_POINT('',(0.0120781998848246,0.00694019015682618,-0.00132280847673024));
#1795=CARTESIAN_POINT('',(0.0118779081430332,0.00717756202845972,-0.00134825408182551));
#1796=CARTESIAN_POINT('',(0.011679891367641,0.00734406496778589,-0.00132887747475548));
#1797=CARTESIAN_POINT('',(0.0115090687878296,0.00745247402383658,-0.00128978318862999));
#1798=CARTESIAN_POINT('',(0.0113308691165919,0.00754150949324176,-0.0012363660510503));
#1799=CARTESIAN_POINT('',(0.0110996157158932,0.00762394552923874,-0.00114937563916532));
#1800=CARTESIAN_POINT('',(0.010898526210647,0.00763574992850505,-0.00108256588637825));
#1801=CARTESIAN_POINT('',(0.0107999526634051,0.00764527550773144,-0.00105352237584562));
#1802=CARTESIAN_POINT('',(0.0123765078841938,0.00613436150194297,-0.000907362002610773));
#1803=CARTESIAN_POINT('',(0.0123734527216506,0.00618414220204805,-0.000923053108052019));
#1804=CARTESIAN_POINT('',(0.0123693156939748,0.00628439342269791,-0.000955153842762355));
#1805=CARTESIAN_POINT('',(0.0123494684504545,0.00643167376469212,-0.00100877182235064));
#1806=CARTESIAN_POINT('',(0.0123153332966268,0.00657536922612964,-0.00106014558359609));
#1807=CARTESIAN_POINT('',(0.0122489445749493,0.00676243926565905,-0.00112351234376255));
#1808=CARTESIAN_POINT('',(0.0121285750122086,0.00698660291519711,-0.00118387496539295));
#1809=CARTESIAN_POINT('',(0.0119289094195189,0.00722864432355792,-0.00121011278583903));
#1810=CARTESIAN_POINT('',(0.0117266978071782,0.00739434623202833,-0.00118969904857742));
#1811=CARTESIAN_POINT('',(0.0115509171990438,0.00749899122864221,-0.00114963313083416));
#1812=CARTESIAN_POINT('',(0.0113680705135066,0.00758445950458126,-0.00109638886342047));
#1813=CARTESIAN_POINT('',(0.0111315101801788,0.0076620594248077,-0.00101014604413118));
#1814=CARTESIAN_POINT('',(0.0109309868673799,0.00766971007600569,-0.000943097795982531));
#1815=CARTESIAN_POINT('',(0.0108322434920299,0.00767524153677604,-0.000914457777723089));
#1816=CARTESIAN_POINT('',(0.0123942805585928,0.00616066400499749,-0.000761413961321908));
#1817=CARTESIAN_POINT('',(0.0123928677065215,0.00621064513115232,-0.000777987901451782));
#1818=CARTESIAN_POINT('',(0.0123903979087235,0.00631123373125358,-0.000810712908123202));
#1819=CARTESIAN_POINT('',(0.0123753518058072,0.00645879837887833,-0.000864726684360712));
#1820=CARTESIAN_POINT('',(0.0123453556032251,0.00660461120634828,-0.000916950232631324));
#1821=CARTESIAN_POINT('',(0.0122843808495908,0.00679525663064416,-0.000980114388561838));
#1822=CARTESIAN_POINT('',(0.0121686798138276,0.00702474897243362,-0.00104087908520705));
#1823=CARTESIAN_POINT('',(0.0119709157899953,0.0072709689590097,-0.00106800872134257));
#1824=CARTESIAN_POINT('',(0.0117649983331456,0.00743506614902717,-0.00104675639321225));
#1825=CARTESIAN_POINT('',(0.0115848544613847,0.00753587432918883,-0.00100607746900828));
#1826=CARTESIAN_POINT('',(0.0113979921151202,0.00761607682015726,-0.000953094082009393));
#1827=CARTESIAN_POINT('',(0.0111570782937803,0.00768685592906719,-0.000866497378422519));
#1828=CARTESIAN_POINT('',(0.0109579476888436,0.00769075197005712,-0.000798678613830857));
#1829=CARTESIAN_POINT('',(0.0108593968424418,0.0076935165819209,-0.000769320855947865));
#1830=CARTESIAN_POINT('',(0.012400412737379,0.00618164117828952,-0.000611968546472844));
#1831=CARTESIAN_POINT('',(0.0124001671452474,0.00623282839314885,-0.000629899082215388));
#1832=CARTESIAN_POINT('',(0.0123999750814093,0.00633444898242474,-0.000665904867225974));
#1833=CARTESIAN_POINT('',(0.0123912140369793,0.00648257291061644,-0.000719852277849489));
#1834=CARTESIAN_POINT('',(0.0123648679414515,0.00662961656321499,-0.00077184693371659));
#1835=CARTESIAN_POINT('',(0.0123074205827821,0.00682282944109702,-0.00083487078782941));
#1836=CARTESIAN_POINT('',(0.0121977902168108,0.00705584782280791,-0.00089588885224087));
#1837=CARTESIAN_POINT('',(0.0120031081404209,0.00730334023528454,-0.000923567886435968));
#1838=CARTESIAN_POINT('',(0.0117955899707172,0.00746648808748146,-0.000901817146531153));
#1839=CARTESIAN_POINT('',(0.0116126771876831,0.00756194083495463,-0.000860881940274647));
#1840=CARTESIAN_POINT('',(0.0114227860116844,0.00763478736647156,-0.000807395417109943));
#1841=CARTESIAN_POINT('',(0.0111799780898821,0.00769925558794948,-0.000724020331714814));
#1842=CARTESIAN_POINT('',(0.010981083769378,0.00769973468502222,-0.000652979360811258));
#1843=CARTESIAN_POINT('',(0.0108807669010561,0.00770019544940075,-0.000620121925356536));
#1844=CARTESIAN_POINT('',(0.0123993669286781,0.00621193759600633,-0.000421200392197173));
#1845=CARTESIAN_POINT('',(0.012399700338054,0.00626413557166613,-0.000439828635872573));
#1846=CARTESIAN_POINT('',(0.0123995923806127,0.00636683798927032,-0.00047795563739394));
#1847=CARTESIAN_POINT('',(0.0123901191017546,0.00651643712584219,-0.000533079309372448));
#1848=CARTESIAN_POINT('',(0.0123696923128116,0.00666294082873321,-0.00058447435540967));
#1849=CARTESIAN_POINT('',(0.012322486750251,0.0068540352831717,-0.00064573693377032));
#1850=CARTESIAN_POINT('',(0.0122232632357403,0.00708752247926868,-0.000705542718165531));
#1851=CARTESIAN_POINT('',(0.0120349300367411,0.00733720482093147,-0.000734420217126472));
#1852=CARTESIAN_POINT('',(0.0118271117775264,0.00749342532589627,-0.00071227167297239));
#1853=CARTESIAN_POINT('',(0.011641230807023,0.00758536805252949,-0.000671116948590442));
#1854=CARTESIAN_POINT('',(0.0114542070131733,0.0076548635461008,-0.000618490343915898));
#1855=CARTESIAN_POINT('',(0.0112130533201402,0.00769810379546935,-0.000538921531092661));
#1856=CARTESIAN_POINT('',(0.011014042202974,0.00770012216123377,-0.000464910717996286));
#1857=CARTESIAN_POINT('',(0.0109109118216141,0.00769945930162106,-0.000429317896056067));
#1858=CARTESIAN_POINT('',(0.012401485728222,0.00624840056299923,-0.00029225640920806));
#1859=CARTESIAN_POINT('',(0.0124000673540912,0.00629910786483701,-0.000307951527936035));
#1860=CARTESIAN_POINT('',(0.012397925168349,0.0064004400161881,-0.000340978477523926));
#1861=CARTESIAN_POINT('',(0.0123843081642063,0.00654860277185726,-0.000395698672943262));
#1862=CARTESIAN_POINT('',(0.0123580961632746,0.00669293881689792,-0.000445969233982118));
#1863=CARTESIAN_POINT('',(0.0123078710016957,0.00687906235045902,-0.000506657024248175));
#1864=CARTESIAN_POINT('',(0.0122102520908395,0.00710301220748972,-0.000562752891380875));
#1865=CARTESIAN_POINT('',(0.0120324788136934,0.00733643109891038,-0.000591078381411191));
#1866=CARTESIAN_POINT('',(0.0118367656295451,0.0074838683884299,-0.000568749849772987));
#1867=CARTESIAN_POINT('',(0.0116618181619641,0.00757191918154476,-0.000529257397550715));
#1868=CARTESIAN_POINT('',(0.0114817084985543,0.00763832157339133,-0.000480157697440801));
#1869=CARTESIAN_POINT('',(0.0112477114518995,0.00768895496476667,-0.000401204788584965));
#1870=CARTESIAN_POINT('',(0.0110502454701492,0.00769988306073678,-0.000330012948384897));
#1871=CARTESIAN_POINT('',(0.0109464995573825,0.00770061408746591,-0.000300409859352922));
#1872=CARTESIAN_POINT('',(0.0124033104781567,0.00626851132307326,-0.000201331460370411));
#1873=CARTESIAN_POINT('',(0.0124018443612615,0.00631901725576893,-0.000218286259626515));
#1874=CARTESIAN_POINT('',(0.0123998002226041,0.00641988990053146,-0.000252023090655655));
#1875=CARTESIAN_POINT('',(0.0123854580871147,0.0065671773153422,-0.00030428808606039));
#1876=CARTESIAN_POINT('',(0.0123578556731695,0.00670950140872797,-0.000353030015616118));
#1877=CARTESIAN_POINT('',(0.0123031119939483,0.00689490018542752,-0.000413123847829102));
#1878=CARTESIAN_POINT('',(0.0122033358244796,0.00711367399151972,-0.000468170301372053));
#1879=CARTESIAN_POINT('',(0.0120307057817549,0.00733654842352063,-0.000493824018917731));
#1880=CARTESIAN_POINT('',(0.0118432955258242,0.00747946070456372,-0.000472327763812145));
#1881=CARTESIAN_POINT('',(0.0116751518112598,0.0075662816512736,-0.000435030934534116));
#1882=CARTESIAN_POINT('',(0.0115003756175106,0.00763594324759429,-0.000387848699990964));
#1883=CARTESIAN_POINT('',(0.0112646637505132,0.00769386238914769,-0.000308195717352064));
#1884=CARTESIAN_POINT('',(0.0110694404056883,0.00770788616322013,-0.000242456844871851));
#1885=CARTESIAN_POINT('',(0.0109676202585816,0.00770295600781293,-0.00020980498981437));
#1886=CARTESIAN_POINT('',(-0.0100798792022581,0.00693325684638759,-0.0019098385918621));
#1887=CARTESIAN_POINT('',(-0.0101192953714304,0.00690977632719472,-0.00191785827898495));
#1888=CARTESIAN_POINT('',(-0.0101971592957338,0.0068613696756359,-0.00193331746052071));
#1889=CARTESIAN_POINT('',(-0.0103104727461429,0.00678390948583585,-0.00195395185920756));
#1890=CARTESIAN_POINT('',(-0.010419471877475,0.00670061844258899,-0.00197118703646897));
#1891=CARTESIAN_POINT('',(-0.0105239043489952,0.00661081993915994,-0.00198411840344796));
#1892=CARTESIAN_POINT('',(-0.0106237839012941,0.00651449635851672,-0.00199253374044236));
#1893=CARTESIAN_POINT('',(-0.0107495699622372,0.0063782592872434,-0.00200010185578087));
#1894=CARTESIAN_POINT('',(-0.0108898610053836,0.00618763711951925,-0.00199984478932567));
#1895=CARTESIAN_POINT('',(-0.0111195684840529,0.00601950325784592,-0.0020001396935548));
#1896=CARTESIAN_POINT('',(-0.0113164852955608,0.00582527564242015,-0.00198346448298634));
#1897=CARTESIAN_POINT('',(-0.0114855544887622,0.00561389471987239,-0.00195300744433748));
#1898=CARTESIAN_POINT('',(-0.0115856065819123,0.00546011998483382,-0.00192527232031137));
#1899=CARTESIAN_POINT('',(-0.0116334065160829,0.00538110572669571,-0.00191073120424894));
#1900=CARTESIAN_POINT('',(-0.0101466077672129,0.00699591588877547,-0.00187886489485705));
#1901=CARTESIAN_POINT('',(-0.010186655756828,0.00697318339226587,-0.00188781741752288));
#1902=CARTESIAN_POINT('',(-0.0102657904434418,0.00692626844240733,-0.00190518177425377));
#1903=CARTESIAN_POINT('',(-0.0103810102836309,0.00685095386093753,-0.00192902003826334));
#1904=CARTESIAN_POINT('',(-0.0104917351703516,0.0067697788035788,-0.0019500260732094));
#1905=CARTESIAN_POINT('',(-0.0105972987948434,0.00668166733259224,-0.00196806401755838));
#1906=CARTESIAN_POINT('',(-0.0106981407033493,0.00658707480639777,-0.00198116529220864));
#1907=CARTESIAN_POINT('',(-0.0108252655929724,0.00645269228679019,-0.00199547761181346));
#1908=CARTESIAN_POINT('',(-0.0109734804660153,0.00627142289359526,-0.00200317402579434));
#1909=CARTESIAN_POINT('',(-0.0111918430916772,0.00609373331145382,-0.00199379627066896));
#1910=CARTESIAN_POINT('',(-0.0113881570859165,0.00589900685560202,-0.00196777076081535));
#1911=CARTESIAN_POINT('',(-0.0115533891557746,0.00568409714474978,-0.00192798170793618));
#1912=CARTESIAN_POINT('',(-0.0116509562254357,0.0055276855774748,-0.00189668440246969));
#1913=CARTESIAN_POINT('',(-0.0116973996595653,0.00544735109312062,-0.00188024229073433));
#1914=CARTESIAN_POINT('',(-0.0102764268996565,0.00711868485888701,-0.00181045919998657));
#1915=CARTESIAN_POINT('',(-0.0103177856982571,0.00709752698506035,-0.00182124545325216));
#1916=CARTESIAN_POINT('',(-0.0103996513090868,0.00705378307351813,-0.00184249422677847));
#1917=CARTESIAN_POINT('',(-0.0105196612537431,0.00698335877311191,-0.00187324378869627));
#1918=CARTESIAN_POINT('',(-0.010635555647849,0.00690684228758289,-0.00190152017486563));
#1919=CARTESIAN_POINT('',(-0.010745680573919,0.00682340046909793,-0.00192728666219645));
#1920=CARTESIAN_POINT('',(-0.0108494833463097,0.00673176245977714,-0.00195382135640959));
#1921=CARTESIAN_POINT('',(-0.0109816073857469,0.00660171560873069,-0.00198447804770472));
#1922=CARTESIAN_POINT('',(-0.0111377019053877,0.00643591920147662,-0.00200744581344528));
#1923=CARTESIAN_POINT('',(-0.0113373421975445,0.00624916410191207,-0.00197908855825161));
#1924=CARTESIAN_POINT('',(-0.0115315855932189,0.00604715180519912,-0.00192723984810515));
#1925=CARTESIAN_POINT('',(-0.011687171338944,0.00582242872342532,-0.00187262944291578));
#1926=CARTESIAN_POINT('',(-0.0117792330606804,0.00565923499899435,-0.00183239295418424));
#1927=CARTESIAN_POINT('',(-0.0118227828453908,0.00557635916035771,-0.00181251916799496));
#1928=CARTESIAN_POINT('',(-0.010452225036068,0.00728777250186828,-0.00168031713166653));
#1929=CARTESIAN_POINT('',(-0.0104958970955614,0.00727013672288116,-0.00169379747933988));
#1930=CARTESIAN_POINT('',(-0.0105824016492765,0.00723336567898971,-0.0017208592317419));
#1931=CARTESIAN_POINT('',(-0.0107092809774638,0.00717280790241984,-0.00176156822176981));
#1932=CARTESIAN_POINT('',(-0.0108331138715029,0.00710551160368113,-0.0018029889898881));
#1933=CARTESIAN_POINT('',(-0.0109522339306315,0.00703078934486907,-0.00184594883460893));
#1934=CARTESIAN_POINT('',(-0.0110648135721716,0.00694563003770799,-0.00188654133315861));
#1935=CARTESIAN_POINT('',(-0.0112074142996399,0.00682390106955527,-0.00192898171501761));
#1936=CARTESIAN_POINT('',(-0.011369295303911,0.00667003201902895,-0.00194777065615374));
#1937=CARTESIAN_POINT('',(-0.0115570840560882,0.00647360597002197,-0.00192549547553924));
#1938=CARTESIAN_POINT('',(-0.0117383208902501,0.00625553104207421,-0.00184531578364764));
#1939=CARTESIAN_POINT('',(-0.0118783430646274,0.00601092178383895,-0.00175813286879178));
#1940=CARTESIAN_POINT('',(-0.0119563672791565,0.0058402903848437,-0.00170749648253023));
#1941=CARTESIAN_POINT('',(-0.0119926277960424,0.00575296674033999,-0.00168163462513087));
#1942=CARTESIAN_POINT('',(-0.0106009989658786,0.00743512752387339,-0.00151394947514314));
#1943=CARTESIAN_POINT('',(-0.0106473132695964,0.00742211588313375,-0.00152965005324689));
#1944=CARTESIAN_POINT('',(-0.0107393050872045,0.00739496998615426,-0.00156187736342812));
#1945=CARTESIAN_POINT('',(-0.0108746423448327,0.00734953651084682,-0.00161305770639698));
#1946=CARTESIAN_POINT('',(-0.0110061738386546,0.00729584088461458,-0.00166814526159369));
#1947=CARTESIAN_POINT('',(-0.0111318627641129,0.00723224170961795,-0.00172050271418018));
#1948=CARTESIAN_POINT('',(-0.0112517107953134,0.00715704194998612,-0.00176284070623614));
#1949=CARTESIAN_POINT('',(-0.0114051434300282,0.00704330102767968,-0.00180338677633228));
#1950=CARTESIAN_POINT('',(-0.0115848804349071,0.00688142525942516,-0.00182572489006732));
#1951=CARTESIAN_POINT('',(-0.0117818868226922,0.00666579632012737,-0.00180279776929894));
#1952=CARTESIAN_POINT('',(-0.0119393003799603,0.00643642266775425,-0.00172343142414075));
#1953=CARTESIAN_POINT('',(-0.0120561060298107,0.0061779472686457,-0.00160928077298222));
#1954=CARTESIAN_POINT('',(-0.0121105327914017,0.00599511031686815,-0.0015421359709807));
#1955=CARTESIAN_POINT('',(-0.0121381601049095,0.00590238795708173,-0.00151116165268256));
#1956=CARTESIAN_POINT('',(-0.0107003883338068,0.00753673702168846,-0.00134341472406322));
#1957=CARTESIAN_POINT('',(-0.0107486119992557,0.00752796380188925,-0.00135923861362718));
#1958=CARTESIAN_POINT('',(-0.0108445050431954,0.00750931649566788,-0.00139191345742924));
#1959=CARTESIAN_POINT('',(-0.0109864176099276,0.00747880833241541,-0.00144526304723195));
#1960=CARTESIAN_POINT('',(-0.0111231779479162,0.00743874445881431,-0.00150198296731553));
#1961=CARTESIAN_POINT('',(-0.0112553810628257,0.00738203058052127,-0.00155219088218284));
#1962=CARTESIAN_POINT('',(-0.0113826249809198,0.0073106849240234,-0.00159411484459783));
#1963=CARTESIAN_POINT('',(-0.0115456968879117,0.00719865739846926,-0.00163599021389018));
#1964=CARTESIAN_POINT('',(-0.011737439689885,0.00703216365752776,-0.00165862417700346));
#1965=CARTESIAN_POINT('',(-0.0119379337448458,0.00680571434921774,-0.00163300975237909));
#1966=CARTESIAN_POINT('',(-0.0120955522169269,0.00655870736456565,-0.00155907113201272));
#1967=CARTESIAN_POINT('',(-0.0121854033182685,0.00629086289309623,-0.00144041170251475));
#1968=CARTESIAN_POINT('',(-0.0122199442390637,0.0060981897536316,-0.00137155793337466));
#1969=CARTESIAN_POINT('',(-0.0122399391922441,0.00600285001182836,-0.00133952022067924));
#1970=CARTESIAN_POINT('',(-0.0107623316195652,0.00760325466659229,-0.00118450842302836));
#1971=CARTESIAN_POINT('',(-0.010811625231898,0.00759746405853446,-0.00119980912426472));
#1972=CARTESIAN_POINT('',(-0.010909923172328,0.00758540748395302,-0.00123137862390867));
#1973=CARTESIAN_POINT('',(-0.0110557214071054,0.00756373811610277,-0.00128151437748798));
#1974=CARTESIAN_POINT('',(-0.0111968199874826,0.00752862287663054,-0.00133513315770203));
#1975=CARTESIAN_POINT('',(-0.0113333842091554,0.00747752325881462,-0.00138610830339027));
#1976=CARTESIAN_POINT('',(-0.011465836211719,0.00740992104362008,-0.00142886740893277));
#1977=CARTESIAN_POINT('',(-0.0116364333312124,0.0073002010794232,-0.00147176863818133));
#1978=CARTESIAN_POINT('',(-0.0118359221871033,0.00713160431170884,-0.0014947719288276));
#1979=CARTESIAN_POINT('',(-0.0120402129792664,0.00689525573663077,-0.00146854623812567));
#1980=CARTESIAN_POINT('',(-0.0121913633713717,0.00663720552739141,-0.00138994448783329));
#1981=CARTESIAN_POINT('',(-0.0122711706649541,0.00636022200989162,-0.00127602570603947));
#1982=CARTESIAN_POINT('',(-0.0122925083105168,0.00616245854331928,-0.00121084674451703));
#1983=CARTESIAN_POINT('',(-0.0123058695340568,0.00606437541793364,-0.00117908724913106));
#1984=CARTESIAN_POINT('',(-0.0108005308059361,0.00764481200407689,-0.001053751970829));
#1985=CARTESIAN_POINT('',(-0.0108502447534966,0.00764084377129308,-0.00106840944093668));
#1986=CARTESIAN_POINT('',(-0.0109496633516206,0.00763264101921412,-0.00109897005939422));
#1987=CARTESIAN_POINT('',(-0.0110973054193487,0.00761506072205356,-0.00114872633806982));
#1988=CARTESIAN_POINT('',(-0.0112410287721274,0.00758375385505882,-0.00120094396464272));
#1989=CARTESIAN_POINT('',(-0.0113809694833156,0.00753593123235174,-0.00125101130799054));
#1990=CARTESIAN_POINT('',(-0.0115171836309171,0.00747127526638294,-0.00129402771154802));
#1991=CARTESIAN_POINT('',(-0.0116929041971695,0.00736387533076556,-0.00133747548966465));
#1992=CARTESIAN_POINT('',(-0.0118978427482181,0.00719434564706402,-0.00136089356611666));
#1993=CARTESIAN_POINT('',(-0.0121032631314158,0.00695139934955297,-0.00133351130554907));
#1994=CARTESIAN_POINT('',(-0.0122494398309439,0.00668474299281933,-0.00125301661768739));
#1995=CARTESIAN_POINT('',(-0.0123229959541592,0.00640140014298554,-0.0011429457079891));
#1996=CARTESIAN_POINT('',(-0.0123378913941095,0.00620169319218485,-0.00107795840018174));
#1997=CARTESIAN_POINT('',(-0.0123464712379807,0.0061023001822351,-0.00104820089825406));
#1998=CARTESIAN_POINT('',(-0.0108324822211443,0.00767513955510904,-0.000914854366136669));
#1999=CARTESIAN_POINT('',(-0.0108823978359849,0.00767277906364328,-0.000929150745803291));
#2000=CARTESIAN_POINT('',(-0.0109821198570726,0.00766764938375086,-0.000959270343405169));
#2001=CARTESIAN_POINT('',(-0.0111300776395595,0.00765307027491015,-0.00100924786170143));
#2002=CARTESIAN_POINT('',(-0.0112756099963659,0.00762508631243353,-0.00106094407431456));
#2003=CARTESIAN_POINT('',(-0.0114184211030439,0.00758066308485384,-0.00111010390886422));
#2004=CARTESIAN_POINT('',(-0.0115579981227958,0.00751900585490396,-0.00115260816749652));
#2005=CARTESIAN_POINT('',(-0.0117381885887602,0.00741447215289005,-0.00119599331785843));
#2006=CARTESIAN_POINT('',(-0.0119474612415053,0.00724509539385999,-0.00121965546202202));
#2007=CARTESIAN_POINT('',(-0.0121524851539923,0.00699663788496151,-0.00119109475873941));
#2008=CARTESIAN_POINT('',(-0.0122931061404844,0.00672207284928283,-0.00111132331052224));
#2009=CARTESIAN_POINT('',(-0.0123617620097311,0.00643310338973614,-0.00100212038080798));
#2010=CARTESIAN_POINT('',(-0.0123713153506183,0.00623385075338567,-0.000936841570028298));
#2011=CARTESIAN_POINT('',(-0.0123762136490908,0.0061340949298199,-0.00090919433984003));
#2012=CARTESIAN_POINT('',(-0.01085496850739,0.00769044342565671,-0.000793616203069855));
#2013=CARTESIAN_POINT('',(-0.010904811707378,0.00768918899813561,-0.000808217139326954));
#2014=CARTESIAN_POINT('',(-0.0110041881123073,0.00768589024215832,-0.000839337837895418));
#2015=CARTESIAN_POINT('',(-0.0111520063750484,0.00767346004953977,-0.000890398894152778));
#2016=CARTESIAN_POINT('',(-0.0112985240313989,0.00764794208533068,-0.000941860611691703));
#2017=CARTESIAN_POINT('',(-0.0114430280380689,0.00760622602578105,-0.000990203254611996));
#2018=CARTESIAN_POINT('',(-0.0115846161713581,0.00754724082006491,-0.00103195373440949));
#2019=CARTESIAN_POINT('',(-0.0117674021270232,0.00744560865971549,-0.00107483682995553));
#2020=CARTESIAN_POINT('',(-0.011978856400694,0.00727758738910933,-0.0010984028442392));
#2021=CARTESIAN_POINT('',(-0.0121820185422647,0.00702609549904495,-0.00106948221507988));
#2022=CARTESIAN_POINT('',(-0.0123173893981752,0.00674679436362014,-0.000991056637284208));
#2023=CARTESIAN_POINT('',(-0.0123824988223426,0.00645404788361936,-0.000883425553613331));
#2024=CARTESIAN_POINT('',(-0.0123883820524399,0.00625612848449367,-0.000815103481514198));
#2025=CARTESIAN_POINT('',(-0.0123911233416614,0.00615619050575539,-0.000787162550006573));
#2026=CARTESIAN_POINT('',(-0.0108706257356796,0.00769696813437342,-0.000695075816986557));
#2027=CARTESIAN_POINT('',(-0.0109203915246107,0.0076963626506919,-0.000710676876757365));
#2028=CARTESIAN_POINT('',(-0.0110198272523888,0.00769432579454428,-0.000743251864204323));
#2029=CARTESIAN_POINT('',(-0.0111681085645253,0.00768347604051636,-0.000794980711087481));
#2030=CARTESIAN_POINT('',(-0.0113151246231857,0.00765954726131508,-0.000846190500889637));
#2031=CARTESIAN_POINT('',(-0.0114603175628489,0.0076197726181654,-0.000893739139290387));
#2032=CARTESIAN_POINT('',(-0.0116026903948312,0.00756290649419279,-0.000934739684245044));
#2033=CARTESIAN_POINT('',(-0.0117864385701795,0.00746391256123769,-0.000977030118544083));
#2034=CARTESIAN_POINT('',(-0.011998281144366,0.00729793854114147,-0.00100052883271735));
#2035=CARTESIAN_POINT('',(-0.0121989142186841,0.00704556090258485,-0.000971420762652856));
#2036=CARTESIAN_POINT('',(-0.0123296047077692,0.00676434884063588,-0.000894597809294239));
#2037=CARTESIAN_POINT('',(-0.0123924759874673,0.00647001122210826,-0.000788772026448209));
#2038=CARTESIAN_POINT('',(-0.0123959067417611,0.0062711823108831,-0.000718197603337718));
#2039=CARTESIAN_POINT('',(-0.0123973056663525,0.00617182872391112,-0.000687678578046225));
#2040=CARTESIAN_POINT('',(-0.0108815552151435,0.00769941486116849,-0.000620950826977931));
#2041=CARTESIAN_POINT('',(-0.0109315196781423,0.00769920569027751,-0.000637374634907521));
#2042=CARTESIAN_POINT('',(-0.0110313315850356,0.00769800084390014,-0.000671198533466776));
#2043=CARTESIAN_POINT('',(-0.0111800587643436,0.0076880817405708,-0.000723440057473541));
#2044=CARTESIAN_POINT('',(-0.0113272382995627,0.00766506960106527,-0.000774373609612858));
#2045=CARTESIAN_POINT('',(-0.0114725141562015,0.00762657332247924,-0.000821269068675221));
#2046=CARTESIAN_POINT('',(-0.0116149756761731,0.00757124049583252,-0.000861635149618529));
#2047=CARTESIAN_POINT('',(-0.0117987791614078,0.00747434477115986,-0.000903402214735509));
#2048=CARTESIAN_POINT('',(-0.0120100956525256,0.00731046963989,-0.000926875752532185));
#2049=CARTESIAN_POINT('',(-0.0122082476672665,0.00705832856231426,-0.000897657821484853));
#2050=CARTESIAN_POINT('',(-0.0123353085876319,0.00677687093232458,-0.000822235536325892));
#2051=CARTESIAN_POINT('',(-0.0123968214366947,0.00648217549765173,-0.000718061241006215));
#2052=CARTESIAN_POINT('',(-0.0123989147696216,0.00628234422550771,-0.000645904163376949));
#2053=CARTESIAN_POINT('',(-0.0123995117386828,0.00618283333842894,-0.000612914606996621));
#2054=CARTESIAN_POINT('',(-0.0108923128356871,0.0077000661233831,-0.000547115155211723));
#2055=CARTESIAN_POINT('',(-0.010942870129284,0.00770010679949286,-0.000564291673791931));
#2056=CARTESIAN_POINT('',(-0.0110435075265449,0.00769961539987117,-0.000599244189513957));
#2057=CARTESIAN_POINT('',(-0.0111925114102305,0.00769011662319875,-0.000651966574947774));
#2058=CARTESIAN_POINT('',(-0.0113395229293671,0.00766766249132717,-0.000702574625894176));
#2059=CARTESIAN_POINT('',(-0.0114843479230551,0.00763017717236197,-0.000748761863056412));
#2060=CARTESIAN_POINT('',(-0.0116263312624908,0.00757625563196663,-0.00078843682983511));
#2061=CARTESIAN_POINT('',(-0.0118094263582504,0.00748151413867397,-0.000829599544367982));
#2062=CARTESIAN_POINT('',(-0.0120192746343782,0.00732035277482728,-0.000853076291634451));
#2063=CARTESIAN_POINT('',(-0.0122142540979179,0.00706952320716674,-0.000823794863839243));
#2064=CARTESIAN_POINT('',(-0.0123378539221157,0.00678913858977737,-0.000749877417113473));
#2065=CARTESIAN_POINT('',(-0.0123982768572452,0.00649514921892664,-0.000647624073602371));
#2066=CARTESIAN_POINT('',(-0.0123999883500228,0.00629477843046197,-0.000573905182915972));
#2067=CARTESIAN_POINT('',(-0.0124000189557594,0.00619368033172822,-0.000538966526307147));
#2068=CARTESIAN_POINT('',(-0.0109044402886847,0.00769998804909678,-0.000474548437008529));
#2069=CARTESIAN_POINT('',(-0.0109556711514232,0.00770008412603412,-0.000491945384780091));
#2070=CARTESIAN_POINT('',(-0.0110569941695161,0.00769971815971982,-0.000527425871721019));
#2071=CARTESIAN_POINT('',(-0.0112059588687607,0.0076901031293356,-0.00058055208322647));
#2072=CARTESIAN_POINT('',(-0.011352375012414,0.00766768191624239,-0.00063079166416758));
#2073=CARTESIAN_POINT('',(-0.0114961481480366,0.00763087555590184,-0.00067625543114206));
#2074=CARTESIAN_POINT('',(-0.0116370970417477,0.00757812128234813,-0.000715195924043978));
#2075=CARTESIAN_POINT('',(-0.0118186131372261,0.00748552382250606,-0.000755651731516245));
#2076=CARTESIAN_POINT('',(-0.0120260044230783,0.0073276425739821,-0.00077914857661952));
#2077=CARTESIAN_POINT('',(-0.0122169191333513,0.0070794861561239,-0.000749874080385493));
#2078=CARTESIAN_POINT('',(-0.0123377600317798,0.00680136759847695,-0.000677541268135837));
#2079=CARTESIAN_POINT('',(-0.0123971677607971,0.00650949839061289,-0.000577223482225059));
#2080=CARTESIAN_POINT('',(-0.0124001943276332,0.00630915068612314,-0.000502167264405098));
#2081=CARTESIAN_POINT('',(-0.0123999350908537,0.00620631481435253,-0.000466772924124855));
#2082=CARTESIAN_POINT('',(-0.010919178348517,0.00770002609378065,-0.000403400758791437));
#2083=CARTESIAN_POINT('',(-0.0109703800119517,0.00770012367332587,-0.000420605747160687));
#2084=CARTESIAN_POINT('',(-0.011071762390582,0.007699146661228,-0.000455765477626266));
#2085=CARTESIAN_POINT('',(-0.0112205841751854,0.00768867107894951,-0.000509099792757976));
#2086=CARTESIAN_POINT('',(-0.0113659196061796,0.00766571757457888,-0.00055894591415094));
#2087=CARTESIAN_POINT('',(-0.011508137732066,0.00762912477001799,-0.000603733907978949));
#2088=CARTESIAN_POINT('',(-0.011647584329192,0.00757714243234764,-0.000641920660014867));
#2089=CARTESIAN_POINT('',(-0.011826603036824,0.00748659333536463,-0.000681527724266415));
#2090=CARTESIAN_POINT('',(-0.0120304631866276,0.00733239457325732,-0.000705021890886716));
#2091=CARTESIAN_POINT('',(-0.0122164360542196,0.00708859951509317,-0.000675860134882547));
#2092=CARTESIAN_POINT('',(-0.0123354678891321,0.00681369313472001,-0.00060526718137384));
#2093=CARTESIAN_POINT('',(-0.012394539987863,0.00652529647050392,-0.000506402386138841));
#2094=CARTESIAN_POINT('',(-0.0124004852703604,0.00632495380351556,-0.00043089819799713));
#2095=CARTESIAN_POINT('',(-0.0123996622973899,0.0062218516348688,-0.000395825777147763));
#2096=CARTESIAN_POINT('',(-0.0109394351711693,0.00770004729777065,-0.000313472551486493));
#2097=CARTESIAN_POINT('',(-0.0109905318235255,0.00770005782670162,-0.000330639715496989));
#2098=CARTESIAN_POINT('',(-0.0110915831401215,0.00769821681906539,-0.000365411547249301));
#2099=CARTESIAN_POINT('',(-0.0112397678148063,0.00768629478951509,-0.00041814551051286));
#2100=CARTESIAN_POINT('',(-0.0113836598898345,0.00766190805292373,-0.000467607028819067));
#2101=CARTESIAN_POINT('',(-0.0115237403894767,0.00762460597029553,-0.000511763522710129));
#2102=CARTESIAN_POINT('',(-0.0116607816229769,0.00757306142603383,-0.000548973144336395));
#2103=CARTESIAN_POINT('',(-0.0118356956422691,0.00748464897043387,-0.000587345375993316));
#2104=CARTESIAN_POINT('',(-0.0120333278002571,0.0073354754064779,-0.000610603548604966));
#2105=CARTESIAN_POINT('',(-0.0122126830928179,0.00709935398632205,-0.000581916133695457));
#2106=CARTESIAN_POINT('',(-0.012330080317178,0.00682993551068475,-0.000513694432505422));
#2107=CARTESIAN_POINT('',(-0.0123918405774403,0.00654555526290928,-0.00041570463725461));
#2108=CARTESIAN_POINT('',(-0.0124005460993912,0.0063459433619466,-0.000341027206832657));
#2109=CARTESIAN_POINT('',(-0.0123996527390821,0.00624335265108489,-0.000306056094728109));
#2110=CARTESIAN_POINT('',(-0.0109553644209797,0.00769994023723269,-0.000247270974634238));
#2111=CARTESIAN_POINT('',(-0.0110062559255059,0.00769970885945333,-0.000264321016750441));
#2112=CARTESIAN_POINT('',(-0.0111069395536834,0.0076971793061492,-0.000298850445627129));
#2113=CARTESIAN_POINT('',(-0.0112541213155731,0.00768420113665344,-0.000350801909324798));
#2114=CARTESIAN_POINT('',(-0.0113967045556727,0.00765893312801964,-0.000399663565400688));
#2115=CARTESIAN_POINT('',(-0.0115356205570797,0.00762052284150392,-0.000443549056017991));
#2116=CARTESIAN_POINT('',(-0.0116705326317394,0.00756839151374611,-0.000480211243387676));
#2117=CARTESIAN_POINT('',(-0.0118418996801119,0.00748065149767501,-0.000517645124240668));
#2118=CARTESIAN_POINT('',(-0.0120329336287887,0.00733509809641919,-0.000540020184059879));
#2119=CARTESIAN_POINT('',(-0.0122076345360881,0.00710697418608395,-0.000512525862882943));
#2120=CARTESIAN_POINT('',(-0.0123255383579457,0.00684236213538149,-0.000445668140918844));
#2121=CARTESIAN_POINT('',(-0.0123905874984048,0.00656005672742413,-0.000348011945129729));
#2122=CARTESIAN_POINT('',(-0.012400156172799,0.0063621524655433,-0.000274726450687031));
#2123=CARTESIAN_POINT('',(-0.0123998491432971,0.00626004151837627,-0.000239802125506382));
#2124=CARTESIAN_POINT('',(-0.0109658260584477,0.00769974785624127,-0.000204656454358183));
#2125=CARTESIAN_POINT('',(-0.0110165838745915,0.0076993440018861,-0.000221626609833064));
#2126=CARTESIAN_POINT('',(-0.0111169802001609,0.007696398874456,-0.000255964798223926));
#2127=CARTESIAN_POINT('',(-0.011263461279971,0.00768274863320321,-0.000307402564327117));
#2128=CARTESIAN_POINT('',(-0.0114052233857186,0.00765685939390172,-0.000355866543573629));
#2129=CARTESIAN_POINT('',(-0.0115432669201527,0.00761788273662759,-0.000399463689100567));
#2130=CARTESIAN_POINT('',(-0.0116767743690935,0.00756537979154372,-0.000435790087549691));
#2131=CARTESIAN_POINT('',(-0.0118458388795813,0.00747788915526735,-0.000472681360531243));
#2132=CARTESIAN_POINT('',(-0.0120324311591572,0.00733463159714297,-0.00049399268070833));
#2133=CARTESIAN_POINT('',(-0.0122043189402061,0.00711180107330779,-0.000467791363837505));
#2134=CARTESIAN_POINT('',(-0.0123227699193699,0.00685029598035837,-0.000401596037162236));
#2135=CARTESIAN_POINT('',(-0.0123896764705066,0.00656954156144804,-0.000304416660461231));
#2136=CARTESIAN_POINT('',(-0.0123999621492395,0.00637264486601604,-0.000231889559804305));
#2137=CARTESIAN_POINT('',(-0.0123999622737473,0.00627091780773181,-0.000197092371814347));
#2138=CARTESIAN_POINT('',(0.0126,0.,0.004));
#2139=CARTESIAN_POINT('',(0.0126,0.,0.004));
#2140=CARTESIAN_POINT('',(0.,0.00519887904636562,0.003));
#2141=CARTESIAN_POINT('',(-0.0075,0.00519887904636562,0.003));
#2142=CARTESIAN_POINT('',(0.0075,0.00519887904636562,0.003));
#2143=CARTESIAN_POINT('',(0.0075,0.000198879046365618,0.003));
#2144=CARTESIAN_POINT('',(0.0075,-0.00480112095363438,0.003));
#2145=CARTESIAN_POINT('',(0.,-0.00480112095363438,0.003));
#2146=CARTESIAN_POINT('',(-0.0075,-0.00480112095363438,0.003));
#2147=CARTESIAN_POINT('',(-0.0075,0.000198879046365619,0.003));
#2148=MECHANICAL_DESIGN_GEOMETRIC_PRESENTATION_REPRESENTATION('',(#926),
#2149);
#2149=(
GEOMETRIC_REPRESENTATION_CONTEXT(3)
GLOBAL_UNCERTAINTY_ASSIGNED_CONTEXT((#2150))
GLOBAL_UNIT_ASSIGNED_CONTEXT((#2153,#2152,#2151))
REPRESENTATION_CONTEXT('servo_holder','TOP_LEVEL_ASSEMBLY_PART')
);
#2150=UNCERTAINTY_MEASURE_WITH_UNIT(LENGTH_MEASURE(2.05500000000263E-5),
#2153,'DISTANCE_ACCURACY_VALUE','Maximum Tolerance applied to model');
#2151=(
NAMED_UNIT(*)
SI_UNIT($,.STERADIAN.)
SOLID_ANGLE_UNIT()
);
#2152=(
NAMED_UNIT(*)
PLANE_ANGLE_UNIT()
SI_UNIT($,.RADIAN.)
);
#2153=(
LENGTH_UNIT()
NAMED_UNIT(*)
SI_UNIT($,.METRE.)
);
#2154=PRODUCT_DEFINITION_SHAPE('','',#2155);
#2155=PRODUCT_DEFINITION('','',#2157,#2156);
#2156=PRODUCT_DEFINITION_CONTEXT('',#2163,'design');
#2157=PRODUCT_DEFINITION_FORMATION_WITH_SPECIFIED_SOURCE('','',#2159,
 .NOT_KNOWN.);
#2158=PRODUCT_RELATED_PRODUCT_CATEGORY('','',(#2159));
#2159=PRODUCT('servo_holder','servo_holder','servo_holder',(#2161));
#2160=PRODUCT_CATEGORY('','');
#2161=PRODUCT_CONTEXT('',#2163,'mechanical');
#2162=APPLICATION_PROTOCOL_DEFINITION('international standard',
'ap242_managed_model_based_3d_engineering',2020,#2163);
#2163=APPLICATION_CONTEXT('managed model based 3d engineering');
ENDSEC;
END-ISO-10303-21;
