ISO-10303-21;
HEADER;
/* Generated by software containing ST-Developer
 * from STEP Tools, Inc. (www.steptools.com) 
 */
/* OPTION: using custom renumber hook */

FILE_DESCRIPTION(
/* description */ ('STEP AP242 Edition 2',
'CAx-IF Rec.Pracs.---Representation and Presentation of Product Manufa
cturing Information (PMI)---4.0---2014-10-13',
'CAx-IF Rec.Pracs.---3D Tessellated Geometry---0.4---2014-09-14','2;1',
'CAx-IF Rec.Pracs.---User Defined Attributes---1.5---2016-08-15'),
/* implementation_level */ '2;1');

FILE_NAME(
/* name */ 'Assembly 1 - side',
/* time_stamp */ '2026-08-18T11:49:11Z',
/* author */ (''),
/* organization */ (''),
/* preprocessor_version */ 'ST-DEVELOPER v20',
/* originating_system */ 'ONSHAPE BY PTC INC, 1.219',
/* authorisation */ '  ');

FILE_SCHEMA (('AP242_MANAGED_MODEL_BASED_3D_ENGINEERING_MIM_LF { 1 0 10303 442 3 1 4 }'));
ENDSEC;

DATA;
#10=SHAPE_REPRESENTATION_RELATIONSHIP('','',#974,#11);
#11=ADVANCED_BREP_SHAPE_REPRESENTATION('',(#972),#2131);
#12=ORIENTED_CLOSED_SHELL('',*,#960,.F.);
#13=ORIENTED_CLOSED_SHELL('',*,#961,.F.);
#14=ORIENTED_CLOSED_SHELL('',*,#962,.F.);
#15=ORIENTED_CLOSED_SHELL('',*,#963,.F.);
#16=B_SPLINE_SURFACE_WITH_KNOTS('',5,1,((#1576,#1577),(#1578,#1579),(#1580,
#1581),(#1582,#1583),(#1584,#1585),(#1586,#1587),(#1588,#1589),(#1590,#1591)),
 .SURF_OF_LINEAR_EXTRUSION.,.F.,.F.,.F.,(6,2,6),(2,2),(0.,0.5,1.),(0.,1.),
 .UNSPECIFIED.);
#17=B_SPLINE_SURFACE_WITH_KNOTS('',5,1,((#1592,#1593),(#1594,#1595),(#1596,
#1597),(#1598,#1599),(#1600,#1601),(#1602,#1603),(#1604,#1605),(#1606,#1607)),
 .SURF_OF_LINEAR_EXTRUSION.,.F.,.F.,.F.,(6,2,6),(2,2),(0.,0.5,1.),(0.,1.),
 .UNSPECIFIED.);
#18=B_SPLINE_SURFACE_WITH_KNOTS('',3,1,((#1716,#1717),(#1718,#1719),(#1720,
#1721),(#1722,#1723),(#1724,#1725),(#1726,#1727)),
 .SURF_OF_LINEAR_EXTRUSION.,.F.,.F.,.F.,(4,1,1,4),(2,2),(0.36902801463765,
0.684514007318828,0.842257003659417,1.00000000000001),(0.,1.),
 .UNSPECIFIED.);
#19=B_SPLINE_SURFACE_WITH_KNOTS('',3,1,((#1732,#1733),(#1734,#1735),(#1736,
#1737),(#1738,#1739),(#1740,#1741),(#1742,#1743)),
 .SURF_OF_LINEAR_EXTRUSION.,.F.,.F.,.F.,(4,1,1,4),(2,2),(0.,0.157742982071873,
0.315485964143747,0.630971928287493),(0.,1.),.UNSPECIFIED.);
#20=B_SPLINE_SURFACE_WITH_KNOTS('',3,1,((#1748,#1749),(#1750,#1751),(#1752,
#1753),(#1754,#1755),(#1756,#1757),(#1758,#1759)),
 .SURF_OF_LINEAR_EXTRUSION.,.F.,.F.,.F.,(4,1,1,4),(2,2),(0.,0.157742982071911,
0.315485964143822,0.630971928287644),(0.,1.),.UNSPECIFIED.);
#21=B_SPLINE_SURFACE_WITH_KNOTS('',3,1,((#1764,#1765),(#1766,#1767),(#1768,
#1769),(#1770,#1771),(#1772,#1773),(#1774,#1775)),
 .SURF_OF_LINEAR_EXTRUSION.,.F.,.F.,.F.,(4,1,1,4),(2,2),(-1.23296434790318E-14,
0.157742996340821,0.315485992681654,0.63097198536332),(0.,1.),
 .UNSPECIFIED.);
#22=B_SPLINE_SURFACE_WITH_KNOTS('',3,1,((#1780,#1781),(#1782,#1783),(#1784,
#1785),(#1786,#1787),(#1788,#1789)),.SURF_OF_LINEAR_EXTRUSION.,.F.,.F.,
 .F.,(4,1,4),(2,2),(-1.58617605352656E-11,0.503000340682306,1.00600068138047),
(0.,1.),.UNSPECIFIED.);
#23=B_SPLINE_SURFACE_WITH_KNOTS('',3,1,((#1790,#1791),(#1792,#1793),(#1794,
#1795),(#1796,#1797),(#1798,#1799)),.SURF_OF_LINEAR_EXTRUSION.,.F.,.F.,
 .F.,(4,1,4),(2,2),(-0.00600057130569597,0.496999714370793,1.00000000004728),
(0.,1.),.UNSPECIFIED.);
#24=B_SPLINE_SURFACE_WITH_KNOTS('',3,1,((#1800,#1801),(#1802,#1803),(#1804,
#1805),(#1806,#1807),(#1808,#1809)),.SURF_OF_LINEAR_EXTRUSION.,.F.,.F.,
 .F.,(4,1,4),(2,2),(-0.00600057131958467,0.496999714372187,1.00000000006396),
(0.,1.),.UNSPECIFIED.);
#25=B_SPLINE_SURFACE_WITH_KNOTS('',3,1,((#1810,#1811),(#1812,#1813),(#1814,
#1815),(#1816,#1817),(#1818,#1819)),.SURF_OF_LINEAR_EXTRUSION.,.F.,.F.,
 .F.,(4,1,4),(2,2),(-0.00600068140261217,0.496999659298808,1.00000000000023),
(0.,1.),.UNSPECIFIED.);
#26=B_SPLINE_SURFACE_WITH_KNOTS('',5,1,((#1860,#1861),(#1862,#1863),(#1864,
#1865),(#1866,#1867),(#1868,#1869),(#1870,#1871),(#1872,#1873),(#1874,#1875)),
 .SURF_OF_LINEAR_EXTRUSION.,.F.,.F.,.F.,(6,2,6),(2,2),(0.,0.5,1.),(0.,1.),
 .UNSPECIFIED.);
#27=B_SPLINE_SURFACE_WITH_KNOTS('',5,1,((#1894,#1895),(#1896,#1897),(#1898,
#1899),(#1900,#1901),(#1902,#1903),(#1904,#1905),(#1906,#1907),(#1908,#1909)),
 .SURF_OF_LINEAR_EXTRUSION.,.F.,.F.,.F.,(6,2,6),(2,2),(0.,0.5,1.),(0.,1.),
 .UNSPECIFIED.);
#28=B_SPLINE_SURFACE_WITH_KNOTS('',5,1,((#1910,#1911),(#1912,#1913),(#1914,
#1915),(#1916,#1917),(#1918,#1919),(#1920,#1921),(#1922,#1923),(#1924,#1925)),
 .SURF_OF_LINEAR_EXTRUSION.,.F.,.F.,.F.,(6,2,6),(2,2),(0.,0.5,1.),(0.,1.),
 .UNSPECIFIED.);
#29=B_SPLINE_SURFACE_WITH_KNOTS('',5,1,((#1945,#1946),(#1947,#1948),(#1949,
#1950),(#1951,#1952),(#1953,#1954),(#1955,#1956),(#1957,#1958),(#1959,#1960)),
 .SURF_OF_LINEAR_EXTRUSION.,.F.,.F.,.F.,(6,2,6),(2,2),(0.,0.5,1.),(0.,1.),
 .UNSPECIFIED.);
#30=B_SPLINE_SURFACE_WITH_KNOTS('',5,1,((#1990,#1991),(#1992,#1993),(#1994,
#1995),(#1996,#1997),(#1998,#1999),(#2000,#2001),(#2002,#2003),(#2004,#2005)),
 .SURF_OF_LINEAR_EXTRUSION.,.F.,.F.,.F.,(6,2,6),(2,2),(0.,0.5,1.),(0.,1.),
 .UNSPECIFIED.);
#31=B_SPLINE_SURFACE_WITH_KNOTS('',5,1,((#2025,#2026),(#2027,#2028),(#2029,
#2030),(#2031,#2032),(#2033,#2034),(#2035,#2036),(#2037,#2038),(#2039,#2040)),
 .SURF_OF_LINEAR_EXTRUSION.,.F.,.F.,.F.,(6,2,6),(2,2),(0.,0.5,1.),(0.,1.),
 .UNSPECIFIED.);
#32=B_SPLINE_SURFACE_WITH_KNOTS('',5,1,((#2060,#2061),(#2062,#2063),(#2064,
#2065),(#2066,#2067),(#2068,#2069),(#2070,#2071),(#2072,#2073),(#2074,#2075)),
 .SURF_OF_LINEAR_EXTRUSION.,.F.,.F.,.F.,(6,2,6),(2,2),(0.,0.5,1.),(0.,1.),
 .UNSPECIFIED.);
#33=LINE('',#1269,#74);
#34=LINE('',#1281,#75);
#35=LINE('',#1312,#76);
#36=LINE('',#1343,#77);
#37=LINE('',#1355,#78);
#38=LINE('',#1356,#79);
#39=LINE('',#1373,#80);
#40=LINE('',#1388,#81);
#41=LINE('',#1405,#82);
#42=LINE('',#1429,#83);
#43=LINE('',#1431,#84);
#44=LINE('',#1433,#85);
#45=LINE('',#1435,#86);
#46=LINE('',#1437,#87);
#47=LINE('',#1439,#88);
#48=LINE('',#1441,#89);
#49=LINE('',#1458,#90);
#50=LINE('',#1460,#91);
#51=LINE('',#1462,#92);
#52=LINE('',#1477,#93);
#53=LINE('',#1478,#94);
#54=LINE('',#1480,#95);
#55=LINE('',#1495,#96);
#56=LINE('',#1502,#97);
#57=LINE('',#1516,#98);
#58=LINE('',#1518,#99);
#59=LINE('',#1614,#100);
#60=LINE('',#1621,#101);
#61=LINE('',#1663,#102);
#62=LINE('',#1680,#103);
#63=LINE('',#1821,#104);
#64=LINE('',#1828,#105);
#65=LINE('',#1834,#106);
#66=LINE('',#1846,#107);
#67=LINE('',#1848,#108);
#68=LINE('',#1854,#109);
#69=LINE('',#1967,#110);
#70=LINE('',#1969,#111);
#71=LINE('',#1976,#112);
#72=LINE('',#1978,#113);
#73=LINE('',#1984,#114);
#74=VECTOR('',#1066,1.);
#75=VECTOR('',#1067,1.);
#76=VECTOR('',#1068,1.);
#77=VECTOR('',#1069,1.);
#78=VECTOR('',#1070,1.);
#79=VECTOR('',#1071,1.);
#80=VECTOR('',#1072,1.);
#81=VECTOR('',#1073,1.);
#82=VECTOR('',#1074,1.);
#83=VECTOR('',#1077,1.);
#84=VECTOR('',#1078,1.);
#85=VECTOR('',#1079,1.);
#86=VECTOR('',#1080,1.);
#87=VECTOR('',#1081,1.);
#88=VECTOR('',#1082,1.);
#89=VECTOR('',#1083,1.);
#90=VECTOR('',#1084,1.);
#91=VECTOR('',#1085,1.);
#92=VECTOR('',#1086,1.);
#93=VECTOR('',#1089,1.);
#94=VECTOR('',#1090,1.);
#95=VECTOR('',#1091,1.);
#96=VECTOR('',#1094,1.);
#97=VECTOR('',#1097,1.);
#98=VECTOR('',#1098,1.);
#99=VECTOR('',#1099,1.);
#100=VECTOR('',#1104,1.);
#101=VECTOR('',#1107,1.);
#102=VECTOR('',#1112,1.);
#103=VECTOR('',#1115,1.);
#104=VECTOR('',#1120,1.);
#105=VECTOR('',#1121,1.);
#106=VECTOR('',#1124,1.);
#107=VECTOR('',#1133,1.);
#108=VECTOR('',#1134,1.);
#109=VECTOR('',#1137,1.);
#110=VECTOR('',#1146,1.);
#111=VECTOR('',#1147,1.);
#112=VECTOR('',#1150,1.);
#113=VECTOR('',#1151,1.);
#114=VECTOR('',#1154,1.);
#115=B_SPLINE_CURVE_WITH_KNOTS('',3,(#1253,#1254,#1255,#1256),
 .UNSPECIFIED.,.F.,.F.,(4,4),(0.,1.),.UNSPECIFIED.);
#116=B_SPLINE_CURVE_WITH_KNOTS('',3,(#1259,#1260,#1261,#1262),
 .UNSPECIFIED.,.F.,.F.,(4,4),(0.,1.),.UNSPECIFIED.);
#117=B_SPLINE_CURVE_WITH_KNOTS('',3,(#1264,#1265,#1266,#1267),
 .UNSPECIFIED.,.F.,.F.,(4,4),(0.,1.),.UNSPECIFIED.);
#118=B_SPLINE_CURVE_WITH_KNOTS('',3,(#1271,#1272,#1273,#1274),
 .UNSPECIFIED.,.F.,.F.,(4,4),(0.,1.),.UNSPECIFIED.);
#119=B_SPLINE_CURVE_WITH_KNOTS('',3,(#1276,#1277,#1278,#1279),
 .UNSPECIFIED.,.F.,.F.,(4,4),(0.,1.),.UNSPECIFIED.);
#120=B_SPLINE_CURVE_WITH_KNOTS('',3,(#1283,#1284,#1285,#1286,#1287,#1288,
#1289,#1290,#1291,#1292,#1293,#1294,#1295,#1296,#1297,#1298,#1299,#1300,
#1301,#1302,#1303,#1304,#1305,#1306,#1307,#1308,#1309,#1310),
 .UNSPECIFIED.,.F.,.F.,(4,1,1,1,1,1,1,1,1,1,1,1,1,1,1,1,1,1,1,1,1,1,1,1,
1,4),(0.,0.03125,0.046875,0.0625,0.0703125,0.078125,0.09375,0.125,0.15625,
0.1875,0.25,0.28125,0.3125,0.375,0.5,0.625,0.6875,0.75,0.78125,0.8125,0.84375,
0.875,0.890625,0.90625,0.9375,1.),.UNSPECIFIED.);
#121=B_SPLINE_CURVE_WITH_KNOTS('',3,(#1314,#1315,#1316,#1317,#1318,#1319,
#1320,#1321,#1322,#1323,#1324,#1325,#1326,#1327,#1328,#1329,#1330,#1331,
#1332,#1333,#1334,#1335,#1336,#1337,#1338,#1339,#1340,#1341),
 .UNSPECIFIED.,.F.,.F.,(4,1,1,1,1,1,1,1,1,1,1,1,1,1,1,1,1,1,1,1,1,1,1,1,
1,4),(0.,0.03125,0.046875,0.0625,0.0703125,0.078125,0.09375,0.125,0.15625,
0.1875,0.25,0.28125,0.3125,0.375,0.5,0.625,0.6875,0.75,0.78125,0.8125,0.84375,
0.875,0.890625,0.90625,0.9375,1.),.UNSPECIFIED.);
#122=B_SPLINE_CURVE_WITH_KNOTS('',3,(#1345,#1346,#1347,#1348),
 .UNSPECIFIED.,.F.,.F.,(4,4),(0.,1.),.UNSPECIFIED.);
#123=B_SPLINE_CURVE_WITH_KNOTS('',3,(#1350,#1351,#1352,#1353),
 .UNSPECIFIED.,.F.,.F.,(4,4),(0.,1.),.UNSPECIFIED.);
#124=B_SPLINE_CURVE_WITH_KNOTS('',3,(#1359,#1360,#1361,#1362,#1363),
 .UNSPECIFIED.,.F.,.F.,(4,1,4),(0.,0.00152896042320492,0.00305792084640984),
 .UNSPECIFIED.);
#125=B_SPLINE_CURVE_WITH_KNOTS('',3,(#1365,#1366,#1367,#1368,#1369,#1370,
#1371),.UNSPECIFIED.,.F.,.F.,(4,1,1,1,4),(0.,0.000294171969495509,0.000588343938991019,
0.000882515908486528,0.00117668787798204),.UNSPECIFIED.);
#126=B_SPLINE_CURVE_WITH_KNOTS('',3,(#1375,#1376,#1377,#1378,#1379,#1380,
#1381),.UNSPECIFIED.,.F.,.F.,(4,1,1,1,4),(0.,0.000293570981047873,0.000587141962095747,
0.00088071294314362,0.00117428392419149),.UNSPECIFIED.);
#127=B_SPLINE_CURVE_WITH_KNOTS('',3,(#1383,#1384,#1385,#1386,#1387),
 .UNSPECIFIED.,.F.,.F.,(4,1,4),(0.000795325397788032,0.00232396556311881,
0.0038526057284496),.UNSPECIFIED.);
#128=B_SPLINE_CURVE_WITH_KNOTS('',3,(#1391,#1392,#1393,#1394,#1395),
 .UNSPECIFIED.,.F.,.F.,(4,1,4),(0.,0.00152896042320935,0.0030579208464187),
 .UNSPECIFIED.);
#129=B_SPLINE_CURVE_WITH_KNOTS('',3,(#1397,#1398,#1399,#1400,#1401,#1402,
#1403),.UNSPECIFIED.,.F.,.F.,(4,1,1,1,4),(0.,0.000294171969489903,0.000588343938979805,
0.000882515908469708,0.00117668787795961),.UNSPECIFIED.);
#130=B_SPLINE_CURVE_WITH_KNOTS('',3,(#1407,#1408,#1409,#1410,#1411,#1412,
#1413),.UNSPECIFIED.,.F.,.F.,(4,1,1,1,4),(0.,0.000293570981045554,0.000587141962091109,
0.000880712943136663,0.00117428392418222),.UNSPECIFIED.);
#131=B_SPLINE_CURVE_WITH_KNOTS('',3,(#1415,#1416,#1417,#1418,#1419),
 .UNSPECIFIED.,.F.,.F.,(4,1,4),(0.000795325397783186,0.00232396556311635,
0.00385260572844951),.UNSPECIFIED.);
#132=B_SPLINE_CURVE_WITH_KNOTS('',3,(#1421,#1422,#1423,#1424,#1425,#1426,
#1427),.UNSPECIFIED.,.F.,.F.,(4,1,1,1,4),(0.,0.000808689795859738,0.00161737959171948,
0.00242606938757921,0.00323475918343895),.UNSPECIFIED.);
#133=B_SPLINE_CURVE_WITH_KNOTS('',3,(#1443,#1444,#1445,#1446,#1447,#1448,
#1449),.UNSPECIFIED.,.F.,.F.,(4,1,1,1,4),(0.,0.000808689795859743,0.00161737959171949,
0.00242606938757923,0.00323475918343897),.UNSPECIFIED.);
#134=B_SPLINE_CURVE_WITH_KNOTS('',3,(#1450,#1451,#1452,#1453,#1454,#1455,
#1456),.UNSPECIFIED.,.F.,.F.,(4,1,1,1,4),(0.,0.00080868979585972,0.00161737959171944,
0.00242606938757916,0.00323475918343888),.UNSPECIFIED.);
#135=B_SPLINE_CURVE_WITH_KNOTS('',3,(#1464,#1465,#1466,#1467,#1468,#1469,
#1470),.UNSPECIFIED.,.F.,.F.,(4,1,1,1,4),(0.,0.000808689795859725,0.00161737959171945,
0.00242606938757918,0.0032347591834389),.UNSPECIFIED.);
#136=B_SPLINE_CURVE_WITH_KNOTS('',3,(#1472,#1473,#1474,#1475),
 .UNSPECIFIED.,.F.,.F.,(4,4),(0.,1.),.UNSPECIFIED.);
#137=B_SPLINE_CURVE_WITH_KNOTS('',3,(#1482,#1483,#1484,#1485,#1486,#1487,
#1488),.UNSPECIFIED.,.F.,.F.,(4,1,1,1,4),(0.,0.00080868979585972,0.00161737959171944,
0.00242606938757916,0.00323475918343888),.UNSPECIFIED.);
#138=B_SPLINE_CURVE_WITH_KNOTS('',3,(#1490,#1491,#1492,#1493),
 .UNSPECIFIED.,.F.,.F.,(4,4),(0.,1.),.UNSPECIFIED.);
#139=B_SPLINE_CURVE_WITH_KNOTS('',3,(#1497,#1498,#1499,#1500),
 .UNSPECIFIED.,.F.,.F.,(4,4),(0.,1.),.UNSPECIFIED.);
#140=B_SPLINE_CURVE_WITH_KNOTS('',3,(#1504,#1505,#1506,#1507),
 .UNSPECIFIED.,.F.,.F.,(4,4),(0.,1.),.UNSPECIFIED.);
#141=B_SPLINE_CURVE_WITH_KNOTS('',3,(#1508,#1509,#1510,#1511,#1512,#1513,
#1514),.UNSPECIFIED.,.F.,.F.,(4,1,1,1,4),(0.,0.000808689795859718,0.00161737959171944,
0.00242606938757915,0.00323475918343887),.UNSPECIFIED.);
#142=B_SPLINE_CURVE_WITH_KNOTS('',3,(#1520,#1521,#1522,#1523,#1524,#1525,
#1526,#1527,#1528,#1529,#1530,#1531,#1532,#1533,#1534,#1535,#1536,#1537,
#1538,#1539,#1540,#1541,#1542,#1543,#1544,#1545,#1546,#1547),
 .UNSPECIFIED.,.F.,.F.,(4,1,1,1,1,1,1,1,1,1,1,1,1,1,1,1,1,1,1,1,1,1,1,1,
1,4),(0.,0.03125,0.046875,0.0625,0.0703125,0.078125,0.09375,0.125,0.15625,
0.1875,0.25,0.28125,0.3125,0.375,0.5,0.625,0.6875,0.75,0.78125,0.8125,0.84375,
0.875,0.890625,0.90625,0.9375,1.),.UNSPECIFIED.);
#143=B_SPLINE_CURVE_WITH_KNOTS('',3,(#1548,#1549,#1550,#1551,#1552,#1553,
#1554,#1555,#1556,#1557,#1558,#1559,#1560,#1561,#1562,#1563,#1564,#1565,
#1566,#1567,#1568,#1569,#1570,#1571,#1572,#1573,#1574,#1575),
 .UNSPECIFIED.,.F.,.F.,(4,1,1,1,1,1,1,1,1,1,1,1,1,1,1,1,1,1,1,1,1,1,1,1,
1,4),(0.,0.03125,0.046875,0.0625,0.0703125,0.078125,0.09375,0.125,0.15625,
0.1875,0.25,0.28125,0.3125,0.375,0.5,0.625,0.6875,0.75,0.78125,0.8125,0.84375,
0.875,0.890625,0.90625,0.9375,1.),.UNSPECIFIED.);
#144=B_SPLINE_CURVE_WITH_KNOTS('',3,(#1609,#1610,#1611,#1612),
 .UNSPECIFIED.,.F.,.F.,(4,4),(0.,1.),.UNSPECIFIED.);
#145=B_SPLINE_CURVE_WITH_KNOTS('',3,(#1616,#1617,#1618,#1619),
 .UNSPECIFIED.,.F.,.F.,(4,4),(0.,1.),.UNSPECIFIED.);
#146=B_SPLINE_CURVE_WITH_KNOTS('',3,(#1624,#1625,#1626,#1627),
 .UNSPECIFIED.,.F.,.F.,(4,4),(0.,1.),.UNSPECIFIED.);
#147=B_SPLINE_CURVE_WITH_KNOTS('',3,(#1628,#1629,#1630,#1631),
 .UNSPECIFIED.,.F.,.F.,(4,4),(0.,1.),.UNSPECIFIED.);
#148=B_SPLINE_CURVE_WITH_KNOTS('',3,(#1633,#1634,#1635,#1636),
 .UNSPECIFIED.,.F.,.F.,(4,4),(0.,0.99999886740252),.UNSPECIFIED.);
#149=B_SPLINE_CURVE_WITH_KNOTS('',3,(#1638,#1639,#1640,#1641,#1642,#1643,
#1644,#1645,#1646),.UNSPECIFIED.,.F.,.F.,(4,1,1,1,1,1,4),(0.197570406678357,
0.398177805008768,0.598785203339178,0.699088902504384,0.799392601669589,
0.899696300834795,1.),.UNSPECIFIED.);
#150=B_SPLINE_CURVE_WITH_KNOTS('',3,(#1647,#1648,#1649,#1650,#1651,#1652,
#1653,#1654,#1655,#1656),.UNSPECIFIED.,.F.,.F.,(4,1,1,1,1,1,1,4),(0.,0.100240216391698,
0.150360324587547,0.200480432783397,0.300720649175095,0.400960865566793,
0.60144129835019,0.801921731133586),.UNSPECIFIED.);
#151=B_SPLINE_CURVE_WITH_KNOTS('',3,(#1658,#1659,#1660,#1661),
 .UNSPECIFIED.,.F.,.F.,(4,4),(0.,1.),.UNSPECIFIED.);
#152=B_SPLINE_CURVE_WITH_KNOTS('',3,(#1666,#1667,#1668,#1669),
 .UNSPECIFIED.,.F.,.F.,(4,4),(0.,1.),.UNSPECIFIED.);
#153=B_SPLINE_CURVE_WITH_KNOTS('',3,(#1670,#1671,#1672,#1673),
 .UNSPECIFIED.,.F.,.F.,(4,4),(0.,1.),.UNSPECIFIED.);
#154=B_SPLINE_CURVE_WITH_KNOTS('',3,(#1675,#1676,#1677,#1678),
 .UNSPECIFIED.,.F.,.F.,(4,4),(0.,1.),.UNSPECIFIED.);
#155=B_SPLINE_CURVE_WITH_KNOTS('',3,(#1682,#1683,#1684,#1685),
 .UNSPECIFIED.,.F.,.F.,(4,4),(0.,1.),.UNSPECIFIED.);
#156=B_SPLINE_CURVE_WITH_KNOTS('',3,(#1687,#1688,#1689,#1690),
 .UNSPECIFIED.,.F.,.F.,(4,4),(0.,0.999998867402457),.UNSPECIFIED.);
#157=B_SPLINE_CURVE_WITH_KNOTS('',3,(#1692,#1693,#1694,#1695,#1696,#1697,
#1698,#1699,#1700),.UNSPECIFIED.,.F.,.F.,(4,1,1,1,1,1,4),(0.19757040668167,
0.398177805011252,0.598785203340835,0.699088902505626,0.799392601670417,
0.899696300835209,1.),.UNSPECIFIED.);
#158=B_SPLINE_CURVE_WITH_KNOTS('',3,(#1701,#1702,#1703,#1704,#1705,#1706,
#1707,#1708,#1709,#1710),.UNSPECIFIED.,.F.,.F.,(4,1,1,1,1,1,1,4),(0.,0.100240216391729,
0.150360324587593,0.200480432783458,0.300720649175187,0.400960865566916,
0.601441298350374,0.801921731133832),.UNSPECIFIED.);
#159=B_SPLINE_CURVE_WITH_KNOTS('',3,(#1712,#1713,#1714,#1715),
 .UNSPECIFIED.,.F.,.F.,(4,4),(0.,1.),.UNSPECIFIED.);
#160=B_SPLINE_CURVE_WITH_KNOTS('',3,(#1728,#1729,#1730,#1731),
 .UNSPECIFIED.,.F.,.F.,(4,4),(0.,1.),.UNSPECIFIED.);
#161=B_SPLINE_CURVE_WITH_KNOTS('',3,(#1744,#1745,#1746,#1747),
 .UNSPECIFIED.,.F.,.F.,(4,4),(0.,1.),.UNSPECIFIED.);
#162=B_SPLINE_CURVE_WITH_KNOTS('',3,(#1760,#1761,#1762,#1763),
 .UNSPECIFIED.,.F.,.F.,(4,4),(0.,1.),.UNSPECIFIED.);
#163=B_SPLINE_CURVE_WITH_KNOTS('',3,(#1776,#1777,#1778,#1779),
 .UNSPECIFIED.,.F.,.F.,(4,4),(0.,1.),.UNSPECIFIED.);
#164=B_SPLINE_CURVE_WITH_KNOTS('',3,(#1824,#1825,#1826,#1827),
 .UNSPECIFIED.,.F.,.F.,(4,4),(0.,1.),.UNSPECIFIED.);
#165=B_SPLINE_CURVE_WITH_KNOTS('',3,(#1830,#1831,#1832,#1833),
 .UNSPECIFIED.,.F.,.F.,(4,4),(0.,1.),.UNSPECIFIED.);
#166=B_SPLINE_CURVE_WITH_KNOTS('',3,(#1841,#1842,#1843,#1844),
 .UNSPECIFIED.,.F.,.F.,(4,4),(0.,1.),.UNSPECIFIED.);
#167=B_SPLINE_CURVE_WITH_KNOTS('',3,(#1850,#1851,#1852,#1853),
 .UNSPECIFIED.,.F.,.F.,(4,4),(0.,1.),.UNSPECIFIED.);
#168=B_SPLINE_CURVE_WITH_KNOTS('',3,(#1876,#1877,#1878,#1879,#1880,#1881,
#1882,#1883,#1884,#1885,#1886,#1887,#1888,#1889,#1890,#1891,#1892,#1893),
 .UNSPECIFIED.,.F.,.F.,(4,1,1,1,1,1,1,1,1,1,1,1,1,1,1,4),(0.,0.0625,0.125,
0.25,0.375,0.4375,0.5,0.5625,0.625,0.6875,0.71875,0.75,0.78125,0.8125,0.875,
1.),.UNSPECIFIED.);
#169=B_SPLINE_CURVE_WITH_KNOTS('',3,(#1926,#1927,#1928,#1929,#1930,#1931,
#1932,#1933,#1934,#1935,#1936,#1937,#1938,#1939,#1940,#1941,#1942,#1943,
#1944),.UNSPECIFIED.,.F.,.F.,(4,1,1,1,1,1,1,1,1,1,1,1,1,1,1,1,4),(0.,0.125,
0.1875,0.21875,0.25,0.28125,0.3125,0.34375,0.375,0.4375,0.5,0.5625,0.625,
0.75,0.875,0.9375,1.),.UNSPECIFIED.);
#170=B_SPLINE_CURVE_WITH_KNOTS('',3,(#1962,#1963,#1964,#1965),
 .UNSPECIFIED.,.F.,.F.,(4,4),(0.,1.),.UNSPECIFIED.);
#171=B_SPLINE_CURVE_WITH_KNOTS('',3,(#1971,#1972,#1973,#1974),
 .UNSPECIFIED.,.F.,.F.,(4,4),(0.,1.),.UNSPECIFIED.);
#172=B_SPLINE_CURVE_WITH_KNOTS('',3,(#1980,#1981,#1982,#1983),
 .UNSPECIFIED.,.F.,.F.,(4,4),(0.,1.),.UNSPECIFIED.);
#173=B_SPLINE_CURVE_WITH_KNOTS('',3,(#2006,#2007,#2008,#2009,#2010,#2011,
#2012,#2013,#2014,#2015,#2016,#2017,#2018,#2019,#2020,#2021,#2022,#2023,
#2024),.UNSPECIFIED.,.F.,.F.,(4,1,1,1,1,1,1,1,1,1,1,1,1,1,1,1,4),(0.,0.125,
0.1875,0.21875,0.25,0.28125,0.3125,0.34375,0.375,0.4375,0.5,0.5625,0.625,
0.75,0.875,0.9375,1.),.UNSPECIFIED.);
#174=B_SPLINE_CURVE_WITH_KNOTS('',3,(#2041,#2042,#2043,#2044,#2045,#2046,
#2047,#2048,#2049,#2050,#2051,#2052,#2053,#2054,#2055,#2056,#2057,#2058,
#2059),.UNSPECIFIED.,.F.,.F.,(4,1,1,1,1,1,1,1,1,1,1,1,1,1,1,1,4),(0.,0.125,
0.1875,0.21875,0.25,0.28125,0.3125,0.34375,0.375,0.4375,0.5,0.5625,0.625,
0.75,0.875,0.9375,1.),.UNSPECIFIED.);
#175=PLANE('',#982);
#176=PLANE('',#983);
#177=PLANE('',#984);
#178=PLANE('',#985);
#179=PLANE('',#986);
#180=PLANE('',#987);
#181=PLANE('',#988);
#182=PLANE('',#989);
#183=PLANE('',#990);
#184=PLANE('',#991);
#185=PLANE('',#992);
#186=PLANE('',#993);
#187=PLANE('',#994);
#188=PLANE('',#995);
#189=PLANE('',#996);
#190=PLANE('',#999);
#191=PLANE('',#1000);
#192=PLANE('',#1001);
#193=PLANE('',#1004);
#194=PLANE('',#1005);
#195=PLANE('',#1006);
#196=PLANE('',#1007);
#197=PLANE('',#1012);
#198=PLANE('',#1015);
#199=PLANE('',#1018);
#200=PLANE('',#1021);
#201=PLANE('',#1022);
#202=PLANE('',#1023);
#203=PLANE('',#1026);
#204=PLANE('',#1029);
#205=PLANE('',#1030);
#206=PLANE('',#1034);
#207=PLANE('',#1035);
#208=PLANE('',#1037);
#209=PLANE('',#1040);
#210=PLANE('',#1042);
#211=PLANE('',#1045);
#212=PLANE('',#1047);
#213=ORIENTED_EDGE('',*,*,#463,.F.);
#214=ORIENTED_EDGE('',*,*,#464,.T.);
#215=ORIENTED_EDGE('',*,*,#465,.F.);
#216=ORIENTED_EDGE('',*,*,#466,.T.);
#217=ORIENTED_EDGE('',*,*,#467,.T.);
#218=ORIENTED_EDGE('',*,*,#468,.T.);
#219=ORIENTED_EDGE('',*,*,#469,.T.);
#220=ORIENTED_EDGE('',*,*,#470,.T.);
#221=ORIENTED_EDGE('',*,*,#471,.T.);
#222=ORIENTED_EDGE('',*,*,#472,.T.);
#223=ORIENTED_EDGE('',*,*,#473,.F.);
#224=ORIENTED_EDGE('',*,*,#474,.T.);
#225=ORIENTED_EDGE('',*,*,#475,.F.);
#226=ORIENTED_EDGE('',*,*,#476,.T.);
#227=ORIENTED_EDGE('',*,*,#477,.T.);
#228=ORIENTED_EDGE('',*,*,#478,.T.);
#229=ORIENTED_EDGE('',*,*,#479,.T.);
#230=ORIENTED_EDGE('',*,*,#480,.T.);
#231=ORIENTED_EDGE('',*,*,#465,.T.);
#232=ORIENTED_EDGE('',*,*,#463,.T.);
#233=ORIENTED_EDGE('',*,*,#481,.T.);
#234=ORIENTED_EDGE('',*,*,#482,.T.);
#235=ORIENTED_EDGE('',*,*,#483,.T.);
#236=ORIENTED_EDGE('',*,*,#484,.T.);
#237=ORIENTED_EDGE('',*,*,#485,.T.);
#238=ORIENTED_EDGE('',*,*,#486,.T.);
#239=ORIENTED_EDGE('',*,*,#487,.F.);
#240=ORIENTED_EDGE('',*,*,#488,.T.);
#241=ORIENTED_EDGE('',*,*,#489,.T.);
#242=ORIENTED_EDGE('',*,*,#490,.F.);
#243=ORIENTED_EDGE('',*,*,#491,.T.);
#244=ORIENTED_EDGE('',*,*,#492,.T.);
#245=ORIENTED_EDGE('',*,*,#480,.F.);
#246=ORIENTED_EDGE('',*,*,#493,.T.);
#247=ORIENTED_EDGE('',*,*,#494,.F.);
#248=ORIENTED_EDGE('',*,*,#495,.F.);
#249=ORIENTED_EDGE('',*,*,#496,.F.);
#250=ORIENTED_EDGE('',*,*,#497,.T.);
#251=ORIENTED_EDGE('',*,*,#498,.T.);
#252=ORIENTED_EDGE('',*,*,#499,.F.);
#253=ORIENTED_EDGE('',*,*,#500,.T.);
#254=ORIENTED_EDGE('',*,*,#501,.T.);
#255=ORIENTED_EDGE('',*,*,#470,.F.);
#256=ORIENTED_EDGE('',*,*,#502,.T.);
#257=ORIENTED_EDGE('',*,*,#503,.F.);
#258=ORIENTED_EDGE('',*,*,#504,.F.);
#259=ORIENTED_EDGE('',*,*,#505,.T.);
#260=ORIENTED_EDGE('',*,*,#506,.T.);
#261=ORIENTED_EDGE('',*,*,#477,.F.);
#262=ORIENTED_EDGE('',*,*,#507,.T.);
#263=ORIENTED_EDGE('',*,*,#508,.T.);
#264=ORIENTED_EDGE('',*,*,#496,.T.);
#265=ORIENTED_EDGE('',*,*,#509,.F.);
#266=ORIENTED_EDGE('',*,*,#510,.T.);
#267=ORIENTED_EDGE('',*,*,#511,.T.);
#268=ORIENTED_EDGE('',*,*,#475,.T.);
#269=ORIENTED_EDGE('',*,*,#512,.T.);
#270=ORIENTED_EDGE('',*,*,#513,.F.);
#271=ORIENTED_EDGE('',*,*,#514,.T.);
#272=ORIENTED_EDGE('',*,*,#515,.F.);
#273=ORIENTED_EDGE('',*,*,#516,.T.);
#274=ORIENTED_EDGE('',*,*,#473,.T.);
#275=ORIENTED_EDGE('',*,*,#517,.T.);
#276=ORIENTED_EDGE('',*,*,#518,.F.);
#277=ORIENTED_EDGE('',*,*,#519,.T.);
#278=ORIENTED_EDGE('',*,*,#498,.F.);
#279=ORIENTED_EDGE('',*,*,#513,.T.);
#280=ORIENTED_EDGE('',*,*,#520,.T.);
#281=ORIENTED_EDGE('',*,*,#515,.T.);
#282=ORIENTED_EDGE('',*,*,#497,.F.);
#283=ORIENTED_EDGE('',*,*,#508,.F.);
#284=ORIENTED_EDGE('',*,*,#521,.T.);
#285=ORIENTED_EDGE('',*,*,#521,.F.);
#286=ORIENTED_EDGE('',*,*,#507,.F.);
#287=ORIENTED_EDGE('',*,*,#476,.F.);
#288=ORIENTED_EDGE('',*,*,#514,.F.);
#289=ORIENTED_EDGE('',*,*,#520,.F.);
#290=ORIENTED_EDGE('',*,*,#512,.F.);
#291=ORIENTED_EDGE('',*,*,#474,.F.);
#292=ORIENTED_EDGE('',*,*,#516,.F.);
#293=ORIENTED_EDGE('',*,*,#484,.F.);
#294=ORIENTED_EDGE('',*,*,#522,.T.);
#295=ORIENTED_EDGE('',*,*,#523,.T.);
#296=ORIENTED_EDGE('',*,*,#524,.T.);
#297=ORIENTED_EDGE('',*,*,#525,.T.);
#298=ORIENTED_EDGE('',*,*,#526,.T.);
#299=ORIENTED_EDGE('',*,*,#481,.F.);
#300=ORIENTED_EDGE('',*,*,#527,.T.);
#301=ORIENTED_EDGE('',*,*,#523,.F.);
#302=ORIENTED_EDGE('',*,*,#528,.T.);
#303=ORIENTED_EDGE('',*,*,#529,.T.);
#304=ORIENTED_EDGE('',*,*,#525,.F.);
#305=ORIENTED_EDGE('',*,*,#530,.T.);
#306=ORIENTED_EDGE('',*,*,#531,.T.);
#307=ORIENTED_EDGE('',*,*,#532,.F.);
#308=ORIENTED_EDGE('',*,*,#533,.T.);
#309=ORIENTED_EDGE('',*,*,#487,.T.);
#310=ORIENTED_EDGE('',*,*,#534,.T.);
#311=ORIENTED_EDGE('',*,*,#490,.T.);
#312=ORIENTED_EDGE('',*,*,#535,.T.);
#313=ORIENTED_EDGE('',*,*,#536,.F.);
#314=ORIENTED_EDGE('',*,*,#537,.T.);
#315=ORIENTED_EDGE('',*,*,#536,.T.);
#316=ORIENTED_EDGE('',*,*,#538,.T.);
#317=ORIENTED_EDGE('',*,*,#539,.T.);
#318=ORIENTED_EDGE('',*,*,#532,.T.);
#319=ORIENTED_EDGE('',*,*,#540,.T.);
#320=ORIENTED_EDGE('',*,*,#541,.T.);
#321=ORIENTED_EDGE('',*,*,#486,.F.);
#322=ORIENTED_EDGE('',*,*,#542,.T.);
#323=ORIENTED_EDGE('',*,*,#530,.F.);
#324=ORIENTED_EDGE('',*,*,#527,.F.);
#325=ORIENTED_EDGE('',*,*,#529,.F.);
#326=ORIENTED_EDGE('',*,*,#543,.T.);
#327=ORIENTED_EDGE('',*,*,#482,.F.);
#328=ORIENTED_EDGE('',*,*,#526,.F.);
#329=ORIENTED_EDGE('',*,*,#539,.F.);
#330=ORIENTED_EDGE('',*,*,#544,.T.);
#331=ORIENTED_EDGE('',*,*,#488,.F.);
#332=ORIENTED_EDGE('',*,*,#533,.F.);
#333=ORIENTED_EDGE('',*,*,#492,.F.);
#334=ORIENTED_EDGE('',*,*,#545,.T.);
#335=ORIENTED_EDGE('',*,*,#540,.F.);
#336=ORIENTED_EDGE('',*,*,#534,.F.);
#337=ORIENTED_EDGE('',*,*,#531,.F.);
#338=ORIENTED_EDGE('',*,*,#542,.F.);
#339=ORIENTED_EDGE('',*,*,#485,.F.);
#340=ORIENTED_EDGE('',*,*,#524,.F.);
#341=ORIENTED_EDGE('',*,*,#483,.F.);
#342=ORIENTED_EDGE('',*,*,#543,.F.);
#343=ORIENTED_EDGE('',*,*,#528,.F.);
#344=ORIENTED_EDGE('',*,*,#522,.F.);
#345=ORIENTED_EDGE('',*,*,#489,.F.);
#346=ORIENTED_EDGE('',*,*,#544,.F.);
#347=ORIENTED_EDGE('',*,*,#538,.F.);
#348=ORIENTED_EDGE('',*,*,#535,.F.);
#349=ORIENTED_EDGE('',*,*,#541,.F.);
#350=ORIENTED_EDGE('',*,*,#545,.F.);
#351=ORIENTED_EDGE('',*,*,#491,.F.);
#352=ORIENTED_EDGE('',*,*,#537,.F.);
#353=ORIENTED_EDGE('',*,*,#546,.T.);
#354=ORIENTED_EDGE('',*,*,#547,.T.);
#355=ORIENTED_EDGE('',*,*,#510,.F.);
#356=ORIENTED_EDGE('',*,*,#548,.T.);
#357=ORIENTED_EDGE('',*,*,#494,.T.);
#358=ORIENTED_EDGE('',*,*,#549,.T.);
#359=ORIENTED_EDGE('',*,*,#546,.F.);
#360=ORIENTED_EDGE('',*,*,#550,.F.);
#361=ORIENTED_EDGE('',*,*,#551,.F.);
#362=ORIENTED_EDGE('',*,*,#552,.F.);
#363=ORIENTED_EDGE('',*,*,#548,.F.);
#364=ORIENTED_EDGE('',*,*,#509,.T.);
#365=ORIENTED_EDGE('',*,*,#495,.T.);
#366=ORIENTED_EDGE('',*,*,#550,.T.);
#367=ORIENTED_EDGE('',*,*,#518,.T.);
#368=ORIENTED_EDGE('',*,*,#553,.T.);
#369=ORIENTED_EDGE('',*,*,#554,.F.);
#370=ORIENTED_EDGE('',*,*,#555,.F.);
#371=ORIENTED_EDGE('',*,*,#554,.T.);
#372=ORIENTED_EDGE('',*,*,#556,.T.);
#373=ORIENTED_EDGE('',*,*,#500,.F.);
#374=ORIENTED_EDGE('',*,*,#557,.T.);
#375=ORIENTED_EDGE('',*,*,#558,.T.);
#376=ORIENTED_EDGE('',*,*,#559,.T.);
#377=ORIENTED_EDGE('',*,*,#519,.F.);
#378=ORIENTED_EDGE('',*,*,#555,.T.);
#379=ORIENTED_EDGE('',*,*,#557,.F.);
#380=ORIENTED_EDGE('',*,*,#499,.T.);
#381=ORIENTED_EDGE('',*,*,#511,.F.);
#382=ORIENTED_EDGE('',*,*,#547,.F.);
#383=ORIENTED_EDGE('',*,*,#560,.F.);
#384=ORIENTED_EDGE('',*,*,#478,.F.);
#385=ORIENTED_EDGE('',*,*,#493,.F.);
#386=ORIENTED_EDGE('',*,*,#479,.F.);
#387=ORIENTED_EDGE('',*,*,#560,.T.);
#388=ORIENTED_EDGE('',*,*,#549,.F.);
#389=ORIENTED_EDGE('',*,*,#517,.F.);
#390=ORIENTED_EDGE('',*,*,#472,.F.);
#391=ORIENTED_EDGE('',*,*,#561,.F.);
#392=ORIENTED_EDGE('',*,*,#553,.F.);
#393=ORIENTED_EDGE('',*,*,#501,.F.);
#394=ORIENTED_EDGE('',*,*,#556,.F.);
#395=ORIENTED_EDGE('',*,*,#561,.T.);
#396=ORIENTED_EDGE('',*,*,#471,.F.);
#397=ORIENTED_EDGE('',*,*,#503,.T.);
#398=ORIENTED_EDGE('',*,*,#562,.T.);
#399=ORIENTED_EDGE('',*,*,#563,.F.);
#400=ORIENTED_EDGE('',*,*,#564,.F.);
#401=ORIENTED_EDGE('',*,*,#563,.T.);
#402=ORIENTED_EDGE('',*,*,#565,.T.);
#403=ORIENTED_EDGE('',*,*,#566,.F.);
#404=ORIENTED_EDGE('',*,*,#567,.F.);
#405=ORIENTED_EDGE('',*,*,#566,.T.);
#406=ORIENTED_EDGE('',*,*,#568,.T.);
#407=ORIENTED_EDGE('',*,*,#505,.F.);
#408=ORIENTED_EDGE('',*,*,#569,.F.);
#409=ORIENTED_EDGE('',*,*,#570,.F.);
#410=ORIENTED_EDGE('',*,*,#571,.F.);
#411=ORIENTED_EDGE('',*,*,#504,.T.);
#412=ORIENTED_EDGE('',*,*,#564,.T.);
#413=ORIENTED_EDGE('',*,*,#567,.T.);
#414=ORIENTED_EDGE('',*,*,#569,.T.);
#415=ORIENTED_EDGE('',*,*,#502,.F.);
#416=ORIENTED_EDGE('',*,*,#469,.F.);
#417=ORIENTED_EDGE('',*,*,#572,.F.);
#418=ORIENTED_EDGE('',*,*,#562,.F.);
#419=ORIENTED_EDGE('',*,*,#572,.T.);
#420=ORIENTED_EDGE('',*,*,#468,.F.);
#421=ORIENTED_EDGE('',*,*,#573,.F.);
#422=ORIENTED_EDGE('',*,*,#565,.F.);
#423=ORIENTED_EDGE('',*,*,#573,.T.);
#424=ORIENTED_EDGE('',*,*,#467,.F.);
#425=ORIENTED_EDGE('',*,*,#506,.F.);
#426=ORIENTED_EDGE('',*,*,#568,.F.);
#427=ORIENTED_EDGE('',*,*,#574,.F.);
#428=ORIENTED_EDGE('',*,*,#552,.T.);
#429=ORIENTED_EDGE('',*,*,#574,.T.);
#430=ORIENTED_EDGE('',*,*,#575,.F.);
#431=ORIENTED_EDGE('',*,*,#551,.T.);
#432=ORIENTED_EDGE('',*,*,#575,.T.);
#433=ORIENTED_EDGE('',*,*,#576,.F.);
#434=ORIENTED_EDGE('',*,*,#571,.T.);
#435=ORIENTED_EDGE('',*,*,#576,.T.);
#436=ORIENTED_EDGE('',*,*,#577,.F.);
#437=ORIENTED_EDGE('',*,*,#570,.T.);
#438=ORIENTED_EDGE('',*,*,#577,.T.);
#439=ORIENTED_EDGE('',*,*,#466,.F.);
#440=ORIENTED_EDGE('',*,*,#464,.F.);
#441=ORIENTED_EDGE('',*,*,#578,.T.);
#442=ORIENTED_EDGE('',*,*,#559,.F.);
#443=ORIENTED_EDGE('',*,*,#578,.F.);
#444=ORIENTED_EDGE('',*,*,#579,.T.);
#445=ORIENTED_EDGE('',*,*,#558,.F.);
#446=ORIENTED_EDGE('',*,*,#579,.F.);
#447=ORIENTED_EDGE('',*,*,#580,.F.);
#448=ORIENTED_EDGE('',*,*,#580,.T.);
#449=ORIENTED_EDGE('',*,*,#581,.T.);
#450=ORIENTED_EDGE('',*,*,#581,.F.);
#451=ORIENTED_EDGE('',*,*,#582,.T.);
#452=ORIENTED_EDGE('',*,*,#583,.T.);
#453=ORIENTED_EDGE('',*,*,#583,.F.);
#454=ORIENTED_EDGE('',*,*,#582,.F.);
#455=ORIENTED_EDGE('',*,*,#584,.T.);
#456=ORIENTED_EDGE('',*,*,#585,.T.);
#457=ORIENTED_EDGE('',*,*,#585,.F.);
#458=ORIENTED_EDGE('',*,*,#584,.F.);
#459=ORIENTED_EDGE('',*,*,#586,.T.);
#460=ORIENTED_EDGE('',*,*,#587,.T.);
#461=ORIENTED_EDGE('',*,*,#587,.F.);
#462=ORIENTED_EDGE('',*,*,#586,.F.);
#463=EDGE_CURVE('',#588,#588,#678,.T.);
#464=EDGE_CURVE('',#589,#589,#679,.T.);
#465=EDGE_CURVE('',#590,#590,#680,.T.);
#466=EDGE_CURVE('',#591,#591,#681,.T.);
#467=EDGE_CURVE('',#592,#593,#115,.T.);
#468=EDGE_CURVE('',#593,#594,#116,.T.);
#469=EDGE_CURVE('',#594,#595,#117,.T.);
#470=EDGE_CURVE('',#595,#596,#33,.T.);
#471=EDGE_CURVE('',#596,#597,#118,.T.);
#472=EDGE_CURVE('',#597,#598,#119,.T.);
#473=EDGE_CURVE('',#599,#598,#34,.T.);
#474=EDGE_CURVE('',#599,#600,#120,.T.);
#475=EDGE_CURVE('',#601,#600,#35,.T.);
#476=EDGE_CURVE('',#601,#602,#121,.T.);
#477=EDGE_CURVE('',#602,#603,#36,.T.);
#478=EDGE_CURVE('',#603,#604,#122,.T.);
#479=EDGE_CURVE('',#604,#605,#123,.T.);
#480=EDGE_CURVE('',#605,#592,#37,.T.);
#481=EDGE_CURVE('',#606,#607,#38,.T.);
#482=EDGE_CURVE('',#607,#608,#124,.T.);
#483=EDGE_CURVE('',#608,#609,#125,.T.);
#484=EDGE_CURVE('',#609,#610,#39,.T.);
#485=EDGE_CURVE('',#610,#611,#126,.T.);
#486=EDGE_CURVE('',#611,#606,#127,.T.);
#487=EDGE_CURVE('',#612,#613,#40,.T.);
#488=EDGE_CURVE('',#612,#614,#128,.T.);
#489=EDGE_CURVE('',#614,#615,#129,.T.);
#490=EDGE_CURVE('',#616,#615,#41,.T.);
#491=EDGE_CURVE('',#616,#617,#130,.T.);
#492=EDGE_CURVE('',#617,#613,#131,.T.);
#493=EDGE_CURVE('',#605,#618,#132,.T.);
#494=EDGE_CURVE('',#619,#618,#42,.T.);
#495=EDGE_CURVE('',#620,#619,#43,.T.);
#496=EDGE_CURVE('',#621,#620,#44,.T.);
#497=EDGE_CURVE('',#621,#622,#45,.T.);
#498=EDGE_CURVE('',#622,#623,#46,.T.);
#499=EDGE_CURVE('',#624,#623,#47,.T.);
#500=EDGE_CURVE('',#624,#625,#48,.T.);
#501=EDGE_CURVE('',#625,#596,#133,.T.);
#502=EDGE_CURVE('',#595,#626,#134,.T.);
#503=EDGE_CURVE('',#627,#626,#49,.T.);
#504=EDGE_CURVE('',#628,#627,#50,.T.);
#505=EDGE_CURVE('',#628,#629,#51,.T.);
#506=EDGE_CURVE('',#629,#592,#135,.T.);
#507=EDGE_CURVE('',#602,#630,#136,.T.);
#508=EDGE_CURVE('',#630,#621,#52,.T.);
#509=EDGE_CURVE('',#631,#620,#53,.T.);
#510=EDGE_CURVE('',#631,#632,#54,.T.);
#511=EDGE_CURVE('',#632,#603,#137,.T.);
#512=EDGE_CURVE('',#600,#633,#138,.T.);
#513=EDGE_CURVE('',#634,#633,#55,.T.);
#514=EDGE_CURVE('',#634,#601,#139,.T.);
#515=EDGE_CURVE('',#635,#622,#56,.T.);
#516=EDGE_CURVE('',#635,#599,#140,.T.);
#517=EDGE_CURVE('',#598,#636,#141,.T.);
#518=EDGE_CURVE('',#637,#636,#57,.T.);
#519=EDGE_CURVE('',#637,#623,#58,.T.);
#520=EDGE_CURVE('',#633,#635,#142,.T.);
#521=EDGE_CURVE('',#630,#634,#143,.T.);
#522=EDGE_CURVE('',#609,#638,#144,.T.);
#523=EDGE_CURVE('',#638,#639,#59,.T.);
#524=EDGE_CURVE('',#639,#610,#145,.T.);
#525=EDGE_CURVE('',#640,#641,#60,.T.);
#526=EDGE_CURVE('',#641,#607,#146,.T.);
#527=EDGE_CURVE('',#606,#640,#147,.T.);
#528=EDGE_CURVE('',#638,#642,#148,.T.);
#529=EDGE_CURVE('',#642,#641,#149,.T.);
#530=EDGE_CURVE('',#640,#643,#150,.T.);
#531=EDGE_CURVE('',#643,#639,#151,.T.);
#532=EDGE_CURVE('',#644,#645,#61,.T.);
#533=EDGE_CURVE('',#644,#612,#152,.T.);
#534=EDGE_CURVE('',#613,#645,#153,.T.);
#535=EDGE_CURVE('',#615,#646,#154,.T.);
#536=EDGE_CURVE('',#647,#646,#62,.T.);
#537=EDGE_CURVE('',#647,#616,#155,.T.);
#538=EDGE_CURVE('',#646,#648,#156,.T.);
#539=EDGE_CURVE('',#648,#644,#157,.T.);
#540=EDGE_CURVE('',#645,#649,#158,.T.);
#541=EDGE_CURVE('',#649,#647,#159,.T.);
#542=EDGE_CURVE('',#611,#643,#160,.T.);
#543=EDGE_CURVE('',#642,#608,#161,.T.);
#544=EDGE_CURVE('',#648,#614,#162,.T.);
#545=EDGE_CURVE('',#617,#649,#163,.T.);
#546=EDGE_CURVE('',#650,#651,#63,.T.);
#547=EDGE_CURVE('',#651,#632,#164,.T.);
#548=EDGE_CURVE('',#631,#650,#64,.T.);
#549=EDGE_CURVE('',#618,#651,#165,.T.);
#550=EDGE_CURVE('',#619,#650,#65,.T.);
#551=EDGE_CURVE('',#652,#652,#682,.T.);
#552=EDGE_CURVE('',#653,#653,#683,.T.);
#553=EDGE_CURVE('',#636,#654,#166,.T.);
#554=EDGE_CURVE('',#655,#654,#66,.T.);
#555=EDGE_CURVE('',#637,#655,#67,.T.);
#556=EDGE_CURVE('',#654,#625,#167,.T.);
#557=EDGE_CURVE('',#624,#655,#68,.T.);
#558=EDGE_CURVE('',#656,#656,#684,.T.);
#559=EDGE_CURVE('',#657,#657,#685,.T.);
#560=EDGE_CURVE('',#604,#651,#168,.F.);
#561=EDGE_CURVE('',#654,#597,#169,.F.);
#562=EDGE_CURVE('',#626,#658,#170,.T.);
#563=EDGE_CURVE('',#659,#658,#69,.T.);
#564=EDGE_CURVE('',#627,#659,#70,.T.);
#565=EDGE_CURVE('',#658,#660,#171,.T.);
#566=EDGE_CURVE('',#661,#660,#71,.T.);
#567=EDGE_CURVE('',#659,#661,#72,.T.);
#568=EDGE_CURVE('',#660,#629,#172,.T.);
#569=EDGE_CURVE('',#661,#628,#73,.T.);
#570=EDGE_CURVE('',#662,#662,#686,.T.);
#571=EDGE_CURVE('',#663,#663,#687,.T.);
#572=EDGE_CURVE('',#658,#594,#173,.F.);
#573=EDGE_CURVE('',#660,#593,#174,.F.);
#574=EDGE_CURVE('',#664,#664,#688,.T.);
#575=EDGE_CURVE('',#665,#665,#689,.T.);
#576=EDGE_CURVE('',#666,#666,#690,.T.);
#577=EDGE_CURVE('',#667,#667,#691,.T.);
#578=EDGE_CURVE('',#668,#668,#692,.T.);
#579=EDGE_CURVE('',#669,#669,#693,.T.);
#580=EDGE_CURVE('',#670,#670,#694,.T.);
#581=EDGE_CURVE('',#671,#671,#695,.T.);
#582=EDGE_CURVE('',#672,#672,#696,.F.);
#583=EDGE_CURVE('',#673,#673,#697,.T.);
#584=EDGE_CURVE('',#674,#674,#698,.F.);
#585=EDGE_CURVE('',#675,#675,#699,.T.);
#586=EDGE_CURVE('',#676,#676,#700,.F.);
#587=EDGE_CURVE('',#677,#677,#701,.T.);
#588=VERTEX_POINT('',#1244);
#589=VERTEX_POINT('',#1246);
#590=VERTEX_POINT('',#1249);
#591=VERTEX_POINT('',#1251);
#592=VERTEX_POINT('',#1257);
#593=VERTEX_POINT('',#1258);
#594=VERTEX_POINT('',#1263);
#595=VERTEX_POINT('',#1268);
#596=VERTEX_POINT('',#1270);
#597=VERTEX_POINT('',#1275);
#598=VERTEX_POINT('',#1280);
#599=VERTEX_POINT('',#1282);
#600=VERTEX_POINT('',#1311);
#601=VERTEX_POINT('',#1313);
#602=VERTEX_POINT('',#1342);
#603=VERTEX_POINT('',#1344);
#604=VERTEX_POINT('',#1349);
#605=VERTEX_POINT('',#1354);
#606=VERTEX_POINT('',#1357);
#607=VERTEX_POINT('',#1358);
#608=VERTEX_POINT('',#1364);
#609=VERTEX_POINT('',#1372);
#610=VERTEX_POINT('',#1374);
#611=VERTEX_POINT('',#1382);
#612=VERTEX_POINT('',#1389);
#613=VERTEX_POINT('',#1390);
#614=VERTEX_POINT('',#1396);
#615=VERTEX_POINT('',#1404);
#616=VERTEX_POINT('',#1406);
#617=VERTEX_POINT('',#1414);
#618=VERTEX_POINT('',#1428);
#619=VERTEX_POINT('',#1430);
#620=VERTEX_POINT('',#1432);
#621=VERTEX_POINT('',#1434);
#622=VERTEX_POINT('',#1436);
#623=VERTEX_POINT('',#1438);
#624=VERTEX_POINT('',#1440);
#625=VERTEX_POINT('',#1442);
#626=VERTEX_POINT('',#1457);
#627=VERTEX_POINT('',#1459);
#628=VERTEX_POINT('',#1461);
#629=VERTEX_POINT('',#1463);
#630=VERTEX_POINT('',#1476);
#631=VERTEX_POINT('',#1479);
#632=VERTEX_POINT('',#1481);
#633=VERTEX_POINT('',#1494);
#634=VERTEX_POINT('',#1496);
#635=VERTEX_POINT('',#1503);
#636=VERTEX_POINT('',#1515);
#637=VERTEX_POINT('',#1517);
#638=VERTEX_POINT('',#1613);
#639=VERTEX_POINT('',#1615);
#640=VERTEX_POINT('',#1622);
#641=VERTEX_POINT('',#1623);
#642=VERTEX_POINT('',#1637);
#643=VERTEX_POINT('',#1657);
#644=VERTEX_POINT('',#1664);
#645=VERTEX_POINT('',#1665);
#646=VERTEX_POINT('',#1679);
#647=VERTEX_POINT('',#1681);
#648=VERTEX_POINT('',#1691);
#649=VERTEX_POINT('',#1711);
#650=VERTEX_POINT('',#1822);
#651=VERTEX_POINT('',#1823);
#652=VERTEX_POINT('',#1837);
#653=VERTEX_POINT('',#1839);
#654=VERTEX_POINT('',#1845);
#655=VERTEX_POINT('',#1847);
#656=VERTEX_POINT('',#1857);
#657=VERTEX_POINT('',#1859);
#658=VERTEX_POINT('',#1966);
#659=VERTEX_POINT('',#1968);
#660=VERTEX_POINT('',#1975);
#661=VERTEX_POINT('',#1977);
#662=VERTEX_POINT('',#1987);
#663=VERTEX_POINT('',#1989);
#664=VERTEX_POINT('',#2078);
#665=VERTEX_POINT('',#2082);
#666=VERTEX_POINT('',#2086);
#667=VERTEX_POINT('',#2090);
#668=VERTEX_POINT('',#2096);
#669=VERTEX_POINT('',#2100);
#670=VERTEX_POINT('',#2104);
#671=VERTEX_POINT('',#2107);
#672=VERTEX_POINT('',#2111);
#673=VERTEX_POINT('',#2114);
#674=VERTEX_POINT('',#2118);
#675=VERTEX_POINT('',#2121);
#676=VERTEX_POINT('',#2125);
#677=VERTEX_POINT('',#2128);
#678=CIRCLE('',#977,0.00505);
#679=CIRCLE('',#978,0.00505);
#680=CIRCLE('',#980,0.00505);
#681=CIRCLE('',#981,0.00505);
#682=CIRCLE('',#997,0.00140000000000001);
#683=CIRCLE('',#998,0.00140000000000001);
#684=CIRCLE('',#1002,0.00140000000000001);
#685=CIRCLE('',#1003,0.00140000000000001);
#686=CIRCLE('',#1008,0.00155);
#687=CIRCLE('',#1009,0.00155);
#688=CIRCLE('',#1011,0.00140000000000001);
#689=CIRCLE('',#1014,0.00140000000000001);
#690=CIRCLE('',#1017,0.00155);
#691=CIRCLE('',#1020,0.00155);
#692=CIRCLE('',#1025,0.00140000000000001);
#693=CIRCLE('',#1028,0.00140000000000001);
#694=CIRCLE('',#1031,0.0051);
#695=CIRCLE('',#1033,0.0051);
#696=CIRCLE('',#1036,0.0051);
#697=CIRCLE('',#1038,0.0051);
#698=CIRCLE('',#1041,0.0051);
#699=CIRCLE('',#1043,0.0051);
#700=CIRCLE('',#1046,0.0051);
#701=CIRCLE('',#1048,0.0051);
#702=EDGE_LOOP('',(#213));
#703=EDGE_LOOP('',(#214));
#704=EDGE_LOOP('',(#215));
#705=EDGE_LOOP('',(#216));
#706=EDGE_LOOP('',(#217,#218,#219,#220,#221,#222,#223,#224,#225,#226,#227,
#228,#229,#230));
#707=EDGE_LOOP('',(#231));
#708=EDGE_LOOP('',(#232));
#709=EDGE_LOOP('',(#233,#234,#235,#236,#237,#238));
#710=EDGE_LOOP('',(#239,#240,#241,#242,#243,#244));
#711=EDGE_LOOP('',(#245,#246,#247,#248,#249,#250,#251,#252,#253,#254,#255,
#256,#257,#258,#259,#260));
#712=EDGE_LOOP('',(#261,#262,#263,#264,#265,#266,#267));
#713=EDGE_LOOP('',(#268,#269,#270,#271));
#714=EDGE_LOOP('',(#272,#273,#274,#275,#276,#277,#278));
#715=EDGE_LOOP('',(#279,#280,#281,#282,#283,#284));
#716=EDGE_LOOP('',(#285,#286,#287,#288));
#717=EDGE_LOOP('',(#289,#290,#291,#292));
#718=EDGE_LOOP('',(#293,#294,#295,#296));
#719=EDGE_LOOP('',(#297,#298,#299,#300));
#720=EDGE_LOOP('',(#301,#302,#303,#304,#305,#306));
#721=EDGE_LOOP('',(#307,#308,#309,#310));
#722=EDGE_LOOP('',(#311,#312,#313,#314));
#723=EDGE_LOOP('',(#315,#316,#317,#318,#319,#320));
#724=EDGE_LOOP('',(#321,#322,#323,#324));
#725=EDGE_LOOP('',(#325,#326,#327,#328));
#726=EDGE_LOOP('',(#329,#330,#331,#332));
#727=EDGE_LOOP('',(#333,#334,#335,#336));
#728=EDGE_LOOP('',(#337,#338,#339,#340));
#729=EDGE_LOOP('',(#341,#342,#343,#344));
#730=EDGE_LOOP('',(#345,#346,#347,#348));
#731=EDGE_LOOP('',(#349,#350,#351,#352));
#732=EDGE_LOOP('',(#353,#354,#355,#356));
#733=EDGE_LOOP('',(#357,#358,#359,#360));
#734=EDGE_LOOP('',(#361));
#735=EDGE_LOOP('',(#362));
#736=EDGE_LOOP('',(#363,#364,#365,#366));
#737=EDGE_LOOP('',(#367,#368,#369,#370));
#738=EDGE_LOOP('',(#371,#372,#373,#374));
#739=EDGE_LOOP('',(#375));
#740=EDGE_LOOP('',(#376));
#741=EDGE_LOOP('',(#377,#378,#379,#380));
#742=EDGE_LOOP('',(#381,#382,#383,#384));
#743=EDGE_LOOP('',(#385,#386,#387,#388));
#744=EDGE_LOOP('',(#389,#390,#391,#392));
#745=EDGE_LOOP('',(#393,#394,#395,#396));
#746=EDGE_LOOP('',(#397,#398,#399,#400));
#747=EDGE_LOOP('',(#401,#402,#403,#404));
#748=EDGE_LOOP('',(#405,#406,#407,#408));
#749=EDGE_LOOP('',(#409));
#750=EDGE_LOOP('',(#410));
#751=EDGE_LOOP('',(#411,#412,#413,#414));
#752=EDGE_LOOP('',(#415,#416,#417,#418));
#753=EDGE_LOOP('',(#419,#420,#421,#422));
#754=EDGE_LOOP('',(#423,#424,#425,#426));
#755=EDGE_LOOP('',(#427));
#756=EDGE_LOOP('',(#428));
#757=EDGE_LOOP('',(#429));
#758=EDGE_LOOP('',(#430));
#759=EDGE_LOOP('',(#431));
#760=EDGE_LOOP('',(#432));
#761=EDGE_LOOP('',(#433));
#762=EDGE_LOOP('',(#434));
#763=EDGE_LOOP('',(#435));
#764=EDGE_LOOP('',(#436));
#765=EDGE_LOOP('',(#437));
#766=EDGE_LOOP('',(#438));
#767=EDGE_LOOP('',(#439));
#768=EDGE_LOOP('',(#440));
#769=EDGE_LOOP('',(#441));
#770=EDGE_LOOP('',(#442));
#771=EDGE_LOOP('',(#443));
#772=EDGE_LOOP('',(#444));
#773=EDGE_LOOP('',(#445));
#774=EDGE_LOOP('',(#446));
#775=EDGE_LOOP('',(#447));
#776=EDGE_LOOP('',(#448));
#777=EDGE_LOOP('',(#449));
#778=EDGE_LOOP('',(#450));
#779=EDGE_LOOP('',(#451));
#780=EDGE_LOOP('',(#452));
#781=EDGE_LOOP('',(#453));
#782=EDGE_LOOP('',(#454));
#783=EDGE_LOOP('',(#455));
#784=EDGE_LOOP('',(#456));
#785=EDGE_LOOP('',(#457));
#786=EDGE_LOOP('',(#458));
#787=EDGE_LOOP('',(#459));
#788=EDGE_LOOP('',(#460));
#789=EDGE_LOOP('',(#461));
#790=EDGE_LOOP('',(#462));
#791=FACE_BOUND('',#702,.T.);
#792=FACE_BOUND('',#703,.T.);
#793=FACE_BOUND('',#704,.T.);
#794=FACE_BOUND('',#705,.T.);
#795=FACE_BOUND('',#706,.T.);
#796=FACE_BOUND('',#707,.T.);
#797=FACE_BOUND('',#708,.T.);
#798=FACE_BOUND('',#709,.T.);
#799=FACE_BOUND('',#710,.T.);
#800=FACE_BOUND('',#711,.T.);
#801=FACE_BOUND('',#712,.T.);
#802=FACE_BOUND('',#713,.T.);
#803=FACE_BOUND('',#714,.T.);
#804=FACE_BOUND('',#715,.T.);
#805=FACE_BOUND('',#716,.T.);
#806=FACE_BOUND('',#717,.T.);
#807=FACE_BOUND('',#718,.T.);
#808=FACE_BOUND('',#719,.T.);
#809=FACE_BOUND('',#720,.T.);
#810=FACE_BOUND('',#721,.T.);
#811=FACE_BOUND('',#722,.T.);
#812=FACE_BOUND('',#723,.T.);
#813=FACE_BOUND('',#724,.T.);
#814=FACE_BOUND('',#725,.T.);
#815=FACE_BOUND('',#726,.T.);
#816=FACE_BOUND('',#727,.T.);
#817=FACE_BOUND('',#728,.T.);
#818=FACE_BOUND('',#729,.T.);
#819=FACE_BOUND('',#730,.T.);
#820=FACE_BOUND('',#731,.T.);
#821=FACE_BOUND('',#732,.T.);
#822=FACE_BOUND('',#733,.T.);
#823=FACE_BOUND('',#734,.T.);
#824=FACE_BOUND('',#735,.T.);
#825=FACE_BOUND('',#736,.T.);
#826=FACE_BOUND('',#737,.T.);
#827=FACE_BOUND('',#738,.T.);
#828=FACE_BOUND('',#739,.T.);
#829=FACE_BOUND('',#740,.T.);
#830=FACE_BOUND('',#741,.T.);
#831=FACE_BOUND('',#742,.T.);
#832=FACE_BOUND('',#743,.T.);
#833=FACE_BOUND('',#744,.T.);
#834=FACE_BOUND('',#745,.T.);
#835=FACE_BOUND('',#746,.T.);
#836=FACE_BOUND('',#747,.T.);
#837=FACE_BOUND('',#748,.T.);
#838=FACE_BOUND('',#749,.T.);
#839=FACE_BOUND('',#750,.T.);
#840=FACE_BOUND('',#751,.T.);
#841=FACE_BOUND('',#752,.T.);
#842=FACE_BOUND('',#753,.T.);
#843=FACE_BOUND('',#754,.T.);
#844=FACE_BOUND('',#755,.T.);
#845=FACE_BOUND('',#756,.T.);
#846=FACE_BOUND('',#757,.T.);
#847=FACE_BOUND('',#758,.T.);
#848=FACE_BOUND('',#759,.T.);
#849=FACE_BOUND('',#760,.T.);
#850=FACE_BOUND('',#761,.T.);
#851=FACE_BOUND('',#762,.T.);
#852=FACE_BOUND('',#763,.T.);
#853=FACE_BOUND('',#764,.T.);
#854=FACE_BOUND('',#765,.T.);
#855=FACE_BOUND('',#766,.T.);
#856=FACE_BOUND('',#767,.T.);
#857=FACE_BOUND('',#768,.T.);
#858=FACE_BOUND('',#769,.T.);
#859=FACE_BOUND('',#770,.T.);
#860=FACE_BOUND('',#771,.T.);
#861=FACE_BOUND('',#772,.T.);
#862=FACE_BOUND('',#773,.T.);
#863=FACE_BOUND('',#774,.T.);
#864=FACE_BOUND('',#775,.T.);
#865=FACE_BOUND('',#776,.T.);
#866=FACE_BOUND('',#777,.T.);
#867=FACE_BOUND('',#778,.T.);
#868=FACE_BOUND('',#779,.T.);
#869=FACE_BOUND('',#780,.T.);
#870=FACE_BOUND('',#781,.T.);
#871=FACE_BOUND('',#782,.T.);
#872=FACE_BOUND('',#783,.T.);
#873=FACE_BOUND('',#784,.T.);
#874=FACE_BOUND('',#785,.T.);
#875=FACE_BOUND('',#786,.T.);
#876=FACE_BOUND('',#787,.T.);
#877=FACE_BOUND('',#788,.T.);
#878=FACE_BOUND('',#789,.T.);
#879=FACE_BOUND('',#790,.T.);
#880=CYLINDRICAL_SURFACE('',#976,0.00505);
#881=CYLINDRICAL_SURFACE('',#979,0.00505);
#882=CYLINDRICAL_SURFACE('',#1010,0.00140000000000001);
#883=CYLINDRICAL_SURFACE('',#1013,0.00140000000000001);
#884=CYLINDRICAL_SURFACE('',#1016,0.00155);
#885=CYLINDRICAL_SURFACE('',#1019,0.00155);
#886=CYLINDRICAL_SURFACE('',#1024,0.00140000000000001);
#887=CYLINDRICAL_SURFACE('',#1027,0.00140000000000001);
#888=CYLINDRICAL_SURFACE('',#1032,0.0051);
#889=CYLINDRICAL_SURFACE('',#1039,0.0051);
#890=CYLINDRICAL_SURFACE('',#1044,0.0051);
#891=CYLINDRICAL_SURFACE('',#1049,0.0051);
#892=ADVANCED_FACE('',(#791,#792),#880,.F.);
#893=ADVANCED_FACE('',(#793,#794),#881,.F.);
#894=ADVANCED_FACE('',(#795,#796,#797,#798,#799),#175,.F.);
#895=ADVANCED_FACE('',(#800),#176,.T.);
#896=ADVANCED_FACE('',(#801),#177,.T.);
#897=ADVANCED_FACE('',(#802),#178,.F.);
#898=ADVANCED_FACE('',(#803),#179,.F.);
#899=ADVANCED_FACE('',(#804),#180,.T.);
#900=ADVANCED_FACE('',(#805),#16,.T.);
#901=ADVANCED_FACE('',(#806),#17,.T.);
#902=ADVANCED_FACE('',(#807),#181,.T.);
#903=ADVANCED_FACE('',(#808),#182,.T.);
#904=ADVANCED_FACE('',(#809),#183,.T.);
#905=ADVANCED_FACE('',(#810),#184,.F.);
#906=ADVANCED_FACE('',(#811),#185,.F.);
#907=ADVANCED_FACE('',(#812),#186,.T.);
#908=ADVANCED_FACE('',(#813),#18,.T.);
#909=ADVANCED_FACE('',(#814),#19,.T.);
#910=ADVANCED_FACE('',(#815),#20,.T.);
#911=ADVANCED_FACE('',(#816),#21,.T.);
#912=ADVANCED_FACE('',(#817),#22,.T.);
#913=ADVANCED_FACE('',(#818),#23,.T.);
#914=ADVANCED_FACE('',(#819),#24,.T.);
#915=ADVANCED_FACE('',(#820),#25,.T.);
#916=ADVANCED_FACE('',(#821),#187,.T.);
#917=ADVANCED_FACE('',(#822),#188,.F.);
#918=ADVANCED_FACE('',(#823,#824,#825),#189,.T.);
#919=ADVANCED_FACE('',(#826),#190,.F.);
#920=ADVANCED_FACE('',(#827),#191,.T.);
#921=ADVANCED_FACE('',(#828,#829,#830),#192,.T.);
#922=ADVANCED_FACE('',(#831),#26,.F.);
#923=ADVANCED_FACE('',(#832),#27,.F.);
#924=ADVANCED_FACE('',(#833),#28,.F.);
#925=ADVANCED_FACE('',(#834),#29,.F.);
#926=ADVANCED_FACE('',(#835),#193,.F.);
#927=ADVANCED_FACE('',(#836),#194,.F.);
#928=ADVANCED_FACE('',(#837),#195,.F.);
#929=ADVANCED_FACE('',(#838,#839,#840),#196,.T.);
#930=ADVANCED_FACE('',(#841),#30,.F.);
#931=ADVANCED_FACE('',(#842),#31,.F.);
#932=ADVANCED_FACE('',(#843),#32,.F.);
#933=ADVANCED_FACE('',(#844,#845),#882,.F.);
#934=ADVANCED_FACE('',(#846),#197,.T.);
#935=ADVANCED_FACE('',(#847,#848),#883,.F.);
#936=ADVANCED_FACE('',(#849),#198,.T.);
#937=ADVANCED_FACE('',(#850,#851),#884,.F.);
#938=ADVANCED_FACE('',(#852),#199,.T.);
#939=ADVANCED_FACE('',(#853,#854),#885,.F.);
#940=ADVANCED_FACE('',(#855),#200,.T.);
#941=ADVANCED_FACE('',(#856),#201,.F.);
#942=ADVANCED_FACE('',(#857),#202,.F.);
#943=ADVANCED_FACE('',(#858,#859),#886,.F.);
#944=ADVANCED_FACE('',(#860),#203,.T.);
#945=ADVANCED_FACE('',(#861,#862),#887,.F.);
#946=ADVANCED_FACE('',(#863),#204,.T.);
#947=ADVANCED_FACE('',(#864),#205,.T.);
#948=ADVANCED_FACE('',(#865,#866),#888,.F.);
#949=ADVANCED_FACE('',(#867),#206,.F.);
#950=ADVANCED_FACE('',(#868),#207,.F.);
#951=ADVANCED_FACE('',(#869),#208,.T.);
#952=ADVANCED_FACE('',(#870,#871),#889,.F.);
#953=ADVANCED_FACE('',(#872),#209,.F.);
#954=ADVANCED_FACE('',(#873),#210,.T.);
#955=ADVANCED_FACE('',(#874,#875),#890,.F.);
#956=ADVANCED_FACE('',(#876),#211,.F.);
#957=ADVANCED_FACE('',(#877),#212,.T.);
#958=ADVANCED_FACE('',(#878,#879),#891,.F.);
#959=CLOSED_SHELL('',(#892,#893,#894,#895,#896,#897,#898,#899,#900,#901,
#902,#903,#904,#905,#906,#907,#908,#909,#910,#911,#912,#913,#914,#915,#916,
#917,#918,#919,#920,#921,#922,#923,#924,#925,#926,#927,#928,#929,#930,#931,
#932,#933,#934,#935,#936,#937,#938,#939,#940,#941,#942,#943,#944,#945,#946));
#960=CLOSED_SHELL('',(#947,#948,#949));
#961=CLOSED_SHELL('',(#950,#951,#952));
#962=CLOSED_SHELL('',(#953,#954,#955));
#963=CLOSED_SHELL('',(#956,#957,#958));
#964=STYLED_ITEM('',(#965),#972);
#965=PRESENTATION_STYLE_ASSIGNMENT((#966));
#966=SURFACE_STYLE_USAGE(.BOTH.,#967);
#967=SURFACE_SIDE_STYLE('',(#968));
#968=SURFACE_STYLE_FILL_AREA(#969);
#969=FILL_AREA_STYLE('',(#970));
#970=FILL_AREA_STYLE_COLOUR('',#971);
#971=COLOUR_RGB('',0.917647058823529,0.917647058823529,0.917647058823529);
#972=BREP_WITH_VOIDS('side',#959,(#12,#13,#14,#15));
#973=SHAPE_DEFINITION_REPRESENTATION(#2136,#974);
#974=SHAPE_REPRESENTATION('side',(#975),#2131);
#975=AXIS2_PLACEMENT_3D('',#1241,#1050,#1051);
#976=AXIS2_PLACEMENT_3D('',#1242,#1052,#1053);
#977=AXIS2_PLACEMENT_3D('',#1243,#1054,#1055);
#978=AXIS2_PLACEMENT_3D('',#1245,#1056,#1057);
#979=AXIS2_PLACEMENT_3D('',#1247,#1058,#1059);
#980=AXIS2_PLACEMENT_3D('',#1248,#1060,#1061);
#981=AXIS2_PLACEMENT_3D('',#1250,#1062,#1063);
#982=AXIS2_PLACEMENT_3D('',#1252,#1064,#1065);
#983=AXIS2_PLACEMENT_3D('',#1420,#1075,#1076);
#984=AXIS2_PLACEMENT_3D('',#1471,#1087,#1088);
#985=AXIS2_PLACEMENT_3D('',#1489,#1092,#1093);
#986=AXIS2_PLACEMENT_3D('',#1501,#1095,#1096);
#987=AXIS2_PLACEMENT_3D('',#1519,#1100,#1101);
#988=AXIS2_PLACEMENT_3D('',#1608,#1102,#1103);
#989=AXIS2_PLACEMENT_3D('',#1620,#1105,#1106);
#990=AXIS2_PLACEMENT_3D('',#1632,#1108,#1109);
#991=AXIS2_PLACEMENT_3D('',#1662,#1110,#1111);
#992=AXIS2_PLACEMENT_3D('',#1674,#1113,#1114);
#993=AXIS2_PLACEMENT_3D('',#1686,#1116,#1117);
#994=AXIS2_PLACEMENT_3D('',#1820,#1118,#1119);
#995=AXIS2_PLACEMENT_3D('',#1829,#1122,#1123);
#996=AXIS2_PLACEMENT_3D('',#1835,#1125,#1126);
#997=AXIS2_PLACEMENT_3D('',#1836,#1127,#1128);
#998=AXIS2_PLACEMENT_3D('',#1838,#1129,#1130);
#999=AXIS2_PLACEMENT_3D('',#1840,#1131,#1132);
#1000=AXIS2_PLACEMENT_3D('',#1849,#1135,#1136);
#1001=AXIS2_PLACEMENT_3D('',#1855,#1138,#1139);
#1002=AXIS2_PLACEMENT_3D('',#1856,#1140,#1141);
#1003=AXIS2_PLACEMENT_3D('',#1858,#1142,#1143);
#1004=AXIS2_PLACEMENT_3D('',#1961,#1144,#1145);
#1005=AXIS2_PLACEMENT_3D('',#1970,#1148,#1149);
#1006=AXIS2_PLACEMENT_3D('',#1979,#1152,#1153);
#1007=AXIS2_PLACEMENT_3D('',#1985,#1155,#1156);
#1008=AXIS2_PLACEMENT_3D('',#1986,#1157,#1158);
#1009=AXIS2_PLACEMENT_3D('',#1988,#1159,#1160);
#1010=AXIS2_PLACEMENT_3D('',#2076,#1161,#1162);
#1011=AXIS2_PLACEMENT_3D('',#2077,#1163,#1164);
#1012=AXIS2_PLACEMENT_3D('',#2079,#1165,#1166);
#1013=AXIS2_PLACEMENT_3D('',#2080,#1167,#1168);
#1014=AXIS2_PLACEMENT_3D('',#2081,#1169,#1170);
#1015=AXIS2_PLACEMENT_3D('',#2083,#1171,#1172);
#1016=AXIS2_PLACEMENT_3D('',#2084,#1173,#1174);
#1017=AXIS2_PLACEMENT_3D('',#2085,#1175,#1176);
#1018=AXIS2_PLACEMENT_3D('',#2087,#1177,#1178);
#1019=AXIS2_PLACEMENT_3D('',#2088,#1179,#1180);
#1020=AXIS2_PLACEMENT_3D('',#2089,#1181,#1182);
#1021=AXIS2_PLACEMENT_3D('',#2091,#1183,#1184);
#1022=AXIS2_PLACEMENT_3D('',#2092,#1185,#1186);
#1023=AXIS2_PLACEMENT_3D('',#2093,#1187,#1188);
#1024=AXIS2_PLACEMENT_3D('',#2094,#1189,#1190);
#1025=AXIS2_PLACEMENT_3D('',#2095,#1191,#1192);
#1026=AXIS2_PLACEMENT_3D('',#2097,#1193,#1194);
#1027=AXIS2_PLACEMENT_3D('',#2098,#1195,#1196);
#1028=AXIS2_PLACEMENT_3D('',#2099,#1197,#1198);
#1029=AXIS2_PLACEMENT_3D('',#2101,#1199,#1200);
#1030=AXIS2_PLACEMENT_3D('',#2102,#1201,#1202);
#1031=AXIS2_PLACEMENT_3D('',#2103,#1203,#1204);
#1032=AXIS2_PLACEMENT_3D('',#2105,#1205,#1206);
#1033=AXIS2_PLACEMENT_3D('',#2106,#1207,#1208);
#1034=AXIS2_PLACEMENT_3D('',#2108,#1209,#1210);
#1035=AXIS2_PLACEMENT_3D('',#2109,#1211,#1212);
#1036=AXIS2_PLACEMENT_3D('',#2110,#1213,#1214);
#1037=AXIS2_PLACEMENT_3D('',#2112,#1215,#1216);
#1038=AXIS2_PLACEMENT_3D('',#2113,#1217,#1218);
#1039=AXIS2_PLACEMENT_3D('',#2115,#1219,#1220);
#1040=AXIS2_PLACEMENT_3D('',#2116,#1221,#1222);
#1041=AXIS2_PLACEMENT_3D('',#2117,#1223,#1224);
#1042=AXIS2_PLACEMENT_3D('',#2119,#1225,#1226);
#1043=AXIS2_PLACEMENT_3D('',#2120,#1227,#1228);
#1044=AXIS2_PLACEMENT_3D('',#2122,#1229,#1230);
#1045=AXIS2_PLACEMENT_3D('',#2123,#1231,#1232);
#1046=AXIS2_PLACEMENT_3D('',#2124,#1233,#1234);
#1047=AXIS2_PLACEMENT_3D('',#2126,#1235,#1236);
#1048=AXIS2_PLACEMENT_3D('',#2127,#1237,#1238);
#1049=AXIS2_PLACEMENT_3D('',#2129,#1239,#1240);
#1050=DIRECTION('',(0.,0.,1.));
#1051=DIRECTION('',(1.,0.,0.));
#1052=DIRECTION('',(0.,1.,0.));
#1053=DIRECTION('',(0.,0.,1.));
#1054=DIRECTION('',(0.,-1.,0.));
#1055=DIRECTION('',(0.,0.,-1.));
#1056=DIRECTION('',(0.,-1.,0.));
#1057=DIRECTION('',(0.,0.,-1.));
#1058=DIRECTION('',(0.,1.,0.));
#1059=DIRECTION('',(0.,0.,1.));
#1060=DIRECTION('',(0.,-1.,0.));
#1061=DIRECTION('',(0.,0.,-1.));
#1062=DIRECTION('',(0.,-1.,0.));
#1063=DIRECTION('',(0.,0.,-1.));
#1064=DIRECTION('',(0.,-1.,0.));
#1065=DIRECTION('',(1.,0.,0.));
#1066=DIRECTION('',(-1.,0.,0.));
#1067=DIRECTION('',(0.,0.,-1.));
#1068=DIRECTION('',(-1.,0.,0.));
#1069=DIRECTION('',(0.,0.,-1.));
#1070=DIRECTION('',(-1.,0.,0.));
#1071=DIRECTION('',(-1.,0.,2.84380897701116E-17));
#1072=DIRECTION('',(1.,0.,-5.68761795402232E-17));
#1073=DIRECTION('',(1.,0.,-6.35566790767365E-17));
#1074=DIRECTION('',(-1.,0.,0.));
#1075=DIRECTION('',(0.,0.,-1.));
#1076=DIRECTION('',(-1.,0.,0.));
#1077=DIRECTION('',(0.,-1.,0.));
#1078=DIRECTION('',(-1.,0.,0.));
#1079=DIRECTION('',(0.,1.,0.));
#1080=DIRECTION('',(-1.,0.,0.));
#1081=DIRECTION('',(0.,1.,0.));
#1082=DIRECTION('',(-1.,0.,0.));
#1083=DIRECTION('',(0.,-1.,0.));
#1084=DIRECTION('',(0.,-1.,0.));
#1085=DIRECTION('',(-1.,0.,0.));
#1086=DIRECTION('',(0.,-1.,0.));
#1087=DIRECTION('',(1.,0.,0.));
#1088=DIRECTION('',(0.,0.,-1.));
#1089=DIRECTION('',(0.,0.,-1.));
#1090=DIRECTION('',(0.,0.,-1.));
#1091=DIRECTION('',(0.,-1.,0.));
#1092=DIRECTION('',(0.,0.,-1.));
#1093=DIRECTION('',(-1.,0.,0.));
#1094=DIRECTION('',(-1.,0.,0.));
#1095=DIRECTION('',(1.,0.,0.));
#1096=DIRECTION('',(0.,0.,-1.));
#1097=DIRECTION('',(0.,0.,-1.));
#1098=DIRECTION('',(0.,-1.,0.));
#1099=DIRECTION('',(0.,0.,-1.));
#1100=DIRECTION('',(0.,-1.,0.));
#1101=DIRECTION('',(1.,0.,0.));
#1102=DIRECTION('',(-5.68761795402232E-17,0.,-1.));
#1103=DIRECTION('',(-1.,0.,5.68761795402232E-17));
#1104=DIRECTION('',(1.,0.,-5.68761795402232E-17));
#1105=DIRECTION('',(2.84380897701116E-17,0.,1.));
#1106=DIRECTION('',(1.,0.,-2.84380897701116E-17));
#1107=DIRECTION('',(-1.,0.,2.84380897701116E-17));
#1108=DIRECTION('',(0.,1.,0.));
#1109=DIRECTION('',(-1.,0.,0.));
#1110=DIRECTION('',(-6.35566790767365E-17,0.,-1.));
#1111=DIRECTION('',(-1.,0.,6.35566790767365E-17));
#1112=DIRECTION('',(1.,0.,-6.35566790767365E-17));
#1113=DIRECTION('',(0.,0.,1.));
#1114=DIRECTION('',(1.,0.,0.));
#1115=DIRECTION('',(-1.,0.,0.));
#1116=DIRECTION('',(0.,1.,0.));
#1117=DIRECTION('',(-1.,0.,0.));
#1118=DIRECTION('',(-8.67361737988404E-17,0.,1.));
#1119=DIRECTION('',(1.,0.,8.67361737988404E-17));
#1120=DIRECTION('',(0.,-1.,0.));
#1121=DIRECTION('',(-1.,0.,-8.67361737988404E-17));
#1122=DIRECTION('',(1.,0.,0.));
#1123=DIRECTION('',(0.,0.,-1.));
#1124=DIRECTION('',(0.,0.,1.));
#1125=DIRECTION('',(0.,1.,0.));
#1126=DIRECTION('',(-1.,0.,0.));
#1127=DIRECTION('',(0.,1.,0.));
#1128=DIRECTION('',(0.,0.,1.));
#1129=DIRECTION('',(0.,1.,0.));
#1130=DIRECTION('',(0.,0.,1.));
#1131=DIRECTION('',(-8.67361737988404E-17,0.,-1.));
#1132=DIRECTION('',(-1.,0.,8.67361737988404E-17));
#1133=DIRECTION('',(0.,-1.,0.));
#1134=DIRECTION('',(1.,0.,-8.67361737988404E-17));
#1135=DIRECTION('',(1.,0.,0.));
#1136=DIRECTION('',(0.,0.,-1.));
#1137=DIRECTION('',(0.,0.,1.));
#1138=DIRECTION('',(0.,1.,0.));
#1139=DIRECTION('',(-1.,0.,0.));
#1140=DIRECTION('',(0.,-1.,0.));
#1141=DIRECTION('',(0.,0.,1.));
#1142=DIRECTION('',(0.,-1.,0.));
#1143=DIRECTION('',(0.,0.,1.));
#1144=DIRECTION('',(1.,0.,0.));
#1145=DIRECTION('',(0.,0.,-1.));
#1146=DIRECTION('',(0.,-1.,0.));
#1147=DIRECTION('',(0.,0.,1.));
#1148=DIRECTION('',(0.,0.,-1.));
#1149=DIRECTION('',(-1.,0.,0.));
#1150=DIRECTION('',(0.,-1.,0.));
#1151=DIRECTION('',(1.,0.,0.));
#1152=DIRECTION('',(-1.,0.,0.));
#1153=DIRECTION('',(0.,0.,1.));
#1154=DIRECTION('',(0.,0.,-1.));
#1155=DIRECTION('',(0.,1.,0.));
#1156=DIRECTION('',(-1.,0.,0.));
#1157=DIRECTION('',(0.,1.,0.));
#1158=DIRECTION('',(0.,0.,1.));
#1159=DIRECTION('',(0.,1.,0.));
#1160=DIRECTION('',(0.,0.,1.));
#1161=DIRECTION('',(0.,1.,0.));
#1162=DIRECTION('',(0.,0.,1.));
#1163=DIRECTION('',(0.,1.,0.));
#1164=DIRECTION('',(0.,0.,1.));
#1165=DIRECTION('',(0.,1.,0.));
#1166=DIRECTION('',(-1.,0.,0.));
#1167=DIRECTION('',(0.,1.,0.));
#1168=DIRECTION('',(0.,0.,1.));
#1169=DIRECTION('',(0.,1.,0.));
#1170=DIRECTION('',(0.,0.,1.));
#1171=DIRECTION('',(0.,1.,0.));
#1172=DIRECTION('',(-1.,0.,0.));
#1173=DIRECTION('',(0.,1.,0.));
#1174=DIRECTION('',(0.,0.,1.));
#1175=DIRECTION('',(0.,1.,0.));
#1176=DIRECTION('',(0.,0.,1.));
#1177=DIRECTION('',(0.,1.,0.));
#1178=DIRECTION('',(-1.,0.,0.));
#1179=DIRECTION('',(0.,1.,0.));
#1180=DIRECTION('',(0.,0.,1.));
#1181=DIRECTION('',(0.,1.,0.));
#1182=DIRECTION('',(0.,0.,1.));
#1183=DIRECTION('',(0.,1.,0.));
#1184=DIRECTION('',(-1.,0.,0.));
#1185=DIRECTION('',(0.,-1.,0.));
#1186=DIRECTION('',(1.,0.,0.));
#1187=DIRECTION('',(0.,-1.,0.));
#1188=DIRECTION('',(1.,0.,0.));
#1189=DIRECTION('',(0.,1.,0.));
#1190=DIRECTION('',(0.,0.,1.));
#1191=DIRECTION('',(0.,-1.,0.));
#1192=DIRECTION('',(0.,0.,1.));
#1193=DIRECTION('',(0.,1.,0.));
#1194=DIRECTION('',(-1.,0.,0.));
#1195=DIRECTION('',(0.,1.,0.));
#1196=DIRECTION('',(0.,0.,1.));
#1197=DIRECTION('',(0.,-1.,0.));
#1198=DIRECTION('',(0.,0.,1.));
#1199=DIRECTION('',(0.,1.,0.));
#1200=DIRECTION('',(-1.,0.,0.));
#1201=DIRECTION('',(0.,1.,0.));
#1202=DIRECTION('',(-1.,0.,0.));
#1203=DIRECTION('',(0.,-1.,0.));
#1204=DIRECTION('',(0.,0.,1.));
#1205=DIRECTION('',(0.,1.,0.));
#1206=DIRECTION('',(0.,0.,1.));
#1207=DIRECTION('',(0.,1.,0.));
#1208=DIRECTION('',(0.,0.,1.));
#1209=DIRECTION('',(0.,1.,0.));
#1210=DIRECTION('',(-1.,0.,0.));
#1211=DIRECTION('',(0.,1.,0.));
#1212=DIRECTION('',(-1.,0.,0.));
#1213=DIRECTION('',(0.,1.,0.));
#1214=DIRECTION('',(0.,0.,1.));
#1215=DIRECTION('',(0.,1.,0.));
#1216=DIRECTION('',(-1.,0.,0.));
#1217=DIRECTION('',(0.,1.,0.));
#1218=DIRECTION('',(0.,0.,1.));
#1219=DIRECTION('',(0.,1.,0.));
#1220=DIRECTION('',(0.,0.,1.));
#1221=DIRECTION('',(0.,1.,0.));
#1222=DIRECTION('',(-1.,0.,0.));
#1223=DIRECTION('',(0.,1.,0.));
#1224=DIRECTION('',(0.,0.,1.));
#1225=DIRECTION('',(0.,1.,0.));
#1226=DIRECTION('',(-1.,0.,0.));
#1227=DIRECTION('',(0.,1.,0.));
#1228=DIRECTION('',(0.,0.,1.));
#1229=DIRECTION('',(0.,1.,0.));
#1230=DIRECTION('',(0.,0.,1.));
#1231=DIRECTION('',(0.,-1.,0.));
#1232=DIRECTION('',(1.,0.,0.));
#1233=DIRECTION('',(0.,-1.,0.));
#1234=DIRECTION('',(0.,0.,-1.));
#1235=DIRECTION('',(0.,-1.,0.));
#1236=DIRECTION('',(1.,0.,0.));
#1237=DIRECTION('',(0.,-1.,0.));
#1238=DIRECTION('',(0.,0.,-1.));
#1239=DIRECTION('',(0.,-1.,0.));
#1240=DIRECTION('',(0.,0.,-1.));
#1241=CARTESIAN_POINT('',(0.,0.,0.));
#1242=CARTESIAN_POINT('',(0.14,-0.003,0.00849978257684426));
#1243=CARTESIAN_POINT('',(0.14,0.,0.00849978257684426));
#1244=CARTESIAN_POINT('',(0.14,0.,0.00344978257684426));
#1245=CARTESIAN_POINT('',(0.14,-0.0025,0.00849978257684426));
#1246=CARTESIAN_POINT('',(0.14,-0.0025,0.00344978257684426));
#1247=CARTESIAN_POINT('',(-0.14,-0.003,0.00849984278004109));
#1248=CARTESIAN_POINT('',(-0.14,0.,0.00849984278004109));
#1249=CARTESIAN_POINT('',(-0.14,0.,0.00344984278004109));
#1250=CARTESIAN_POINT('',(-0.14,-0.0025,0.00849984278004109));
#1251=CARTESIAN_POINT('',(-0.14,-0.0025,0.00344984278004109));
#1252=CARTESIAN_POINT('',(0.,0.,-6.93889390390723E-18));
#1253=CARTESIAN_POINT('',(0.012,0.,-0.0175000000000008));
#1254=CARTESIAN_POINT('',(0.012,0.,-0.0121666666666672));
#1255=CARTESIAN_POINT('',(0.012,0.,-0.00683333333333359));
#1256=CARTESIAN_POINT('',(0.012,0.,-0.00150000000000001));
#1257=CARTESIAN_POINT('',(0.012,0.,-0.0175));
#1258=CARTESIAN_POINT('',(0.012,0.,-0.0015));
#1259=CARTESIAN_POINT('',(0.012,0.,-0.00150000000000001));
#1260=CARTESIAN_POINT('',(0.004,0.,-0.00150000000000001));
#1261=CARTESIAN_POINT('',(-0.004,0.,-0.00150000000000001));
#1262=CARTESIAN_POINT('',(-0.012,0.,-0.00150000000000001));
#1263=CARTESIAN_POINT('',(-0.012,0.,-0.0015));
#1264=CARTESIAN_POINT('',(-0.012,0.,-0.00150000000000001));
#1265=CARTESIAN_POINT('',(-0.012,0.,-0.00683333333333359));
#1266=CARTESIAN_POINT('',(-0.012,0.,-0.0121666666666672));
#1267=CARTESIAN_POINT('',(-0.012,0.,-0.0175000000000008));
#1268=CARTESIAN_POINT('',(-0.012,0.,-0.0175));
#1269=CARTESIAN_POINT('',(-7.95574086315254E-6,0.,-0.0175));
#1270=CARTESIAN_POINT('',(-0.128,0.,-0.0175));
#1271=CARTESIAN_POINT('',(-0.128,0.,-0.0175));
#1272=CARTESIAN_POINT('',(-0.128,0.,-0.0131666666666667));
#1273=CARTESIAN_POINT('',(-0.128,0.,-0.00883333333333334));
#1274=CARTESIAN_POINT('',(-0.128,0.,-0.00450000000000001));
#1275=CARTESIAN_POINT('',(-0.127999999999969,0.,-0.0045));
#1276=CARTESIAN_POINT('',(-0.127999999999969,0.,-0.00450000000000001));
#1277=CARTESIAN_POINT('',(-0.135333333333324,0.,-0.00450000000000001));
#1278=CARTESIAN_POINT('',(-0.142666666666679,0.,-0.00450000000000001));
#1279=CARTESIAN_POINT('',(-0.150000000000034,0.,-0.00450000000000001));
#1280=CARTESIAN_POINT('',(-0.15,0.,-0.0045));
#1281=CARTESIAN_POINT('',(-0.15,0.,0.));
#1282=CARTESIAN_POINT('',(-0.15,0.,0.0075));
#1283=CARTESIAN_POINT('',(-0.15,0.,0.00749999999999999));
#1284=CARTESIAN_POINT('',(-0.15,0.,0.00771964527594523));
#1285=CARTESIAN_POINT('',(-0.149998393800609,0.,0.00801713763706938));
#1286=CARTESIAN_POINT('',(-0.14999334188854,0.,0.0083426437433495));
#1287=CARTESIAN_POINT('',(-0.149988468336628,0.,0.00852843785281898));
#1288=CARTESIAN_POINT('',(-0.149984748174581,0.,0.00863768773769592));
#1289=CARTESIAN_POINT('',(-0.149977018624876,0.,0.00881907070573511));
#1290=CARTESIAN_POINT('',(-0.149959869008139,0.,0.00912008078085529));
#1291=CARTESIAN_POINT('',(-0.149924777399182,0.,0.00953535085536945));
#1292=CARTESIAN_POINT('',(-0.149862863443438,0.,0.0100266831358362));
#1293=CARTESIAN_POINT('',(-0.149743775136223,0.,0.0107132757072063));
#1294=CARTESIAN_POINT('',(-0.149577311993496,0.,0.0113703163624532));
#1295=CARTESIAN_POINT('',(-0.149373328721415,0.,0.0119851438922944));
#1296=CARTESIAN_POINT('',(-0.149106529866689,0.,0.0126652175109705));
#1297=CARTESIAN_POINT('',(-0.148563070418145,0.,0.0137520286633174));
#1298=CARTESIAN_POINT('',(-0.147548699411993,0.,0.0150783885165977));
#1299=CARTESIAN_POINT('',(-0.146225682368772,0.,0.016075497855715));
#1300=CARTESIAN_POINT('',(-0.145026682073691,0.,0.0166764822977116));
#1301=CARTESIAN_POINT('',(-0.144224454112393,0.,0.0169717722128343));
#1302=CARTESIAN_POINT('',(-0.143518429975,0.,0.0171666515719295));
#1303=CARTESIAN_POINT('',(-0.143043672519663,0.,0.0172725821291642));
#1304=CARTESIAN_POINT('',(-0.142543230207504,0.,0.0173598884311695));
#1305=CARTESIAN_POINT('',(-0.142132980676553,0.,0.0174131696917511));
#1306=CARTESIAN_POINT('',(-0.141759616754057,0.,0.0174481894820795));
#1307=CARTESIAN_POINT('',(-0.141519760463046,0.,0.0174655544134602));
#1308=CARTESIAN_POINT('',(-0.140995180500847,0.,0.0174917197524894));
#1309=CARTESIAN_POINT('',(-0.140432634203722,0.,0.0175));
#1310=CARTESIAN_POINT('',(-0.14,0.,0.0175));
#1311=CARTESIAN_POINT('',(-0.14,0.,0.0175));
#1312=CARTESIAN_POINT('',(0.,0.,0.0175));
#1313=CARTESIAN_POINT('',(0.14,0.,0.0175));
#1314=CARTESIAN_POINT('',(0.14,0.,0.0175));
#1315=CARTESIAN_POINT('',(0.14021964527592,0.,0.0175));
#1316=CARTESIAN_POINT('',(0.140517137637022,0.,0.017498393800609));
#1317=CARTESIAN_POINT('',(0.140842643743308,0.,0.01749334188854));
#1318=CARTESIAN_POINT('',(0.141028437852791,0.,0.0174884683366283));
#1319=CARTESIAN_POINT('',(0.141137687737697,0.,0.0174847481745813));
#1320=CARTESIAN_POINT('',(0.141319070705735,0.,0.0174770186248775));
#1321=CARTESIAN_POINT('',(0.141620080780856,0.,0.0174598690081418));
#1322=CARTESIAN_POINT('',(0.142035350855377,0.,0.0174247773991836));
#1323=CARTESIAN_POINT('',(0.142526683135811,0.,0.0173628634434387));
#1324=CARTESIAN_POINT('',(0.143213275707112,0.,0.0172437751362286));
#1325=CARTESIAN_POINT('',(0.143870316362362,0.,0.0170773119935037));
#1326=CARTESIAN_POINT('',(0.144485143892293,0.,0.0168733287214109));
#1327=CARTESIAN_POINT('',(0.145165217510994,0.,0.0166065298667093));
#1328=CARTESIAN_POINT('',(0.146252028663369,0.,0.0160630704181876));
#1329=CARTESIAN_POINT('',(0.147578388516651,0.,0.0150486994120327));
#1330=CARTESIAN_POINT('',(0.148575497855681,0.,0.0137256823687577));
#1331=CARTESIAN_POINT('',(0.149176482297666,0.,0.0125266820736652));
#1332=CARTESIAN_POINT('',(0.149471772212799,0.,0.0117244541123926));
#1333=CARTESIAN_POINT('',(0.149666651571932,0.,0.0110184299749735));
#1334=CARTESIAN_POINT('',(0.149772582129159,0.,0.0105436725197653));
#1335=CARTESIAN_POINT('',(0.149859888431164,0.,0.0100432302076232));
#1336=CARTESIAN_POINT('',(0.149913169691746,0.,0.00963298067664273));
#1337=CARTESIAN_POINT('',(0.14994818948208,0.,0.00925961675405736));
#1338=CARTESIAN_POINT('',(0.14996555441346,0.,0.00901976046302877));
#1339=CARTESIAN_POINT('',(0.149991719752489,0.,0.00849518050081067));
#1340=CARTESIAN_POINT('',(0.15,0.,0.00793263420369971));
#1341=CARTESIAN_POINT('',(0.15,0.,0.00749999999999999));
#1342=CARTESIAN_POINT('',(0.15,0.,0.0075));
#1343=CARTESIAN_POINT('',(0.15,0.,0.));
#1344=CARTESIAN_POINT('',(0.15,0.,-0.0045));
#1345=CARTESIAN_POINT('',(0.15,0.,-0.00450000000000001));
#1346=CARTESIAN_POINT('',(0.142666666666667,0.,-0.00450000000000001));
#1347=CARTESIAN_POINT('',(0.135333333333333,0.,-0.00450000000000001));
#1348=CARTESIAN_POINT('',(0.128,0.,-0.00450000000000001));
#1349=CARTESIAN_POINT('',(0.128,0.,-0.0045));
#1350=CARTESIAN_POINT('',(0.128,0.,-0.00450000000000001));
#1351=CARTESIAN_POINT('',(0.128,0.,-0.00883333333333236));
#1352=CARTESIAN_POINT('',(0.128,0.,-0.0131666666666647));
#1353=CARTESIAN_POINT('',(0.128,0.,-0.0174999999999971));
#1354=CARTESIAN_POINT('',(0.128,0.,-0.0175));
#1355=CARTESIAN_POINT('',(-7.95574086315254E-6,0.,-0.0175));
#1356=CARTESIAN_POINT('',(-0.061,0.,0.0155));
#1357=CARTESIAN_POINT('',(0.119,0.,0.0155));
#1358=CARTESIAN_POINT('',(-0.119,0.,0.0155));
#1359=CARTESIAN_POINT('',(-0.119,-4.67562186884374E-19,0.0155));
#1360=CARTESIAN_POINT('',(-0.119512758511347,-4.67562186884374E-19,0.0155));
#1361=CARTESIAN_POINT('',(-0.120559694251392,5.6920614055489E-19,0.0154006682829303));
#1362=CARTESIAN_POINT('',(-0.121379705305529,2.23616698075135E-19,0.0146916025411582));
#1363=CARTESIAN_POINT('',(-0.121629719907694,2.23616698075135E-19,0.0142437005775793));
#1364=CARTESIAN_POINT('',(-0.121630858783241,-1.55854044079551E-19,0.0142443362870421));
#1365=CARTESIAN_POINT('',(-0.121629720287976,1.21972744404619E-19,0.0142436998963033));
#1366=CARTESIAN_POINT('',(-0.12167778853953,1.21972744404619E-19,0.0141575854066188));
#1367=CARTESIAN_POINT('',(-0.121766402330595,-3.80310263899216E-19,0.0139854789538848));
#1368=CARTESIAN_POINT('',(-0.121779038311059,-2.22108024537675E-19,0.0136562422502626));
#1369=CARTESIAN_POINT('',(-0.121484498416115,-3.69922638893214E-19,0.0135021096844271));
#1370=CARTESIAN_POINT('',(-0.121291460814447,3.25260651745652E-19,0.0135000000000017));
#1371=CARTESIAN_POINT('',(-0.121193130823443,3.25260651745652E-19,0.0135));
#1372=CARTESIAN_POINT('',(-0.121193130823443,0.,0.0135));
#1373=CARTESIAN_POINT('',(0.061,0.,0.0135));
#1374=CARTESIAN_POINT('',(0.121193130823447,0.,0.0135));
#1375=CARTESIAN_POINT('',(0.121193130823447,-1.42301535138722E-19,0.0135));
#1376=CARTESIAN_POINT('',(0.121291466510543,-1.42301535138722E-19,0.0134999999999941));
#1377=CARTESIAN_POINT('',(0.121484764745088,-5.65773318958768E-19,0.0135023050515119));
#1378=CARTESIAN_POINT('',(0.12177873025322,4.68179721028183E-19,0.013655723624086));
#1379=CARTESIAN_POINT('',(0.121766446089181,3.02793318264039E-19,0.0139857976394036));
#1380=CARTESIAN_POINT('',(0.121677784514388,2.39925119531918E-19,0.0141575924402163));
#1381=CARTESIAN_POINT('',(0.121629721368054,2.39925119531918E-19,0.0142436979613359));
#1382=CARTESIAN_POINT('',(0.121631100464821,-1.55757329097388E-19,0.0142444677578459));
#1383=CARTESIAN_POINT('',(0.121629721368054,2.23616698075135E-19,0.0142436979613356));
#1384=CARTESIAN_POINT('',(0.121379304719373,2.23616698075135E-19,0.0146923214426851));
#1385=CARTESIAN_POINT('',(0.120560294022686,6.47133171702285E-19,0.015399749887779));
#1386=CARTESIAN_POINT('',(0.11951455032918,-6.23416249179165E-19,0.0155));
#1387=CARTESIAN_POINT('',(0.119,-6.23416249179165E-19,0.0155));
#1388=CARTESIAN_POINT('',(-0.058,0.,0.0015));
#1389=CARTESIAN_POINT('',(-0.113,0.,0.0015));
#1390=CARTESIAN_POINT('',(0.113,0.,0.00149999999999999));
#1391=CARTESIAN_POINT('',(-0.113,-4.67562186884374E-19,0.0015));
#1392=CARTESIAN_POINT('',(-0.113512758511348,-4.67562186884374E-19,0.0015));
#1393=CARTESIAN_POINT('',(-0.114559694251397,5.6920614055489E-19,0.00140066828292961));
#1394=CARTESIAN_POINT('',(-0.115379705305534,2.23616698075135E-19,0.000691602541152497));
#1395=CARTESIAN_POINT('',(-0.115629719907699,2.23616698075135E-19,0.000243700577571569));
#1396=CARTESIAN_POINT('',(-0.115630858783245,-1.55854065404825E-19,0.000244336287034409));
#1397=CARTESIAN_POINT('',(-0.11562972028798,-2.03287907341032E-19,0.000243699896295686));
#1398=CARTESIAN_POINT('',(-0.115677788539537,-2.03287907341032E-19,0.000157585406614271));
#1399=CARTESIAN_POINT('',(-0.115766402330603,-5.31106822240612E-20,-1.45210461150102E-5));
#1400=CARTESIAN_POINT('',(-0.115779038311057,-3.7398015875256E-19,-0.000343757749736191));
#1401=CARTESIAN_POINT('',(-0.115484498416121,7.64299985980696E-20,-0.000497890315572065));
#1402=CARTESIAN_POINT('',(-0.115291460814451,-8.13151629364128E-20,-0.000499999999996816));
#1403=CARTESIAN_POINT('',(-0.115193130823448,-8.13151629364128E-20,-0.000500000000000018));
#1404=CARTESIAN_POINT('',(-0.115193130823448,0.,-0.0005));
#1405=CARTESIAN_POINT('',(-0.058,0.,-0.0005));
#1406=CARTESIAN_POINT('',(0.115193130823442,0.,-0.0005));
#1407=CARTESIAN_POINT('',(0.115193130823442,-3.04931861011548E-19,-0.000499999999999972));
#1408=CARTESIAN_POINT('',(0.115291466510537,-3.04931861011548E-19,-0.000500000000010244));
#1409=CARTESIAN_POINT('',(0.11548476474508,-6.10411837143334E-19,-0.000497694948489829));
#1410=CARTESIAN_POINT('',(0.115778730253212,7.09052236403369E-19,-0.00034427637591811));
#1411=CARTESIAN_POINT('',(0.115766446089179,-4.125487653126E-19,-1.42023606033818E-5));
#1412=CARTESIAN_POINT('',(0.115677784514386,-7.14065393286928E-20,0.000157592440210295));
#1413=CARTESIAN_POINT('',(0.115629721368057,-7.14065393286928E-20,0.000243697961331709));
#1414=CARTESIAN_POINT('',(0.115631100464823,-1.63490090249385E-19,0.000244467757841615));
#1415=CARTESIAN_POINT('',(0.115629721368057,2.03287907341032E-19,0.000243697961331293));
#1416=CARTESIAN_POINT('',(0.115379304719376,2.03287907341032E-19,0.000692321442681898));
#1417=CARTESIAN_POINT('',(0.114560294022689,6.301925127572E-19,0.00139974988777862));
#1418=CARTESIAN_POINT('',(0.113514550329181,-6.50521303491303E-19,0.00149999999999999));
#1419=CARTESIAN_POINT('',(0.113,-6.50521303491303E-19,0.00149999999999999));
#1420=CARTESIAN_POINT('',(-7.95574086315254E-6,-0.003,-0.0175));
#1421=CARTESIAN_POINT('',(0.128,0.,-0.0175));
#1422=CARTESIAN_POINT('',(0.12827120556528,0.,-0.0175));
#1423=CARTESIAN_POINT('',(0.128816401082272,3.6063671492868E-5,-0.0175));
#1424=CARTESIAN_POINT('',(0.129553849685158,0.000443991877517302,-0.0175));
#1425=CARTESIAN_POINT('',(0.12996443554832,0.0011842065021072,-0.0175));
#1426=CARTESIAN_POINT('',(0.13,0.0017279162935038,-0.0175));
#1427=CARTESIAN_POINT('',(0.13,0.002,-0.0175));
#1428=CARTESIAN_POINT('',(0.13,0.002,-0.0175));
#1429=CARTESIAN_POINT('',(0.13,0.005,-0.0175));
#1430=CARTESIAN_POINT('',(0.13,0.005,-0.0175));
#1431=CARTESIAN_POINT('',(-7.95574086315254E-6,0.005,-0.0175));
#1432=CARTESIAN_POINT('',(0.15,0.005,-0.0175));
#1433=CARTESIAN_POINT('',(0.15,-0.003,-0.0175));
#1434=CARTESIAN_POINT('',(0.15,-0.003,-0.0175));
#1435=CARTESIAN_POINT('',(-7.95574086315254E-6,-0.003,-0.0175));
#1436=CARTESIAN_POINT('',(-0.15,-0.003,-0.0175));
#1437=CARTESIAN_POINT('',(-0.15,-0.003,-0.0175));
#1438=CARTESIAN_POINT('',(-0.15,0.005,-0.0175));
#1439=CARTESIAN_POINT('',(-7.95574086315254E-6,0.005,-0.0175));
#1440=CARTESIAN_POINT('',(-0.13,0.005,-0.0175));
#1441=CARTESIAN_POINT('',(-0.13,0.005,-0.0175));
#1442=CARTESIAN_POINT('',(-0.13,0.002,-0.0175));
#1443=CARTESIAN_POINT('',(-0.13,0.002,-0.0175));
#1444=CARTESIAN_POINT('',(-0.13,0.00172879443471988,-0.0175));
#1445=CARTESIAN_POINT('',(-0.129963936328507,0.00118359891772763,-0.0175));
#1446=CARTESIAN_POINT('',(-0.129556008122483,0.000446150314842145,-0.0175));
#1447=CARTESIAN_POINT('',(-0.128815793497893,3.55644516797601E-5,-0.0175));
#1448=CARTESIAN_POINT('',(-0.128272083706496,0.,-0.0175));
#1449=CARTESIAN_POINT('',(-0.128,0.,-0.0175));
#1450=CARTESIAN_POINT('',(-0.012,0.,-0.0175));
#1451=CARTESIAN_POINT('',(-0.0117287944347199,2.35233330453495E-19,-0.0175));
#1452=CARTESIAN_POINT('',(-0.0111835989177277,3.60636714928567E-5,-0.0175));
#1453=CARTESIAN_POINT('',(-0.0104461503148421,0.000443991877517223,-0.0175));
#1454=CARTESIAN_POINT('',(-0.0100355644516798,0.00118420650210718,-0.0175));
#1455=CARTESIAN_POINT('',(-0.01,0.0017279162935038,-0.0175));
#1456=CARTESIAN_POINT('',(-0.01,0.002,-0.0175));
#1457=CARTESIAN_POINT('',(-0.01,0.002,-0.0175));
#1458=CARTESIAN_POINT('',(-0.01,0.005,-0.0175));
#1459=CARTESIAN_POINT('',(-0.01,0.005,-0.0175));
#1460=CARTESIAN_POINT('',(-7.95574086315254E-6,0.005,-0.0175));
#1461=CARTESIAN_POINT('',(0.01,0.005,-0.0175));
#1462=CARTESIAN_POINT('',(0.01,0.005,-0.0175));
#1463=CARTESIAN_POINT('',(0.01,0.002,-0.0175));
#1464=CARTESIAN_POINT('',(0.01,0.002,-0.0175));
#1465=CARTESIAN_POINT('',(0.01,0.00172879443471988,-0.0175));
#1466=CARTESIAN_POINT('',(0.0100360636714929,0.00118359891772768,-0.0175));
#1467=CARTESIAN_POINT('',(0.0104439918775172,0.000446150314842083,-0.0175));
#1468=CARTESIAN_POINT('',(0.0111842065021072,3.55644516797598E-5,-0.0175));
#1469=CARTESIAN_POINT('',(0.0117279162935038,0.,-0.0175));
#1470=CARTESIAN_POINT('',(0.012,0.,-0.0175));
#1471=CARTESIAN_POINT('',(0.15,-0.003,0.));
#1472=CARTESIAN_POINT('',(0.15,0.,0.0075));
#1473=CARTESIAN_POINT('',(0.15,-0.000999999999999979,0.0075));
#1474=CARTESIAN_POINT('',(0.15,-0.00199999999999996,0.0075));
#1475=CARTESIAN_POINT('',(0.15,-0.00299999999999994,0.0075));
#1476=CARTESIAN_POINT('',(0.15,-0.003,0.0075));
#1477=CARTESIAN_POINT('',(0.15,-0.003,0.));
#1478=CARTESIAN_POINT('',(0.15,0.005,0.));
#1479=CARTESIAN_POINT('',(0.15,0.005,-0.0065));
#1480=CARTESIAN_POINT('',(0.15,0.005,-0.0065));
#1481=CARTESIAN_POINT('',(0.15,0.002,-0.0065));
#1482=CARTESIAN_POINT('',(0.15,0.002,-0.0065));
#1483=CARTESIAN_POINT('',(0.15,0.00172879443471988,-0.0065));
#1484=CARTESIAN_POINT('',(0.15,0.00118359891772769,-0.00646393632850715));
#1485=CARTESIAN_POINT('',(0.15,0.000446150314842083,-0.00605600812248277));
#1486=CARTESIAN_POINT('',(0.15,3.55644516797619E-5,-0.00531579349789282));
#1487=CARTESIAN_POINT('',(0.15,0.,-0.0047720837064962));
#1488=CARTESIAN_POINT('',(0.15,0.,-0.0045));
#1489=CARTESIAN_POINT('',(0.,-0.003,0.0175));
#1490=CARTESIAN_POINT('',(-0.14,0.,0.0175));
#1491=CARTESIAN_POINT('',(-0.14,-0.00100000000000001,0.0175));
#1492=CARTESIAN_POINT('',(-0.14,-0.00200000000000003,0.0175));
#1493=CARTESIAN_POINT('',(-0.14,-0.00300000000000004,0.0175));
#1494=CARTESIAN_POINT('',(-0.14,-0.003,0.0175));
#1495=CARTESIAN_POINT('',(0.,-0.003,0.0175));
#1496=CARTESIAN_POINT('',(0.14,-0.003,0.0175));
#1497=CARTESIAN_POINT('',(0.14,-0.00299999999999994,0.0175));
#1498=CARTESIAN_POINT('',(0.14,-0.00199999999999996,0.0175));
#1499=CARTESIAN_POINT('',(0.14,-0.000999999999999979,0.0175));
#1500=CARTESIAN_POINT('',(0.14,0.,0.0175));
#1501=CARTESIAN_POINT('',(-0.15,-0.003,0.));
#1502=CARTESIAN_POINT('',(-0.15,-0.003,0.));
#1503=CARTESIAN_POINT('',(-0.15,-0.003,0.0075));
#1504=CARTESIAN_POINT('',(-0.15,-0.00300000000000004,0.0075));
#1505=CARTESIAN_POINT('',(-0.15,-0.00200000000000003,0.0075));
#1506=CARTESIAN_POINT('',(-0.15,-0.00100000000000001,0.0075));
#1507=CARTESIAN_POINT('',(-0.15,0.,0.0075));
#1508=CARTESIAN_POINT('',(-0.15,0.,-0.0045));
#1509=CARTESIAN_POINT('',(-0.15,0.,-0.00477120556528012));
#1510=CARTESIAN_POINT('',(-0.15,3.6063671492856E-5,-0.0053164010822723));
#1511=CARTESIAN_POINT('',(-0.15,0.00044399187751723,-0.00605384968515792));
#1512=CARTESIAN_POINT('',(-0.15,0.00118420650210718,-0.00646443554832024));
#1513=CARTESIAN_POINT('',(-0.15,0.0017279162935038,-0.0065));
#1514=CARTESIAN_POINT('',(-0.15,0.002,-0.0065));
#1515=CARTESIAN_POINT('',(-0.15,0.002,-0.0065));
#1516=CARTESIAN_POINT('',(-0.15,0.005,-0.0065));
#1517=CARTESIAN_POINT('',(-0.15,0.005,-0.0065));
#1518=CARTESIAN_POINT('',(-0.15,0.005,0.));
#1519=CARTESIAN_POINT('',(0.,-0.003,-6.93889390390723E-18));
#1520=CARTESIAN_POINT('',(-0.14,-0.003,0.0175));
#1521=CARTESIAN_POINT('',(-0.140219645275917,-0.003,0.0175));
#1522=CARTESIAN_POINT('',(-0.140517137637017,-0.003,0.017498393800609));
#1523=CARTESIAN_POINT('',(-0.140842643743304,-0.003,0.01749334188854));
#1524=CARTESIAN_POINT('',(-0.141028437852788,-0.003,0.0174884683366284));
#1525=CARTESIAN_POINT('',(-0.141137687737697,-0.003,0.0174847481745812));
#1526=CARTESIAN_POINT('',(-0.141319070705733,-0.003,0.0174770186248777));
#1527=CARTESIAN_POINT('',(-0.141620080780852,-0.003,0.0174598690081423));
#1528=CARTESIAN_POINT('',(-0.142035350855374,-0.003,0.017424777399184));
#1529=CARTESIAN_POINT('',(-0.142526683135812,-0.003,0.0173628634434386));
#1530=CARTESIAN_POINT('',(-0.143213275707111,-0.003,0.0172437751362289));
#1531=CARTESIAN_POINT('',(-0.143870316362362,-0.003,0.0170773119935036));
#1532=CARTESIAN_POINT('',(-0.144485143892292,-0.003,0.0168733287214113));
#1533=CARTESIAN_POINT('',(-0.145165217510999,-0.003,0.0166065298667074));
#1534=CARTESIAN_POINT('',(-0.14625202866338,-0.003,0.0160630704181834));
#1535=CARTESIAN_POINT('',(-0.14757838851666,-0.003,0.0150486994120313));
#1536=CARTESIAN_POINT('',(-0.148575497855682,-0.003,0.0137256823687525));
#1537=CARTESIAN_POINT('',(-0.149176482297671,-0.003,0.0125266820736486));
#1538=CARTESIAN_POINT('',(-0.149471772212799,-0.003,0.0117244541123938));
#1539=CARTESIAN_POINT('',(-0.149666651571937,-0.003,0.0110184299749552));
#1540=CARTESIAN_POINT('',(-0.149772582129141,-0.003,0.0105436725198362));
#1541=CARTESIAN_POINT('',(-0.149859888431144,-0.003,0.0100432302077022));
#1542=CARTESIAN_POINT('',(-0.149913169691731,-0.003,0.00963298067671371));
#1543=CARTESIAN_POINT('',(-0.14994818948208,-0.003,0.00925961675404144));
#1544=CARTESIAN_POINT('',(-0.14996555441346,-0.003,0.00901976046310328));
#1545=CARTESIAN_POINT('',(-0.14999171975249,-0.003,0.00849518050094253));
#1546=CARTESIAN_POINT('',(-0.15,-0.003,0.00793263420378344));
#1547=CARTESIAN_POINT('',(-0.15,-0.003,0.00749999999999999));
#1548=CARTESIAN_POINT('',(0.15,-0.003,0.00749999999999999));
#1549=CARTESIAN_POINT('',(0.15,-0.003,0.00771964527578141));
#1550=CARTESIAN_POINT('',(0.149998393800609,-0.003,0.00801713763676372));
#1551=CARTESIAN_POINT('',(0.14999334188854,-0.003,0.00834264374308421));
#1552=CARTESIAN_POINT('',(0.149988468336629,-0.003,0.00852843785263831));
#1553=CARTESIAN_POINT('',(0.14998474817458,-0.003,0.00863768773770556));
#1554=CARTESIAN_POINT('',(0.149977018624885,-0.003,0.00881907070571959));
#1555=CARTESIAN_POINT('',(0.149959869008158,-0.003,0.00912008078083356));
#1556=CARTESIAN_POINT('',(0.149924777399199,-0.003,0.00953535085535677));
#1557=CARTESIAN_POINT('',(0.149862863443428,-0.003,0.0100266831358123));
#1558=CARTESIAN_POINT('',(0.149743775136201,-0.003,0.0107132757070926));
#1559=CARTESIAN_POINT('',(0.149577311993483,-0.003,0.0113703163623347));
#1560=CARTESIAN_POINT('',(0.149373328721399,-0.003,0.0119851438923097));
#1561=CARTESIAN_POINT('',(0.149106529866777,-0.003,0.012665217510902));
#1562=CARTESIAN_POINT('',(0.148563070418332,-0.003,0.0137520286631783));
#1563=CARTESIAN_POINT('',(0.147548699412153,-0.003,0.0150783885164759));
#1564=CARTESIAN_POINT('',(0.146225682368748,-0.003,0.0160754978557349));
#1565=CARTESIAN_POINT('',(0.145026682073687,-0.003,0.0166764822977176));
#1566=CARTESIAN_POINT('',(0.144224454112389,-0.003,0.0169717722128403));
#1567=CARTESIAN_POINT('',(0.143518429974997,-0.003,0.0171666515719304));
#1568=CARTESIAN_POINT('',(0.143043672519674,-0.003,0.0172725821291592));
#1569=CARTESIAN_POINT('',(0.142543230207515,-0.003,0.0173598884311636));
#1570=CARTESIAN_POINT('',(0.142132980676565,-0.003,0.0174131696917465));
#1571=CARTESIAN_POINT('',(0.141759616754052,-0.003,0.0174481894820797));
#1572=CARTESIAN_POINT('',(0.141519760463073,-0.003,0.0174655544134601));
#1573=CARTESIAN_POINT('',(0.140995180500896,-0.003,0.0174917197524894));
#1574=CARTESIAN_POINT('',(0.140432634203752,-0.003,0.0175));
#1575=CARTESIAN_POINT('',(0.14,-0.003,0.0175));
#1576=CARTESIAN_POINT('',(0.15,0.,0.0075));
#1577=CARTESIAN_POINT('',(0.15,-0.003,0.0075));
#1578=CARTESIAN_POINT('',(0.15,0.,0.00899999999999999));
#1579=CARTESIAN_POINT('',(0.15,-0.003,0.00899999999999999));
#1580=CARTESIAN_POINT('',(0.15,0.,0.0105));
#1581=CARTESIAN_POINT('',(0.15,-0.003,0.0105));
#1582=CARTESIAN_POINT('',(0.149,0.,0.0141666666666667));
#1583=CARTESIAN_POINT('',(0.149,-0.003,0.0141666666666667));
#1584=CARTESIAN_POINT('',(0.146666666666667,0.,0.0165));
#1585=CARTESIAN_POINT('',(0.146666666666667,-0.003,0.0165));
#1586=CARTESIAN_POINT('',(0.143,0.,0.0175));
#1587=CARTESIAN_POINT('',(0.143,-0.003,0.0175));
#1588=CARTESIAN_POINT('',(0.1415,0.,0.0175));
#1589=CARTESIAN_POINT('',(0.1415,-0.003,0.0175));
#1590=CARTESIAN_POINT('',(0.14,0.,0.0175));
#1591=CARTESIAN_POINT('',(0.14,-0.003,0.0175));
#1592=CARTESIAN_POINT('',(-0.15,-0.00300000000000004,0.0075));
#1593=CARTESIAN_POINT('',(-0.15,-4.33680868994202E-19,0.0075));
#1594=CARTESIAN_POINT('',(-0.15,-0.00300000000000004,0.009));
#1595=CARTESIAN_POINT('',(-0.15,-4.33680868994202E-19,0.009));
#1596=CARTESIAN_POINT('',(-0.15,-0.00300000000000004,0.0105));
#1597=CARTESIAN_POINT('',(-0.15,4.33680868994202E-19,0.0105));
#1598=CARTESIAN_POINT('',(-0.149,-0.00300000000000004,0.0141666666666667));
#1599=CARTESIAN_POINT('',(-0.149,4.33680868994202E-19,0.0141666666666667));
#1600=CARTESIAN_POINT('',(-0.146666666666667,-0.00300000000000004,0.0165));
#1601=CARTESIAN_POINT('',(-0.146666666666667,4.33680868994202E-19,0.0165));
#1602=CARTESIAN_POINT('',(-0.143,-0.00300000000000004,0.0175));
#1603=CARTESIAN_POINT('',(-0.143,0.,0.0175));
#1604=CARTESIAN_POINT('',(-0.1415,-0.00300000000000004,0.0175));
#1605=CARTESIAN_POINT('',(-0.1415,0.,0.0175));
#1606=CARTESIAN_POINT('',(-0.14,-0.00300000000000004,0.0175));
#1607=CARTESIAN_POINT('',(-0.14,0.,0.0175));
#1608=CARTESIAN_POINT('',(0.061,0.004,0.0135));
#1609=CARTESIAN_POINT('',(-0.121193130823443,1.15012166457262E-15,0.0135));
#1610=CARTESIAN_POINT('',(-0.12119313082345,0.00133333333333333,0.0135));
#1611=CARTESIAN_POINT('',(-0.121193130823456,0.0026666666666655,0.0135));
#1612=CARTESIAN_POINT('',(-0.121193130823463,0.00399999999999768,0.0135));
#1613=CARTESIAN_POINT('',(-0.121193130823462,0.004,0.0135));
#1614=CARTESIAN_POINT('',(0.061,0.004,0.0135));
#1615=CARTESIAN_POINT('',(0.121193130823445,0.004,0.0135));
#1616=CARTESIAN_POINT('',(0.121193130823445,0.00399999999999789,0.0135));
#1617=CARTESIAN_POINT('',(0.121193130823446,0.0026666666666655,0.0135));
#1618=CARTESIAN_POINT('',(0.121193130823447,0.00133333333333312,0.0135));
#1619=CARTESIAN_POINT('',(0.121193130823447,7.30318583386236E-16,0.0135));
#1620=CARTESIAN_POINT('',(-0.061,0.004,0.0155));
#1621=CARTESIAN_POINT('',(-0.061,0.004,0.0155));
#1622=CARTESIAN_POINT('',(0.119,0.004,0.0155));
#1623=CARTESIAN_POINT('',(-0.119,0.004,0.0155));
#1624=CARTESIAN_POINT('',(-0.119,0.00399999999999981,0.0155));
#1625=CARTESIAN_POINT('',(-0.119,0.00266666666666657,0.0155));
#1626=CARTESIAN_POINT('',(-0.119,0.00133333333333333,0.0155));
#1627=CARTESIAN_POINT('',(-0.119,9.4542429440736E-17,0.0155));
#1628=CARTESIAN_POINT('',(0.119,9.4542429440736E-17,0.0155));
#1629=CARTESIAN_POINT('',(0.119,0.00133333333333333,0.0155));
#1630=CARTESIAN_POINT('',(0.119,0.00266666666666657,0.0155));
#1631=CARTESIAN_POINT('',(0.119,0.00399999999999981,0.0155));
#1632=CARTESIAN_POINT('',(-2.77555756156289E-17,0.004,2.49875000000003E-5));
#1633=CARTESIAN_POINT('',(-0.121193130823462,0.004,0.0135));
#1634=CARTESIAN_POINT('',(-0.121760940413065,0.004,0.0135));
#1635=CARTESIAN_POINT('',(-0.121906470548018,0.004,0.0137478994038888));
#1636=CARTESIAN_POINT('',(-0.121629721228322,0.004,0.0142436982116664));
#1637=CARTESIAN_POINT('',(-0.121631082663988,0.004,0.0142444581497432));
#1638=CARTESIAN_POINT('',(-0.121632444563807,0.004,0.0142452172569484));
#1639=CARTESIAN_POINT('',(-0.121507675018022,0.004,0.0144690639292369));
#1640=CARTESIAN_POINT('',(-0.121201114201676,0.004,0.0148579560598029));
#1641=CARTESIAN_POINT('',(-0.120643584544099,0.004,0.0152058716852984));
#1642=CARTESIAN_POINT('',(-0.120167707761306,0.004,0.0153776593886227));
#1643=CARTESIAN_POINT('',(-0.119774228719549,0.004,0.0154624165255698));
#1644=CARTESIAN_POINT('',(-0.119461946556173,0.004,0.0154905891837402));
#1645=CARTESIAN_POINT('',(-0.119161253248965,0.004,0.0155));
#1646=CARTESIAN_POINT('',(-0.119,0.004,0.0155));
#1647=CARTESIAN_POINT('',(0.119,0.004,0.0155));
#1648=CARTESIAN_POINT('',(0.119164284276546,0.004,0.0155));
#1649=CARTESIAN_POINT('',(0.119378267937339,0.004,0.0154949554574972));
#1650=CARTESIAN_POINT('',(0.119569909939322,0.004,0.0154821401363844));
#1651=CARTESIAN_POINT('',(0.119848985667995,0.004,0.0154477888814296));
#1652=CARTESIAN_POINT('',(0.120148508113157,0.004,0.0153824233500046));
#1653=CARTESIAN_POINT('',(0.120667852939443,0.004,0.0151986881569181));
#1654=CARTESIAN_POINT('',(0.121191860584295,0.004,0.0148600530531521));
#1655=CARTESIAN_POINT('',(0.121507316969691,0.004,0.0144683119462232));
#1656=CARTESIAN_POINT('',(0.121632038636859,0.004,0.014244995398021));
#1657=CARTESIAN_POINT('',(0.1216308793112,0.004,0.0142443479178854));
#1658=CARTESIAN_POINT('',(0.121629720287974,0.004,0.0142436998963064));
#1659=CARTESIAN_POINT('',(0.121906470877631,0.004,0.0137478999654355));
#1660=CARTESIAN_POINT('',(0.121760941056121,0.004,0.0135));
#1661=CARTESIAN_POINT('',(0.121193130823445,0.004,0.0135));
#1662=CARTESIAN_POINT('',(-0.058,0.004,0.0015));
#1663=CARTESIAN_POINT('',(-0.058,0.004,0.0015));
#1664=CARTESIAN_POINT('',(-0.113,0.004,0.0015));
#1665=CARTESIAN_POINT('',(0.113,0.004,0.00149999999999999));
#1666=CARTESIAN_POINT('',(-0.113,0.00399999999999981,0.0015));
#1667=CARTESIAN_POINT('',(-0.113,0.00266666666666657,0.0015));
#1668=CARTESIAN_POINT('',(-0.113,0.00133333333333333,0.0015));
#1669=CARTESIAN_POINT('',(-0.113,9.4542429440736E-17,0.0015));
#1670=CARTESIAN_POINT('',(0.113,0.,0.00149999999999999));
#1671=CARTESIAN_POINT('',(0.113,0.00133333333333334,0.00149999999999999));
#1672=CARTESIAN_POINT('',(0.113,0.00266666666666668,0.00149999999999999));
#1673=CARTESIAN_POINT('',(0.113,0.00400000000000002,0.00149999999999999));
#1674=CARTESIAN_POINT('',(-0.058,0.004,-0.0005));
#1675=CARTESIAN_POINT('',(-0.115193130823448,1.67487551605561E-15,-0.0005));
#1676=CARTESIAN_POINT('',(-0.115193130823454,0.00133333333333336,-0.0005));
#1677=CARTESIAN_POINT('',(-0.11519313082346,0.00266666666666504,-0.0005));
#1678=CARTESIAN_POINT('',(-0.115193130823466,0.00399999999999672,-0.0005));
#1679=CARTESIAN_POINT('',(-0.115193130823466,0.004,-0.0005));
#1680=CARTESIAN_POINT('',(-0.058,0.004,-0.0005));
#1681=CARTESIAN_POINT('',(0.115193130823442,0.004,-0.0005));
#1682=CARTESIAN_POINT('',(0.115193130823442,0.00400000000000306,-0.0005));
#1683=CARTESIAN_POINT('',(0.115193130823442,0.00266666666666754,-0.0005));
#1684=CARTESIAN_POINT('',(0.115193130823442,0.00133333333333203,-0.0005));
#1685=CARTESIAN_POINT('',(0.115193130823442,-3.47985529280948E-15,-0.0005));
#1686=CARTESIAN_POINT('',(-2.77555756156289E-17,0.004,2.49875000000003E-5));
#1687=CARTESIAN_POINT('',(-0.115193130823466,0.004,-0.000499999999999985));
#1688=CARTESIAN_POINT('',(-0.115760940413106,0.004,-0.000499999999999985));
#1689=CARTESIAN_POINT('',(-0.115906470548058,0.004,-0.000252100596111467));
#1690=CARTESIAN_POINT('',(-0.115629721228323,0.004,0.000243698211665567));
#1691=CARTESIAN_POINT('',(-0.115631082663987,0.004,0.000244458149741546));
#1692=CARTESIAN_POINT('',(-0.115632444563804,0.004,0.000245217256945876));
#1693=CARTESIAN_POINT('',(-0.115507675018019,0.004,0.000469063929230305));
#1694=CARTESIAN_POINT('',(-0.115201114201672,0.004,0.000857956059792137));
#1695=CARTESIAN_POINT('',(-0.114643584544092,0.004,0.00120587168530343));
#1696=CARTESIAN_POINT('',(-0.114167707761322,0.004,0.00137765938862002));
#1697=CARTESIAN_POINT('',(-0.113774228719541,0.004,0.00146241652557107));
#1698=CARTESIAN_POINT('',(-0.113461946556172,0.004,0.00149058918374));
#1699=CARTESIAN_POINT('',(-0.113161253248964,0.004,0.0015));
#1700=CARTESIAN_POINT('',(-0.113,0.004,0.0015));
#1701=CARTESIAN_POINT('',(0.113,0.004,0.00149999999999999));
#1702=CARTESIAN_POINT('',(0.113164284276544,0.004,0.00149999999999999));
#1703=CARTESIAN_POINT('',(0.113378267937335,0.004,0.00149495545749715));
#1704=CARTESIAN_POINT('',(0.113569909939323,0.004,0.00148214013638439));
#1705=CARTESIAN_POINT('',(0.113848985667987,0.004,0.00144778888143096));
#1706=CARTESIAN_POINT('',(0.11414850811316,0.004,0.00138242335000406));
#1707=CARTESIAN_POINT('',(0.114667852939451,0.004,0.0011986881569173));
#1708=CARTESIAN_POINT('',(0.115191860584292,0.004,0.000860053053151858));
#1709=CARTESIAN_POINT('',(0.115507316969694,0.004,0.000468311946214396));
#1710=CARTESIAN_POINT('',(0.115632038636861,0.004,0.000244995398012409));
#1711=CARTESIAN_POINT('',(0.115630879311203,0.004,0.000244347917877355));
#1712=CARTESIAN_POINT('',(0.115629720287978,0.004,0.000243699896298829));
#1713=CARTESIAN_POINT('',(0.115906470877622,0.004,-0.000252100034567049));
#1714=CARTESIAN_POINT('',(0.11576094105611,0.004,-0.000499999999999988));
#1715=CARTESIAN_POINT('',(0.115193130823442,0.004,-0.000499999999999988));
#1716=CARTESIAN_POINT('',(0.121638918618679,0.004,0.0142270747646845));
#1717=CARTESIAN_POINT('',(0.121638918618679,0.,0.0142270747646845));
#1718=CARTESIAN_POINT('',(0.121383580277006,0.004,0.0146926826838967));
#1719=CARTESIAN_POINT('',(0.121383580277006,0.,0.0146926826838967));
#1720=CARTESIAN_POINT('',(0.120762385530367,0.004,0.0152272339720459));
#1721=CARTESIAN_POINT('',(0.120762385530367,8.67361737988404E-19,0.0152272339720459));
#1722=CARTESIAN_POINT('',(0.119717592581198,0.004,0.0154937916247396));
#1723=CARTESIAN_POINT('',(0.119717592581198,8.67361737988404E-19,0.0154937916247396));
#1724=CARTESIAN_POINT('',(0.119236614494511,0.004,0.0155));
#1725=CARTESIAN_POINT('',(0.119236614494511,8.67361737988404E-19,0.0155));
#1726=CARTESIAN_POINT('',(0.119,0.004,0.0155));
#1727=CARTESIAN_POINT('',(0.119,8.67361737988404E-19,0.0155));
#1728=CARTESIAN_POINT('',(0.121629720287975,3.90312782094782E-16,0.0142436998963055));
#1729=CARTESIAN_POINT('',(0.121629720287974,0.0013333333333335,0.0142436998963058));
#1730=CARTESIAN_POINT('',(0.121629720287974,0.0026666666666666,0.0142436998963061));
#1731=CARTESIAN_POINT('',(0.121629720287974,0.0039999999999997,0.0142436998963064));
#1732=CARTESIAN_POINT('',(-0.119,0.004,0.0155));
#1733=CARTESIAN_POINT('',(-0.119,0.,0.0155));
#1734=CARTESIAN_POINT('',(-0.119236614473108,0.004,0.0155));
#1735=CARTESIAN_POINT('',(-0.119236614473108,0.,0.0155));
#1736=CARTESIAN_POINT('',(-0.119717592514104,0.004,0.0154937916272007));
#1737=CARTESIAN_POINT('',(-0.119717592514104,0.,0.0154937916272007));
#1738=CARTESIAN_POINT('',(-0.12076238536416,0.004,0.0152272340361457));
#1739=CARTESIAN_POINT('',(-0.12076238536416,0.,0.0152272340361457));
#1740=CARTESIAN_POINT('',(-0.121383580110721,0.004,0.0146926828619166));
#1741=CARTESIAN_POINT('',(-0.121383580110721,0.,0.0146926828619166));
#1742=CARTESIAN_POINT('',(-0.121638918480099,0.004,0.0142270750173851));
#1743=CARTESIAN_POINT('',(-0.121638918480099,0.,0.0142270750173851));
#1744=CARTESIAN_POINT('',(-0.121629720287983,0.00399999999999765,0.0142436998962907));
#1745=CARTESIAN_POINT('',(-0.121629720287981,0.00266666666666522,0.0142436998962949));
#1746=CARTESIAN_POINT('',(-0.121629720287978,0.0013333333333328,0.0142436998962991));
#1747=CARTESIAN_POINT('',(-0.121629720287976,3.69929781252054E-16,0.0142436998963033));
#1748=CARTESIAN_POINT('',(-0.113,0.004,0.0015));
#1749=CARTESIAN_POINT('',(-0.113,0.,0.0015));
#1750=CARTESIAN_POINT('',(-0.113236614473108,0.004,0.0015));
#1751=CARTESIAN_POINT('',(-0.113236614473108,0.,0.0015));
#1752=CARTESIAN_POINT('',(-0.113717592514105,0.004,0.00149379162720068));
#1753=CARTESIAN_POINT('',(-0.113717592514105,0.,0.00149379162720068));
#1754=CARTESIAN_POINT('',(-0.11476238536416,0.004,0.00122723403614558));
#1755=CARTESIAN_POINT('',(-0.11476238536416,-8.67361737988404E-19,0.00122723403614558));
#1756=CARTESIAN_POINT('',(-0.115383580110721,0.004,0.000692682861916156));
#1757=CARTESIAN_POINT('',(-0.115383580110721,0.,0.000692682861916156));
#1758=CARTESIAN_POINT('',(-0.115638918480099,0.004,0.000227075017384431));
#1759=CARTESIAN_POINT('',(-0.115638918480099,0.,0.000227075017384431));
#1760=CARTESIAN_POINT('',(-0.115629720287983,0.00399999999999996,0.000243699896289958));
#1761=CARTESIAN_POINT('',(-0.115629720287982,0.00266666666666665,0.000243699896291866));
#1762=CARTESIAN_POINT('',(-0.115629720287981,0.00133333333333334,0.000243699896293774));
#1763=CARTESIAN_POINT('',(-0.11562972028798,2.12503625807159E-17,0.000243699896295683));
#1764=CARTESIAN_POINT('',(0.113,-3.46727854760864E-15,0.00149999999999999));
#1765=CARTESIAN_POINT('',(0.113,0.00400000000000101,0.00149999999999999));
#1766=CARTESIAN_POINT('',(0.113236614494511,-3.46727854760864E-15,0.00149999999999999));
#1767=CARTESIAN_POINT('',(0.113236614494511,0.00400000000000101,0.00149999999999999));
#1768=CARTESIAN_POINT('',(0.1137175925812,-3.46727854760864E-15,0.00149379162473955));
#1769=CARTESIAN_POINT('',(0.1137175925812,0.00400000000000101,0.00149379162473955));
#1770=CARTESIAN_POINT('',(0.11476238553037,-3.46727854760864E-15,0.00122723397204484));
#1771=CARTESIAN_POINT('',(0.11476238553037,0.00400000000000101,0.00122723397204484));
#1772=CARTESIAN_POINT('',(0.115383580277009,-3.46727854760864E-15,0.000692682683893704));
#1773=CARTESIAN_POINT('',(0.115383580277009,0.00400000000000101,0.000692682683893704));
#1774=CARTESIAN_POINT('',(0.115638918618682,-3.46727854760864E-15,0.000227074764680144));
#1775=CARTESIAN_POINT('',(0.115638918618682,0.00400000000000101,0.000227074764680144));
#1776=CARTESIAN_POINT('',(0.115629720287977,-3.46727854760864E-15,0.000243699896301299));
#1777=CARTESIAN_POINT('',(0.115629720287977,0.00133333333333136,0.000243699896300476));
#1778=CARTESIAN_POINT('',(0.115629720287978,0.00266666666666619,0.000243699896299653));
#1779=CARTESIAN_POINT('',(0.115629720287978,0.00400000000000101,0.00024369989629883));
#1780=CARTESIAN_POINT('',(0.121193130823445,0.00400000000000599,0.0135));
#1781=CARTESIAN_POINT('',(0.121193130823445,0.,0.0135));
#1782=CARTESIAN_POINT('',(0.121407337378857,0.00400000000000033,0.0134999999999216));
#1783=CARTESIAN_POINT('',(0.121407337378856,-5.66473951080226E-15,0.0134999999999216));
#1784=CARTESIAN_POINT('',(0.121886170732042,0.00399999999999197,0.0136020116844099));
#1785=CARTESIAN_POINT('',(0.121886170732042,-1.40235045797965E-14,0.0136020116844099));
#1786=CARTESIAN_POINT('',(0.121738757633816,0.00399999999999478,0.0140498501863409));
#1787=CARTESIAN_POINT('',(0.121738757633816,-1.12141199104521E-14,0.0140498501863409));
#1788=CARTESIAN_POINT('',(0.121625687949626,0.00400000000000019,0.0142508965357755));
#1789=CARTESIAN_POINT('',(0.121625687949625,-5.79831321845248E-15,0.0142508965357755));
#1790=CARTESIAN_POINT('',(-0.121625688023885,0.00400000000000007,0.014250896403733));
#1791=CARTESIAN_POINT('',(-0.121625688023886,2.60208521396521E-17,0.014250896403733));
#1792=CARTESIAN_POINT('',(-0.121738757681153,0.00399999999999811,0.0140498500749999));
#1793=CARTESIAN_POINT('',(-0.121738757681153,-1.93074722876219E-15,0.0140498500749999));
#1794=CARTESIAN_POINT('',(-0.121886170666525,0.00399999999999586,0.0136020116464977));
#1795=CARTESIAN_POINT('',(-0.121886170666525,-4.18068357710411E-15,0.0136020116464977));
#1796=CARTESIAN_POINT('',(-0.121407337355372,0.00399999999999808,0.0134999999999728));
#1797=CARTESIAN_POINT('',(-0.121407337355373,-1.96283961306776E-15,0.0134999999999728));
#1798=CARTESIAN_POINT('',(-0.121193130823443,0.00400000000000005,0.0135));
#1799=CARTESIAN_POINT('',(-0.121193130823443,8.67361737988404E-19,0.0135));
#1800=CARTESIAN_POINT('',(-0.115625688023887,0.00400000000000015,0.000250896403724372));
#1801=CARTESIAN_POINT('',(-0.115625688023888,-1.08177355961914E-14,0.00025089640372434));
#1802=CARTESIAN_POINT('',(-0.115738757681223,0.00399999999999588,4.98500750177455E-5));
#1803=CARTESIAN_POINT('',(-0.115738757681224,-1.50955636879502E-14,4.98500750177136E-5));
#1804=CARTESIAN_POINT('',(-0.115886170666515,0.00399999999998817,-0.000397988353524055));
#1805=CARTESIAN_POINT('',(-0.115886170666515,-2.27994706447632E-14,-0.000397988353524087));
#1806=CARTESIAN_POINT('',(-0.115407337355365,0.00400000000000426,-0.000500000000017732));
#1807=CARTESIAN_POINT('',(-0.115407337355365,-6.71251249029226E-15,-0.000500000000017764));
#1808=CARTESIAN_POINT('',(-0.115193130823448,0.00400000000001097,-0.000499999999999985));
#1809=CARTESIAN_POINT('',(-0.115193130823448,-8.67361737988404E-19,-0.000500000000000017));
#1810=CARTESIAN_POINT('',(0.115625687949631,-3.52237194364891E-15,0.00025089653576788));
#1811=CARTESIAN_POINT('',(0.115625687949631,0.00400000000000301,0.00025089653576786));
#1812=CARTESIAN_POINT('',(0.115738757633778,-3.80270405451008E-15,4.98501863288958E-5));
#1813=CARTESIAN_POINT('',(0.115738757633778,0.00400000000000273,4.98501863288756E-5));
#1814=CARTESIAN_POINT('',(0.115886170732074,-4.82233165635238E-15,-0.000397988315597042));
#1815=CARTESIAN_POINT('',(0.115886170732074,0.00400000000000171,-0.000397988315597062));
#1816=CARTESIAN_POINT('',(0.115407337378829,-3.58965324398865E-15,-0.000500000000110843));
#1817=CARTESIAN_POINT('',(0.115407337378829,0.00400000000000295,-0.000500000000110864));
#1818=CARTESIAN_POINT('',(0.115193130823442,-3.47985529280933E-15,-0.00049999999999997));
#1819=CARTESIAN_POINT('',(0.115193130823442,0.00400000000000306,-0.00049999999999999));
#1820=CARTESIAN_POINT('',(0.14,0.005,-0.0065));
#1821=CARTESIAN_POINT('',(0.13,0.005,-0.0065));
#1822=CARTESIAN_POINT('',(0.13,0.005,-0.0065));
#1823=CARTESIAN_POINT('',(0.13,0.002,-0.0065));
#1824=CARTESIAN_POINT('',(0.130000000000003,0.002,-0.0065));
#1825=CARTESIAN_POINT('',(0.136666666666668,0.002,-0.0065));
#1826=CARTESIAN_POINT('',(0.143333333333334,0.002,-0.0065));
#1827=CARTESIAN_POINT('',(0.15,0.002,-0.0065));
#1828=CARTESIAN_POINT('',(0.14,0.005,-0.0065));
#1829=CARTESIAN_POINT('',(0.13,0.005,-0.012));
#1830=CARTESIAN_POINT('',(0.13,0.002,-0.017499999999997));
#1831=CARTESIAN_POINT('',(0.13,0.002,-0.0138333333333314));
#1832=CARTESIAN_POINT('',(0.13,0.002,-0.0101666666666657));
#1833=CARTESIAN_POINT('',(0.13,0.002,-0.00650000000000008));
#1834=CARTESIAN_POINT('',(0.13,0.005,-0.012));
#1835=CARTESIAN_POINT('',(-2.77555756156289E-17,0.005,2.49875000000003E-5));
#1836=CARTESIAN_POINT('',(0.1425,0.005,-0.011));
#1837=CARTESIAN_POINT('',(0.1425,0.005,-0.00959999999999999));
#1838=CARTESIAN_POINT('',(0.1345,0.005,-0.011));
#1839=CARTESIAN_POINT('',(0.1345,0.005,-0.00959999999999999));
#1840=CARTESIAN_POINT('',(-0.14,0.005,-0.0065));
#1841=CARTESIAN_POINT('',(-0.150000000000034,0.002,-0.0065));
#1842=CARTESIAN_POINT('',(-0.143333333333356,0.002,-0.0065));
#1843=CARTESIAN_POINT('',(-0.136666666666678,0.002,-0.0065));
#1844=CARTESIAN_POINT('',(-0.13,0.002,-0.0065));
#1845=CARTESIAN_POINT('',(-0.13,0.002,-0.0065));
#1846=CARTESIAN_POINT('',(-0.13,0.005,-0.0065));
#1847=CARTESIAN_POINT('',(-0.13,0.005,-0.0065));
#1848=CARTESIAN_POINT('',(-0.14,0.005,-0.0065));
#1849=CARTESIAN_POINT('',(-0.13,0.005,-0.012));
#1850=CARTESIAN_POINT('',(-0.13,0.002,-0.00650000000000027));
#1851=CARTESIAN_POINT('',(-0.13,0.002,-0.0101666666666668));
#1852=CARTESIAN_POINT('',(-0.13,0.002,-0.0138333333333334));
#1853=CARTESIAN_POINT('',(-0.13,0.002,-0.0175));
#1854=CARTESIAN_POINT('',(-0.13,0.005,-0.012));
#1855=CARTESIAN_POINT('',(-2.77555756156289E-17,0.005,2.49875000000003E-5));
#1856=CARTESIAN_POINT('',(-0.1345,0.005,-0.011));
#1857=CARTESIAN_POINT('',(-0.1345,0.005,-0.00959999999999999));
#1858=CARTESIAN_POINT('',(-0.1425,0.005,-0.011));
#1859=CARTESIAN_POINT('',(-0.1425,0.005,-0.00959999999999999));
#1860=CARTESIAN_POINT('',(0.127868,0.,-0.0045));
#1861=CARTESIAN_POINT('',(0.15,0.,-0.0045));
#1862=CARTESIAN_POINT('',(0.127868,3.93637794324849E-35,-0.0048));
#1863=CARTESIAN_POINT('',(0.15,3.93637794324849E-35,-0.0048));
#1864=CARTESIAN_POINT('',(0.127868,-1.2556326076288E-19,-0.00509999999999997));
#1865=CARTESIAN_POINT('',(0.15,-1.2556326076288E-19,-0.00509999999999997));
#1866=CARTESIAN_POINT('',(0.127868,0.000199999999999996,-0.00583333333333335));
#1867=CARTESIAN_POINT('',(0.15,0.000199999999999996,-0.00583333333333335));
#1868=CARTESIAN_POINT('',(0.127868,0.000666666666666662,-0.00630000000000005));
#1869=CARTESIAN_POINT('',(0.15,0.000666666666666662,-0.00630000000000005));
#1870=CARTESIAN_POINT('',(0.127868,0.00139999999999999,-0.0065));
#1871=CARTESIAN_POINT('',(0.15,0.00139999999999999,-0.0065));
#1872=CARTESIAN_POINT('',(0.127868,0.0017,-0.0065));
#1873=CARTESIAN_POINT('',(0.15,0.0017,-0.0065));
#1874=CARTESIAN_POINT('',(0.127868,0.00200000000000001,-0.0065));
#1875=CARTESIAN_POINT('',(0.15,0.00200000000000001,-0.0065));
#1876=CARTESIAN_POINT('',(0.13,0.00200000000000002,-0.0065));
#1877=CARTESIAN_POINT('',(0.13,0.00189856176520511,-0.0065));
#1878=CARTESIAN_POINT('',(0.129994700920399,0.00171095429225979,-0.00649685693242965));
#1879=CARTESIAN_POINT('',(0.129975200733139,0.00145652353838967,-0.00647395693573688));
#1880=CARTESIAN_POINT('',(0.129864978813251,0.00102190413782503,-0.00636539292971258));
#1881=CARTESIAN_POINT('',(0.129699508933147,0.000731414355688875,-0.00619951038116392));
#1882=CARTESIAN_POINT('',(0.12952318571916,0.000514227972290119,-0.0060232743085416));
#1883=CARTESIAN_POINT('',(0.129343646664187,0.000359713372250072,-0.00584378132551712));
#1884=CARTESIAN_POINT('',(0.129233742941884,0.000286338261953473,-0.00573311570718373));
#1885=CARTESIAN_POINT('',(0.129091382697644,0.000205655290251257,-0.00558881570239277));
#1886=CARTESIAN_POINT('',(0.128988182886263,0.000159998570718421,-0.00548770032245368));
#1887=CARTESIAN_POINT('',(0.128842306774228,0.000105254161904482,-0.00534246997651116));
#1888=CARTESIAN_POINT('',(0.128680222892657,6.04219349080006E-5,-0.00518023750700255));
#1889=CARTESIAN_POINT('',(0.128604927432037,4.50691979758531E-5,-0.00510470577237056));
#1890=CARTESIAN_POINT('',(0.128477294215541,2.22175544653936E-5,-0.00497617601077355));
#1891=CARTESIAN_POINT('',(0.128274163852187,8.55516108914793E-7,-0.00477190167722497));
#1892=CARTESIAN_POINT('',(0.128106136848898,0.,-0.00460613684889731));
#1893=CARTESIAN_POINT('',(0.128,0.,-0.0045));
#1894=CARTESIAN_POINT('',(0.128,0.,-0.0175));
#1895=CARTESIAN_POINT('',(0.128,0.,-0.004422));
#1896=CARTESIAN_POINT('',(0.1283,0.,-0.0175));
#1897=CARTESIAN_POINT('',(0.1283,0.,-0.004422));
#1898=CARTESIAN_POINT('',(0.1286,-4.25613248348661E-17,-0.0175));
#1899=CARTESIAN_POINT('',(0.1286,-4.25613248348661E-17,-0.004422));
#1900=CARTESIAN_POINT('',(0.129333333333334,0.000199999999999898,-0.0175));
#1901=CARTESIAN_POINT('',(0.129333333333334,0.000199999999999898,-0.004422));
#1902=CARTESIAN_POINT('',(0.1298,0.000666666666666518,-0.0175));
#1903=CARTESIAN_POINT('',(0.1298,0.000666666666666518,-0.004422));
#1904=CARTESIAN_POINT('',(0.13,0.00140000000000001,-0.0175));
#1905=CARTESIAN_POINT('',(0.13,0.00140000000000001,-0.004422));
#1906=CARTESIAN_POINT('',(0.13,0.0017,-0.0175));
#1907=CARTESIAN_POINT('',(0.13,0.0017,-0.004422));
#1908=CARTESIAN_POINT('',(0.13,0.002,-0.0175));
#1909=CARTESIAN_POINT('',(0.13,0.002,-0.004422));
#1910=CARTESIAN_POINT('',(-0.150000000000034,0.,-0.00449999999999998));
#1911=CARTESIAN_POINT('',(-0.127867999999969,0.,-0.00449999999999998));
#1912=CARTESIAN_POINT('',(-0.150000000000034,-1.45674401084056E-33,-0.00480000000000001));
#1913=CARTESIAN_POINT('',(-0.127867999999969,-1.45674401084056E-33,-0.00480000000000001));
#1914=CARTESIAN_POINT('',(-0.150000000000034,2.17429653205796E-18,-0.00509999999999997));
#1915=CARTESIAN_POINT('',(-0.127867999999969,2.17429653205796E-18,-0.00509999999999997));
#1916=CARTESIAN_POINT('',(-0.150000000000034,0.000200000000000009,-0.00583333333333332));
#1917=CARTESIAN_POINT('',(-0.127867999999969,0.000200000000000009,-0.00583333333333332));
#1918=CARTESIAN_POINT('',(-0.150000000000034,0.000666666666666682,-0.00630000000000001));
#1919=CARTESIAN_POINT('',(-0.127867999999969,0.000666666666666682,-0.00630000000000001));
#1920=CARTESIAN_POINT('',(-0.150000000000034,0.0014,-0.0065));
#1921=CARTESIAN_POINT('',(-0.127867999999969,0.0014,-0.0065));
#1922=CARTESIAN_POINT('',(-0.150000000000034,0.00170000000000001,-0.0065));
#1923=CARTESIAN_POINT('',(-0.127867999999969,0.00170000000000001,-0.0065));
#1924=CARTESIAN_POINT('',(-0.150000000000034,0.002,-0.0065));
#1925=CARTESIAN_POINT('',(-0.127867999999969,0.002,-0.0065));
#1926=CARTESIAN_POINT('',(-0.128,0.,-0.00449999999999997));
#1927=CARTESIAN_POINT('',(-0.12810615807367,0.,-0.00460615807366998));
#1928=CARTESIAN_POINT('',(-0.128273746686069,9.20831190333821E-7,-0.00477153190469863));
#1929=CARTESIAN_POINT('',(-0.12847506855075,2.19304447952794E-5,-0.00497398238364615));
#1930=CARTESIAN_POINT('',(-0.12860183963417,4.45054823676975E-5,-0.00510162544012979));
#1931=CARTESIAN_POINT('',(-0.128675083976895,5.91516990859241E-5,-0.00517509653127924));
#1932=CARTESIAN_POINT('',(-0.128839808353894,0.000104538169010133,-0.00533997233039693));
#1933=CARTESIAN_POINT('',(-0.128945745735492,0.000143673468154951,-0.00544546356421616));
#1934=CARTESIAN_POINT('',(-0.12903675377271,0.000182067905536111,-0.00553531823027808));
#1935=CARTESIAN_POINT('',(-0.129104640597277,0.000213844005507412,-0.00560244502231557));
#1936=CARTESIAN_POINT('',(-0.129231258447582,0.000284547861804411,-0.00573060139130109));
#1937=CARTESIAN_POINT('',(-0.129338413352532,0.000355980081735913,-0.00583855410562542));
#1938=CARTESIAN_POINT('',(-0.129518981019803,0.000509856734648286,-0.00601907506370762));
#1939=CARTESIAN_POINT('',(-0.129695579789304,0.000725569725317679,-0.00619559914974444));
#1940=CARTESIAN_POINT('',(-0.129862031399931,0.00101504250216818,-0.00636245376296378));
#1941=CARTESIAN_POINT('',(-0.129973917218899,0.00144760279627688,-0.0064726307693584));
#1942=CARTESIAN_POINT('',(-0.129994550991639,0.00170706380538295,-0.00649678212820635));
#1943=CARTESIAN_POINT('',(-0.13,0.00189715327461785,-0.0065));
#1944=CARTESIAN_POINT('',(-0.13,0.00200000000000004,-0.0065));
#1945=CARTESIAN_POINT('',(-0.128000000000002,0.,-0.00442199999999997));
#1946=CARTESIAN_POINT('',(-0.128000000000002,0.,-0.0175));
#1947=CARTESIAN_POINT('',(-0.1283,0.,-0.00442199999999997));
#1948=CARTESIAN_POINT('',(-0.1283,0.,-0.0175));
#1949=CARTESIAN_POINT('',(-0.128600000000002,-1.46183990838275E-16,-0.00442199999999997));
#1950=CARTESIAN_POINT('',(-0.128600000000002,-1.46183990838275E-16,-0.0175));
#1951=CARTESIAN_POINT('',(-0.129333333333334,0.000199999999999658,-0.00442199999999997));
#1952=CARTESIAN_POINT('',(-0.129333333333334,0.000199999999999658,-0.0175));
#1953=CARTESIAN_POINT('',(-0.129800000000001,0.000666666666666135,-0.00442199999999997));
#1954=CARTESIAN_POINT('',(-0.129800000000001,0.000666666666666135,-0.0175));
#1955=CARTESIAN_POINT('',(-0.13,0.0014,-0.00442199999999997));
#1956=CARTESIAN_POINT('',(-0.13,0.0014,-0.0175));
#1957=CARTESIAN_POINT('',(-0.13,0.0017,-0.00442199999999997));
#1958=CARTESIAN_POINT('',(-0.13,0.0017,-0.0175));
#1959=CARTESIAN_POINT('',(-0.13,0.00200000000000004,-0.00442199999999997));
#1960=CARTESIAN_POINT('',(-0.13,0.00200000000000004,-0.0175));
#1961=CARTESIAN_POINT('',(-0.01,0.005,-0.0105));
#1962=CARTESIAN_POINT('',(-0.01,0.002,-0.0175000000000007));
#1963=CARTESIAN_POINT('',(-0.01,0.002,-0.0128333333333338));
#1964=CARTESIAN_POINT('',(-0.01,0.002,-0.00816666666666683));
#1965=CARTESIAN_POINT('',(-0.01,0.002,-0.00349999999999988));
#1966=CARTESIAN_POINT('',(-0.01,0.002,-0.0035));
#1967=CARTESIAN_POINT('',(-0.01,0.005,-0.0035));
#1968=CARTESIAN_POINT('',(-0.01,0.005,-0.0035));
#1969=CARTESIAN_POINT('',(-0.01,0.005,-0.0105));
#1970=CARTESIAN_POINT('',(1.38777878078145E-17,0.005,-0.0035));
#1971=CARTESIAN_POINT('',(-0.00999999999999999,0.002,-0.0035));
#1972=CARTESIAN_POINT('',(-0.00333333333333332,0.002,-0.0035));
#1973=CARTESIAN_POINT('',(0.00333333333333335,0.002,-0.0035));
#1974=CARTESIAN_POINT('',(0.01,0.002,-0.0035));
#1975=CARTESIAN_POINT('',(0.01,0.002,-0.0035));
#1976=CARTESIAN_POINT('',(0.01,0.005,-0.0035));
#1977=CARTESIAN_POINT('',(0.01,0.005,-0.0035));
#1978=CARTESIAN_POINT('',(1.38777878078145E-17,0.005,-0.0035));
#1979=CARTESIAN_POINT('',(0.01,0.005,-0.0105));
#1980=CARTESIAN_POINT('',(0.01,0.002,-0.00349999999999986));
#1981=CARTESIAN_POINT('',(0.01,0.002,-0.00816666666666682));
#1982=CARTESIAN_POINT('',(0.01,0.002,-0.0128333333333338));
#1983=CARTESIAN_POINT('',(0.01,0.002,-0.0175000000000008));
#1984=CARTESIAN_POINT('',(0.01,0.005,-0.0105));
#1985=CARTESIAN_POINT('',(-1.70974345792274E-14,0.005,0.));
#1986=CARTESIAN_POINT('',(0.004,0.005,-0.009));
#1987=CARTESIAN_POINT('',(0.004,0.005,-0.00745));
#1988=CARTESIAN_POINT('',(-0.004,0.005,-0.009));
#1989=CARTESIAN_POINT('',(-0.004,0.005,-0.00745));
#1990=CARTESIAN_POINT('',(-0.012,-3.00926553810426E-34,-0.0175000000000008));
#1991=CARTESIAN_POINT('',(-0.012,-3.00926553810426E-34,-0.001404));
#1992=CARTESIAN_POINT('',(-0.0116999999999999,2.6020852139652E-19,-0.0175000000000008));
#1993=CARTESIAN_POINT('',(-0.0116999999999999,2.6020852139652E-19,-0.001404));
#1994=CARTESIAN_POINT('',(-0.0113999999999999,3.39716680712156E-19,-0.0175000000000008));
#1995=CARTESIAN_POINT('',(-0.0113999999999999,3.39716680712156E-19,-0.001404));
#1996=CARTESIAN_POINT('',(-0.0106666666666666,0.000199999999999999,-0.0175000000000008));
#1997=CARTESIAN_POINT('',(-0.0106666666666666,0.000199999999999999,-0.001404));
#1998=CARTESIAN_POINT('',(-0.0101999999999999,0.000666666666666664,-0.0175000000000008));
#1999=CARTESIAN_POINT('',(-0.0101999999999999,0.000666666666666664,-0.001404));
#2000=CARTESIAN_POINT('',(-0.01,0.0014,-0.0175000000000008));
#2001=CARTESIAN_POINT('',(-0.01,0.0014,-0.001404));
#2002=CARTESIAN_POINT('',(-0.01,0.0017,-0.0175000000000008));
#2003=CARTESIAN_POINT('',(-0.01,0.0017,-0.001404));
#2004=CARTESIAN_POINT('',(-0.01,0.002,-0.0175000000000008));
#2005=CARTESIAN_POINT('',(-0.01,0.002,-0.001404));
#2006=CARTESIAN_POINT('',(-0.012,0.,-0.0015));
#2007=CARTESIAN_POINT('',(-0.0118938419254497,9.20774520434242E-20,-0.00160615807455105));
#2008=CARTESIAN_POINT('',(-0.0117284680937305,9.20831252569899E-7,-0.00177374668759708));
#2009=CARTESIAN_POINT('',(-0.0115260176151072,2.19304449800608E-5,-0.00197506855192395));
#2010=CARTESIAN_POINT('',(-0.0113983745592535,4.45054824901366E-5,-0.00210183963474404));
#2011=CARTESIAN_POINT('',(-0.0113249034685682,5.91516991479435E-5,-0.00217508397704168));
#2012=CARTESIAN_POINT('',(-0.01116002767083,0.000104538168639471,-0.00233980835273275));
#2013=CARTESIAN_POINT('',(-0.0110545364372025,0.000143673467596307,-0.00244574573412231));
#2014=CARTESIAN_POINT('',(-0.0109646817709157,0.000182067904975931,-0.00253675377152452));
#2015=CARTESIAN_POINT('',(-0.0108975549769604,0.000213844005852276,-0.00260464059799537));
#2016=CARTESIAN_POINT('',(-0.010769398609246,0.000284547861500945,-0.00273125844704314));
#2017=CARTESIAN_POINT('',(-0.0106614458942165,0.000355980081827683,-0.00283841335268178));
#2018=CARTESIAN_POINT('',(-0.0104809249363773,0.000509856734584389,-0.00301898101973989));
#2019=CARTESIAN_POINT('',(-0.0103044008502786,0.000725569725256876,-0.00319557978929176));
#2020=CARTESIAN_POINT('',(-0.0101375462370288,0.00101504250217922,-0.00336203139993451));
#2021=CARTESIAN_POINT('',(-0.0100273692306406,0.00144760279630439,-0.00347391721889878));
#2022=CARTESIAN_POINT('',(-0.0100032178717969,0.00170706380533105,-0.00349455099163945));
#2023=CARTESIAN_POINT('',(-0.01,0.00189715327459544,-0.00349999999999999));
#2024=CARTESIAN_POINT('',(-0.01,0.002,-0.00349999999999999));
#2025=CARTESIAN_POINT('',(-0.012144,-4.26735793277633E-44,-0.00149999999999999));
#2026=CARTESIAN_POINT('',(0.012144,-4.26735793277633E-44,-0.00149999999999999));
#2027=CARTESIAN_POINT('',(-0.012144,-5.1092581108743E-30,-0.00179999999999999));
#2028=CARTESIAN_POINT('',(0.012144,-5.1092581108743E-30,-0.00179999999999999));
#2029=CARTESIAN_POINT('',(-0.012144,6.72812500152697E-19,-0.00209999999999998));
#2030=CARTESIAN_POINT('',(0.012144,6.72812500152697E-19,-0.00209999999999998));
#2031=CARTESIAN_POINT('',(-0.012144,0.000200000000000003,-0.00283333333333332));
#2032=CARTESIAN_POINT('',(0.012144,0.000200000000000003,-0.00283333333333332));
#2033=CARTESIAN_POINT('',(-0.012144,0.000666666666666664,-0.00329999999999998));
#2034=CARTESIAN_POINT('',(0.012144,0.000666666666666664,-0.00329999999999998));
#2035=CARTESIAN_POINT('',(-0.012144,0.0014,-0.00349999999999996));
#2036=CARTESIAN_POINT('',(0.012144,0.0014,-0.00349999999999996));
#2037=CARTESIAN_POINT('',(-0.012144,0.00169999999999999,-0.00349999999999995));
#2038=CARTESIAN_POINT('',(0.012144,0.00169999999999999,-0.00349999999999995));
#2039=CARTESIAN_POINT('',(-0.012144,0.00199999999999999,-0.00349999999999995));
#2040=CARTESIAN_POINT('',(0.012144,0.00199999999999999,-0.00349999999999995));
#2041=CARTESIAN_POINT('',(0.012,0.,-0.00149999999999999));
#2042=CARTESIAN_POINT('',(0.0118938419253875,-1.80748256178683E-30,-0.0016061580746125));
#2043=CARTESIAN_POINT('',(0.0117262533122975,9.20831256635358E-7,-0.0017715319063794));
#2044=CARTESIAN_POINT('',(0.0115249314479927,2.19304449935779E-5,-0.00197398238498239));
#2045=CARTESIAN_POINT('',(0.0113981603652185,4.4505482498027E-5,-0.00210162544078749));
#2046=CARTESIAN_POINT('',(0.011324916022938,5.91516991553319E-5,-0.00217509653145255));
#2047=CARTESIAN_POINT('',(0.0111601916473858,0.000104538168602147,-0.00233997232904593));
#2048=CARTESIAN_POINT('',(0.0110542542660154,0.000143673467540616,-0.00244546356265614));
#2049=CARTESIAN_POINT('',(0.0109632462285951,0.000182067904919924,-0.00253531822896479));
#2050=CARTESIAN_POINT('',(0.0108953594019321,0.000213844005887016,-0.0026024450231124));
#2051=CARTESIAN_POINT('',(0.0107687415530118,0.000284547861468688,-0.00273060139069575));
#2052=CARTESIAN_POINT('',(0.0106615866473043,0.000355980081835492,-0.00283855410579805));
#2053=CARTESIAN_POINT('',(0.010481018980261,0.000509856734585631,-0.00301907506362237));
#2054=CARTESIAN_POINT('',(0.010304420210702,0.000725569725264076,-0.00319559914972741));
#2055=CARTESIAN_POINT('',(0.0101379686000676,0.00101504250217811,-0.00336245376296909));
#2056=CARTESIAN_POINT('',(0.0100260827811009,0.00144760279630062,-0.00347263076935933));
#2057=CARTESIAN_POINT('',(0.0100054490083606,0.00170706380533809,-0.00349678212820346));
#2058=CARTESIAN_POINT('',(0.01,0.00189715327459845,-0.00349999999999995));
#2059=CARTESIAN_POINT('',(0.01,0.00199999999999998,-0.00349999999999995));
#2060=CARTESIAN_POINT('',(0.0120000000000002,0.,-0.00140399999999998));
#2061=CARTESIAN_POINT('',(0.0120000000000002,0.,-0.0175000000000007));
#2062=CARTESIAN_POINT('',(0.0117,-1.15092369770368E-32,-0.00140399999999998));
#2063=CARTESIAN_POINT('',(0.0117,-1.15092369770368E-32,-0.0175000000000007));
#2064=CARTESIAN_POINT('',(0.0113999999999999,1.76272769529067E-17,-0.00140399999999998));
#2065=CARTESIAN_POINT('',(0.0113999999999999,1.76272769529067E-17,-0.0175000000000007));
#2066=CARTESIAN_POINT('',(0.0106666666666664,0.000200000000000041,-0.00140399999999998));
#2067=CARTESIAN_POINT('',(0.0106666666666664,0.000200000000000041,-0.0175000000000007));
#2068=CARTESIAN_POINT('',(0.0102,0.000666666666666724,-0.00140399999999998));
#2069=CARTESIAN_POINT('',(0.0102,0.000666666666666724,-0.0175000000000007));
#2070=CARTESIAN_POINT('',(0.01,0.0014,-0.00140399999999998));
#2071=CARTESIAN_POINT('',(0.01,0.0014,-0.0175000000000007));
#2072=CARTESIAN_POINT('',(0.01,0.00169999999999998,-0.00140399999999998));
#2073=CARTESIAN_POINT('',(0.01,0.00169999999999998,-0.0175000000000007));
#2074=CARTESIAN_POINT('',(0.01,0.002,-0.00140399999999998));
#2075=CARTESIAN_POINT('',(0.01,0.002,-0.0175000000000007));
#2076=CARTESIAN_POINT('',(0.1345,0.002,-0.011));
#2077=CARTESIAN_POINT('',(0.1345,0.002,-0.011));
#2078=CARTESIAN_POINT('',(0.1345,0.002,-0.00959999999999999));
#2079=CARTESIAN_POINT('',(0.00305,0.002,-0.012));
#2080=CARTESIAN_POINT('',(0.1425,0.002,-0.011));
#2081=CARTESIAN_POINT('',(0.1425,0.002,-0.011));
#2082=CARTESIAN_POINT('',(0.1425,0.002,-0.00959999999999999));
#2083=CARTESIAN_POINT('',(0.00305,0.002,-0.012));
#2084=CARTESIAN_POINT('',(-0.004,0.002,-0.009));
#2085=CARTESIAN_POINT('',(-0.004,0.002,-0.009));
#2086=CARTESIAN_POINT('',(-0.004,0.002,-0.00745));
#2087=CARTESIAN_POINT('',(1.38777878078145E-17,0.002,-0.0105));
#2088=CARTESIAN_POINT('',(0.004,0.002,-0.009));
#2089=CARTESIAN_POINT('',(0.004,0.002,-0.009));
#2090=CARTESIAN_POINT('',(0.004,0.002,-0.00745));
#2091=CARTESIAN_POINT('',(1.38777878078145E-17,0.002,-0.0105));
#2092=CARTESIAN_POINT('',(0.,-0.0025,2.49875000000003E-5));
#2093=CARTESIAN_POINT('',(0.,-0.0025,2.49875000000003E-5));
#2094=CARTESIAN_POINT('',(-0.1425,0.002,-0.011));
#2095=CARTESIAN_POINT('',(-0.1425,0.002,-0.011));
#2096=CARTESIAN_POINT('',(-0.1425,0.002,-0.00959999999999999));
#2097=CARTESIAN_POINT('',(0.00305,0.002,-0.012));
#2098=CARTESIAN_POINT('',(-0.1345,0.002,-0.011));
#2099=CARTESIAN_POINT('',(-0.1345,0.002,-0.011));
#2100=CARTESIAN_POINT('',(-0.1345,0.002,-0.00959999999999999));
#2101=CARTESIAN_POINT('',(0.00305,0.002,-0.012));
#2102=CARTESIAN_POINT('',(-1.70974345792274E-14,-0.002,-3.71230823859037E-16));
#2103=CARTESIAN_POINT('',(-0.0907519832253456,-0.002,-0.0075));
#2104=CARTESIAN_POINT('',(-0.0907519832253456,-0.002,-0.0024));
#2105=CARTESIAN_POINT('',(-0.0907519832253456,-0.002,-0.0075));
#2106=CARTESIAN_POINT('',(-0.0907519832253456,-0.0008,-0.0075));
#2107=CARTESIAN_POINT('',(-0.0907519832253456,-0.0008,-0.0024));
#2108=CARTESIAN_POINT('',(-1.70974345792274E-14,-0.0008,-3.71230823859037E-16));
#2109=CARTESIAN_POINT('',(-1.70974345792274E-14,-0.0008,-3.71230823859037E-16));
#2110=CARTESIAN_POINT('',(-0.0607519832253456,-0.0008,-0.0075));
#2111=CARTESIAN_POINT('',(-0.0607519832253456,-0.0008,-0.0024));
#2112=CARTESIAN_POINT('',(-1.70974345792274E-14,-0.002,-3.71230823859037E-16));
#2113=CARTESIAN_POINT('',(-0.0607519832253456,-0.002,-0.0075));
#2114=CARTESIAN_POINT('',(-0.0607519832253456,-0.002,-0.0024));
#2115=CARTESIAN_POINT('',(-0.0607519832253456,-0.002,-0.0075));
#2116=CARTESIAN_POINT('',(-1.70974345792274E-14,-0.0008,-3.71230823859037E-16));
#2117=CARTESIAN_POINT('',(0.0264480167746544,-0.0008,-0.0075));
#2118=CARTESIAN_POINT('',(0.0264480167746544,-0.0008,-0.0024));
#2119=CARTESIAN_POINT('',(-1.70974345792274E-14,-0.002,-3.71230823859037E-16));
#2120=CARTESIAN_POINT('',(0.0264480167746544,-0.002,-0.0075));
#2121=CARTESIAN_POINT('',(0.0264480167746544,-0.002,-0.0024));
#2122=CARTESIAN_POINT('',(0.0264480167746544,-0.002,-0.0075));
#2123=CARTESIAN_POINT('',(0.,-0.002,2.49875000000003E-5));
#2124=CARTESIAN_POINT('',(-0.00355030316859484,-0.002,-0.00749252177774906));
#2125=CARTESIAN_POINT('',(-0.00355030316859484,-0.002,-0.0125925217777491));
#2126=CARTESIAN_POINT('',(0.,-0.0008,2.49875000000003E-5));
#2127=CARTESIAN_POINT('',(-0.00355030316859484,-0.0008,-0.00749252177774906));
#2128=CARTESIAN_POINT('',(-0.00355030316859484,-0.0008,-0.0125925217777491));
#2129=CARTESIAN_POINT('',(-0.00355030316859484,-0.0008,-0.00749252177774906));
#2130=MECHANICAL_DESIGN_GEOMETRIC_PRESENTATION_REPRESENTATION('',(#964),
#2131);
#2131=(
GEOMETRIC_REPRESENTATION_CONTEXT(3)
GLOBAL_UNCERTAINTY_ASSIGNED_CONTEXT((#2132))
GLOBAL_UNIT_ASSIGNED_CONTEXT((#2135,#2134,#2133))
REPRESENTATION_CONTEXT('side','TOP_LEVEL_ASSEMBLY_PART')
);
#2132=UNCERTAINTY_MEASURE_WITH_UNIT(LENGTH_MEASURE(2.E-5),#2135,
'DISTANCE_ACCURACY_VALUE','Maximum Tolerance applied to model');
#2133=(
NAMED_UNIT(*)
SI_UNIT($,.STERADIAN.)
SOLID_ANGLE_UNIT()
);
#2134=(
NAMED_UNIT(*)
PLANE_ANGLE_UNIT()
SI_UNIT($,.RADIAN.)
);
#2135=(
LENGTH_UNIT()
NAMED_UNIT(*)
SI_UNIT($,.METRE.)
);
#2136=PRODUCT_DEFINITION_SHAPE('','',#2137);
#2137=PRODUCT_DEFINITION('','',#2139,#2138);
#2138=PRODUCT_DEFINITION_CONTEXT('',#2145,'design');
#2139=PRODUCT_DEFINITION_FORMATION_WITH_SPECIFIED_SOURCE('','',#2141,
 .NOT_KNOWN.);
#2140=PRODUCT_RELATED_PRODUCT_CATEGORY('','',(#2141));
#2141=PRODUCT('side','side','side',(#2143));
#2142=PRODUCT_CATEGORY('','');
#2143=PRODUCT_CONTEXT('',#2145,'mechanical');
#2144=APPLICATION_PROTOCOL_DEFINITION('international standard',
'ap242_managed_model_based_3d_engineering',2020,#2145);
#2145=APPLICATION_CONTEXT('managed model based 3d engineering');
ENDSEC;
END-ISO-10303-21;
